mc	mn	mc_onset	mn_onset	timesig	staff	voice	duration	gracenote	nominal_duration	scalar	tied	tpc	midi	volta	chord_id
1	1	0	0	4/4	3	2	1/4		1/4	1		2	38		10
1	1	0	0	4/4	3	2	1/4		1/4	1		-1	41		10
1	1	0	0	4/4	3	1	1/4		1/4	1		2	50		0
1	1	0	0	4/4	3	1	1/4		1/4	1		-1	53		0
1	1	1/4	1/4	4/4	3	2	1/4		1/4	1		0	36		11
1	1	1/4	1/4	4/4	3	2	1/4		1/4	1		4	40		11
1	1	1/4	1/4	4/4	3	1	1/16		1/16	1		0	48		1
1	1	1/4	1/4	4/4	3	1	1/16		1/16	1		4	52		1
1	1	5/16	5/16	4/4	3	1	1/16		1/16	1		3	69		2
1	1	3/8	3/8	4/4	3	1	1/16		1/16	1		2	74		3
1	1	7/16	7/16	4/4	3	1	1/16		1/16	1		2	62		4
1	1	1/2	1/2	4/4	3	2	1/4		1/4	1		-2	46		12
1	1	1/2	1/2	4/4	3	2	1/4		1/4	1		2	50		12
1	1	1/2	1/2	4/4	3	1	1/16		1/16	1		3	69		5
1	1	9/16	9/16	4/4	3	1	1/16		1/16	1		3	57		6
1	1	3/4	3/4	4/4	3	2	1/4		1/4	1		3	45		13
1	1	3/4	3/4	4/4	3	2	1/4		1/4	1		7	49		13
1	1	13/16	13/16	4/4	3	1	1/16		1/16	1		2	62		7
1	1	7/8	7/8	4/4	3	1	1/16		1/16	1		3	69		8
1	1	15/16	15/16	4/4	3	1	1/16		1/16	1		3	57		9
2	2	0	0	4/4	3	1	1/4		1/4	1		2	38		25
2	2	0	0	4/4	3	1	1/4		1/4	1		-1	41		25
2	2	0	0	4/4	2	1	1/16		1/16	1		2	50		14
2	2	0	0	4/4	2	1	1/16		1/16	1		-1	53		14
2	2	0	0	4/4	2	1	1/16		1/16	1		2	62		14
2	2	1/16	1/16	4/4	2	1	1/16		1/16	1		2	50		15
2	2	1/4	1/4	4/4	3	1	1/4		1/4	1		0	36		26
2	2	1/4	1/4	4/4	3	1	1/4		1/4	1		4	40		26
2	2	1/4	1/4	4/4	2	1	1/16		1/16	1		0	48		16
2	2	1/4	1/4	4/4	2	1	1/16		1/16	1		4	52		16
2	2	5/16	5/16	4/4	2	1	1/16		1/16	1		3	69		17
2	2	3/8	3/8	4/4	2	1	1/16		1/16	1		2	74		18
2	2	7/16	7/16	4/4	2	1	1/16		1/16	1		2	62		19
2	2	1/2	1/2	4/4	3	1	1/4		1/4	1		-2	46		27
2	2	1/2	1/2	4/4	3	1	1/4		1/4	1		2	50		27
2	2	1/2	1/2	4/4	2	1	1/16		1/16	1		3	69		20
2	2	9/16	9/16	4/4	2	1	1/16		1/16	1		3	57		21
2	2	3/4	3/4	4/4	3	1	1/4		1/4	1		3	45		28
2	2	3/4	3/4	4/4	3	1	1/4		1/4	1		7	49		28
2	2	13/16	13/16	4/4	2	1	1/16		1/16	1		2	62		22
2	2	7/8	7/8	4/4	2	1	1/16		1/16	1		3	69		23
2	2	15/16	15/16	4/4	2	1	1/16		1/16	1		3	57		24
3	3	0	0	4/4	3	1	1/4		1/4	1		2	50		32
3	3	0	0	4/4	3	2	3/4		1/2	3/2		2	50		36
3	3	0	0	4/4	3	1	1/4		1/4	1		-1	53		32
3	3	0	0	4/4	2	1	3/4		1/2	3/2		2	62		29
3	3	1/4	1/4	4/4	3	1	1/4		1/4	1		0	48		33
3	3	1/4	1/4	4/4	3	1	1/4		1/4	1		4	52		33
3	3	1/2	1/2	4/4	3	1	1/4		1/4	1		-2	46		34
3	3	1/2	1/2	4/4	3	1	1/4		1/4	1		2	50		34
3	3	3/4	3/4	4/4	3	1	1/4		1/4	1		3	45		35
3	3	3/4	3/4	4/4	3	1	1/4		1/4	1		7	49		35
3	3	3/4	3/4	4/4	2	1	1/8		1/8	1		4	52		30
3	3	3/4	3/4	4/4	2	1	1/8		1/8	1		4	64		30
3	3	7/8	7/8	4/4	2	1	1/8		1/8	1		-1	53		31
3	3	7/8	7/8	4/4	2	1	1/8		1/8	1		-1	65		31
4	4	0	0	4/4	3	1	1/4		1/4	1		-2	46		40
4	4	0	0	4/4	3	1	1/4		1/4	1		2	50		40
4	4	0	0	4/4	3	2	3/4		1/2	3/2		2	50		44
4	4	0	0	4/4	2	1	3/4		1/2	3/2		2	62		37
4	4	1/4	1/4	4/4	3	1	1/4		1/4	1		-4	44		41
4	4	1/4	1/4	4/4	3	1	1/4		1/4	1		0	48		41
4	4	1/2	1/2	4/4	3	1	1/4		1/4	1		1	43		42
4	4	1/2	1/2	4/4	3	1	1/4		1/4	1		5	47		42
4	4	3/4	3/4	4/4	3	1	1/4		1/4	1		-6	42		43
4	4	3/4	3/4	4/4	3	1	1/4		1/4	1		-2	46		43
4	4	3/4	3/4	4/4	2	1	1/8		1/8	1		4	52		38
4	4	3/4	3/4	4/4	2	1	1/8		1/8	1		4	64		38
4	4	7/8	7/8	4/4	2	1	1/8		1/8	1		-1	53		39
4	4	7/8	7/8	4/4	2	1	1/8		1/8	1		-1	65		39
5	5	0	0	4/4	3	1	1/4		1/4	1		-1	29		49
5	5	0	0	4/4	3	1	1/4		1/4	1		-1	41		49
5	5	0	0	4/4	2	2	1		1	1		2	62		47
5	5	0	0	4/4	2	1	1/2		1/2	1		2	74		45
5	5	1/4	1/4	4/4	3	1	1/4		1/4	1		1	31		50
5	5	1/4	1/4	4/4	3	1	1/4		1/4	1		1	43		50
5	5	1/2	1/2	4/4	3	1	1/4		1/4	1		8	32		51
5	5	1/2	1/2	4/4	3	1	1/4		1/4	1		8	44		51
5	5	1/2	1/2	4/4	2	1	1/2		1/2	1		7	73		46
5	5	3/4	3/4	4/4	3	1	1/4		1/4	1		3	33		52
5	5	3/4	3/4	4/4	3	1	1/4		1/4	1		3	45		52
5	5	1	1	4/4	2	2	1		1	1		-1	65		48
6	6	0	0	4/4	3	1	1/4		1/4	1		2	38		58
6	6	0	0	4/4	3	1	1/4		1/4	1		2	50		58
6	6	0	0	4/4	2	2	3/4		1/2	3/2		2	62		56
6	6	0	0	4/4	2	1	3/4		1/2	3/2		0	72		53
6	6	1/4	1/4	4/4	3	1	1/4		1/4	1		7	37		59
6	6	1/4	1/4	4/4	3	1	1/4		1/4	1		7	49		59
6	6	1/2	1/2	4/4	3	1	1/4		1/4	1		0	36		60
6	6	1/2	1/2	4/4	3	1	1/4		1/4	1		0	48		60
6	6	3/4	3/4	4/4	3	1	1/4		1/4	1		5	35		61
6	6	3/4	3/4	4/4	3	1	1/4		1/4	1		5	47		61
6	6	3/4	3/4	4/4	2	1	1/8		1/8	1		4	64		54
6	6	3/4	3/4	4/4	2	2	3/4		1/2	3/2		-1	65		57
6	6	7/8	7/8	4/4	2	1	1/8		1/8	1		-1	65		55
7	7	0	0	4/4	3	1	1/2		1/2	1		-2	34		69
7	7	0	0	4/4	3	1	1/2		1/2	1		-2	46		69
7	7	0	0	4/4	2	2	1/2		1/2	1		2	62		66
7	7	0	0	4/4	2	2	1/2		1/2	1		-1	65		66
7	7	0	0	4/4	2	1	1/4		1/4	1		4	76		62
7	7	1/4	1/4	4/4	2	1	1/4		1/4	1		2	74		63
7	7	1/2	1/2	4/4	3	1	1/2		1/2	1		3	33		70
7	7	1/2	1/2	4/4	3	1	1/2		1/2	1		3	45		70
7	7	1/2	1/2	4/4	2	2	1/2		1/2	1		2	62		67
7	7	1/2	1/2	4/4	2	1	1/4		1/4	1		7	73		64
7	7	3/4	3/4	4/4	2	1	1/4		1/4	1		0	72		65
7	7	1	1	4/4	2	2	1/2		1/2	1		-1	65		68
8	8	0	0	4/4	3	1	1/2		1/2	1		-4	32		80
8	8	0	0	4/4	3	1	1/2		1/2	1		-4	44		80
8	8	0	0	4/4	2	3	1/2		1/2	1		2	62		78
8	8	0	0	4/4	2	2	1/4		1/4	1		-1	65		74
8	8	0	0	4/4	2	1	3/4		1/2	3/2		0	72		71
8	8	1/4	1/4	4/4	2	2	1/4		1/4	1		4	64		75
8	8	1/2	1/2	4/4	3	1	1/4		1/4	1		1	31		81
8	8	1/2	1/2	4/4	3	1	1/4		1/4	1		1	43		81
8	8	1/2	1/2	4/4	2	3	1/2		1/2	1		0	60		79
8	8	1/2	1/2	4/4	2	2	1/4		1/4	1		-3	63		76
8	8	3/4	3/4	4/4	3	1	1/4		1/4	1		-1	29		82
8	8	3/4	3/4	4/4	3	1	1/4		1/4	1		-1	41		82
8	8	3/4	3/4	4/4	2	2	1/4		1/4	1		2	62		77
8	8	3/4	3/4	4/4	2	1	1/8		1/8	1		6	66		72
8	8	7/8	7/8	4/4	2	1	1/8		1/8	1		1	67		73
9	9	0	0	4/4	2	1	0	acciaccatura	1/8	1		1	67		83
9	9	0	0	4/4	3	2	1/2		1/2	1		-3	39		92
9	9	0	0	4/4	3	1	1		1	1		0	48		91
9	9	0	0	4/4	3	1	1		1	1		1	55		91
9	9	0	0	4/4	2	1	1/4		1/4	1		1	79		84
9	9	1/4	1/4	4/4	2	1	1/8		1/8	1		6	66		85
9	9	3/8	3/8	4/4	2	1	1/8		1/8	1		1	67		86
9	9	1/2	1/2	4/4	2	1	0	acciaccatura	1/8	1		1	67		87
9	9	1/2	1/2	4/4	3	2	1/4		1/4	1		2	38		93
9	9	1/2	1/2	4/4	2	1	1/4		1/4	1		-1	77		88
9	9	3/4	3/4	4/4	3	2	1/4		1/4	1		-5	37		94
9	9	3/4	3/4	4/4	2	1	1/8		1/8	1		6	66		89
9	9	7/8	7/8	4/4	2	1	1/8		1/8	1		1	67		90
10	10	0	0	4/4	3	1	1/4		1/4	1		0	36		102
10	10	0	0	4/4	3	1	1/4		1/4	1		0	48		102
10	10	0	0	4/4	2	2	1		1	1		-3	63		101
10	10	0	0	4/4	2	2	1		1	1		1	67		101
10	10	0	0	4/4	2	1	1/8		1/8	1		-1	77		95
10	10	1/8	1/8	4/4	2	1	1/8		1/8	1		-3	75		96
10	10	1/4	1/4	4/4	3	1	1/4		1/4	1		5	35		103
10	10	1/4	1/4	4/4	3	1	1/4		1/4	1		5	47		103
10	10	1/4	1/4	4/4	2	1	3/8		1/4	3/2		-3	75		97
10	10	1/2	1/2	4/4	3	1	1/4		1/4	1		-2	34		104
10	10	1/2	1/2	4/4	3	1	1/4		1/4	1		-2	46		104
10	10	5/8	5/8	4/4	2	1	1/8		1/8	1		2	74		98
10	10	3/4	3/4	4/4	3	1	1/4		1/4	1		3	33		105
10	10	3/4	3/4	4/4	3	1	1/4		1/4	1		3	45		105
10	10	3/4	3/4	4/4	2	1	1/8		1/8	1		-5	73		99
10	10	7/8	7/8	4/4	2	1	1/8		1/8	1		0	72		100
11	11	0	0	4/4	3	1	1/2		1/2	1		-4	32		116
11	11	0	0	4/4	3	1	1/2		1/2	1		-4	44		116
11	11	0	0	4/4	2	2	1/2		1/2	1		-3	63		114
11	11	0	0	4/4	2	2	1/2		1/2	1		6	66		114
11	11	0	0	4/4	2	1	1/8		1/8	1		-3	75		106
11	11	1/8	1/8	4/4	2	1	1/8		1/8	1		2	74		107
11	11	1/4	1/4	4/4	2	1	1/8		1/8	1		-5	73		108
11	11	3/8	3/8	4/4	2	1	1/8		1/8	1		0	72		109
11	11	1/2	1/2	4/4	3	1	1/2		1/2	1		1	31		117
11	11	1/2	1/2	4/4	3	1	1/2		1/2	1		1	43		117
11	11	1/2	1/2	4/4	2	2	1/2		1/2	1		0	60		115
11	11	1/2	1/2	4/4	2	2	1/2		1/2	1		-3	63		115
11	11	1/2	1/2	4/4	2	1	1/8		1/8	1		5	71		110
11	11	5/8	5/8	4/4	2	1	1/8		1/8	1		-4	68		111
11	11	3/4	3/4	4/4	2	1	1/8		1/8	1		1	67		112
11	11	7/8	7/8	4/4	2	1	1/8		1/8	1		6	66		113
12	12	0	0	4/4	3	2	1/4		1/4	1		-5	49		128
12	12	0	0	4/4	3	1	1/2		1/2	1		-4	56		125
12	12	0	0	4/4	2	1	1/2		1/2	1	1	-1	65		118
12	12	1/4	1/4	4/4	3	2	1/4		1/4	1		0	48		129
12	12	1/2	1/2	4/4	3	2	1/4		1/4	1		5	47		130
12	12	1/2	1/2	4/4	3	1	1/4		1/4	1		3	57		126
12	12	1/2	1/2	4/4	2	2	1/4		1/4	1		-3	63		123
12	12	1/2	1/2	4/4	2	1	1/8		1/8	1	-1	-1	65		119
12	12	5/8	5/8	4/4	2	1	1/8		1/8	1		-4	68		120
12	12	3/4	3/4	4/4	3	2	1/4		1/4	1		-2	46		131
12	12	3/4	3/4	4/4	3	1	1/4		1/4	1		-4	56		127
12	12	3/4	3/4	4/4	2	2	1/4		1/4	1		2	62		124
12	12	3/4	3/4	4/4	2	1	1/8		1/8	1		1	67		121
12	12	7/8	7/8	4/4	2	1	1/8		1/8	1		-6	66		122
13	13	0	0	4/4	3	3	1/4		1/4	1		-5	49		143
13	13	0	0	4/4	3	2	3/4		1/2	3/2		-4	56		141
13	13	0	0	4/4	3	1	1/4		1/4	1		-7	59		137
13	13	0	0	4/4	2	1	1/2		1/2	1		-1	65		132
13	13	1/4	1/4	4/4	3	3	1/4		1/4	1		0	48		144
13	13	1/4	1/4	4/4	3	1	1/4		1/4	1		0	60		138
13	13	1/2	1/2	4/4	3	3	1/4		1/4	1		5	47		145
13	13	1/2	1/2	4/4	3	1	1/4		1/4	1		-5	61		139
13	13	1/2	1/2	4/4	2	1	1/8		1/8	1		-1	65		133
13	13	5/8	5/8	4/4	2	1	1/8		1/8	1		-4	68		134
13	13	3/4	3/4	4/4	3	3	1/4		1/4	1		0	48		146
13	13	3/4	3/4	4/4	3	2	1/4		1/4	1		-2	58		142
13	13	3/4	3/4	4/4	3	1	1/4		1/4	1		4	64		140
13	13	3/4	3/4	4/4	2	1	1/8		1/8	1		1	67		135
13	13	7/8	7/8	4/4	2	1	1/8		1/8	1		-6	66		136
14	14	0	0	4/4	3	3	1/2		1/2	1		-1	41		161
14	14	0	0	4/4	3	1	1/2		1/2	1		3	57		155
14	14	0	0	4/4	2	1	1/8		1/8	1		-1	65		147
14	14	1/8	1/8	4/4	3	2	1/4		1/4	1		4	52		157
14	14	1/8	1/8	4/4	2	1	1/8		1/8	1		2	62		148
14	14	1/4	1/4	4/4	2	1	1/8		1/8	1		-1	65		149
14	14	3/8	3/8	4/4	3	2	1/4		1/4	1		-3	51		158
14	14	3/8	3/8	4/4	2	1	1/8		1/8	1		-5	61		150
14	14	1/2	1/2	4/4	3	3	1/4		1/4	1		-2	34		162
14	14	1/2	1/2	4/4	3	1	1/2		1/2	1		-1	53		156
14	14	1/2	1/2	4/4	2	1	1/8		1/8	1		-1	65		151
14	14	5/8	5/8	4/4	3	2	1/4		1/4	1		2	50		159
14	14	5/8	5/8	4/4	2	1	1/8		1/8	1		0	60		152
14	14	3/4	3/4	4/4	3	3	1/4		1/4	1		-5	37		163
14	14	3/4	3/4	4/4	2	1	1/8		1/8	1		-1	65		153
14	14	7/8	7/8	4/4	3	2	1/8		1/8	1		-5	49		160
14	14	7/8	7/8	4/4	2	1	1/8		1/8	1		5	59		154
15	15	0	0	4/4	2	1	0	acciaccatura	1/8	1		-1	53		164
15	15	0	0	4/4	3	1	0	acciaccatura	1/8	1		2	38		171
15	15	0	0	4/4	3	1	1/4		1/4	1		2	50		172
15	15	0	0	4/4	2	1	1/8		1/8	1		-1	65		165
15	15	1/8	1/8	4/4	2	1	1/8		1/8	1		3	57		166
15	15	1/4	1/4	4/4	3	1	1/4		1/4	1		7	49		173
15	15	1/4	1/4	4/4	2	1	1/2		1/2	1		3	57		167
15	15	1/2	1/2	4/4	3	1	1/4		1/4	1		0	48		174
15	15	3/4	3/4	4/4	3	1	1/4		1/4	1		5	47		175
15	15	13/16	13/16	4/4	2	1	1/16		1/16	1		3	69		168
15	15	7/8	7/8	4/4	2	1	1/16		1/16	1		2	74		169
15	15	15/16	15/16	4/4	2	1	1/16		1/16	1		2	62		170
16	16	0	0	4/4	3	1	1/4		1/4	1		-2	46		181
16	16	0	0	4/4	3	1	1/4		1/4	1		2	50		181
16	16	0	0	4/4	3	1	1/4		1/4	1		-1	53		181
16	16	0	0	4/4	2	1	1/16		1/16	1		3	69		176
16	16	1/16	1/16	4/4	2	1	1/16		1/16	1		3	57		177
16	16	1/4	1/4	4/4	3	1	1/4		1/4	1		3	45		182
16	16	1/4	1/4	4/4	3	1	1/4		1/4	1		0	48		182
16	16	1/4	1/4	4/4	3	1	1/4		1/4	1		4	52		182
16	16	1/2	1/2	4/4	3	1	1/4		1/4	1		8	44		183
16	16	1/2	1/2	4/4	3	1	1/4		1/4	1		-2	46		183
16	16	1/2	1/2	4/4	3	1	1/4		1/4	1		2	50		183
16	16	3/4	3/4	4/4	3	1	1/4		1/4	1		1	43		184
16	16	3/4	3/4	4/4	3	1	1/4		1/4	1		3	45		184
16	16	3/4	3/4	4/4	3	1	1/4		1/4	1		7	49		184
16	16	13/16	13/16	4/4	2	1	1/16		1/16	1		2	62		178
16	16	7/8	7/8	4/4	2	1	1/16		1/16	1		3	69		179
16	16	15/16	15/16	4/4	2	1	1/16		1/16	1		3	57		180
17	17	0	0	4/4	3	2	1/2		1/2	1		-1	41		192
17	17	0	0	4/4	3	1	1/4		1/4	1		7	49		188
17	17	0	0	4/4	3	1	1/4		1/4	1		-1	53		188
17	17	0	0	4/4	3	1	1/4		1/4	1		3	57		188
17	17	1/4	1/4	4/4	3	1	1/4		1/4	1		0	48		189
17	17	1/4	1/4	4/4	3	1	1/4		1/4	1		4	52		189
17	17	1/4	1/4	4/4	3	1	1/4		1/4	1		8	56		189
17	17	1/2	1/2	4/4	3	2	1/4		1/4	1		4	40		193
17	17	1/2	1/2	4/4	3	1	1/4		1/4	1		-2	46		190
17	17	1/2	1/2	4/4	3	1	1/4		1/4	1		2	50		190
17	17	1/2	1/2	4/4	3	1	1/4		1/4	1		1	55		190
17	17	5/8	5/8	4/4	1	1	1/8		1/8	1		2	62		185
17	17	3/4	3/4	4/4	3	2	1/4		1/4	1		-3	39		194
17	17	3/4	3/4	4/4	3	1	1/4		1/4	1		3	45		191
17	17	3/4	3/4	4/4	3	1	1/4		1/4	1		7	49		191
17	17	3/4	3/4	4/4	3	1	1/4		1/4	1		6	54		191
17	17	3/4	3/4	4/4	1	1	1/8		1/8	1		2	62		186
17	17	7/8	7/8	4/4	1	1	1/8		1/8	1		2	62		187
18	18	0	0	4/4	3	2	1/2		1/2	1		2	26		204
18	18	0	0	4/4	3	2	1/2		1/2	1		2	38		204
18	18	0	0	4/4	3	1	1/4		1/4	1		2	50		200
18	18	0	0	4/4	3	1	1/4		1/4	1		-1	53		200
18	18	0	0	4/4	1	1	1/4		1/4	1		2	62		195
18	18	1/4	1/4	4/4	3	1	1/4		1/4	1		0	48		201
18	18	1/4	1/4	4/4	3	1	1/4		1/4	1		4	52		201
18	18	1/4	1/4	4/4	1	1	1/4		1/4	1		2	62		196
18	18	1/2	1/2	4/4	3	2	1/2		1/2	1		-1	29		205
18	18	1/2	1/2	4/4	3	2	1/2		1/2	1		-1	41		205
18	18	1/2	1/2	4/4	3	1	1/4		1/4	1		-2	46		202
18	18	1/2	1/2	4/4	3	1	1/4		1/4	1		2	50		202
18	18	5/8	5/8	4/4	1	1	1/8		1/8	1		2	62		197
18	18	3/4	3/4	4/4	3	1	1/4		1/4	1		3	45		203
18	18	3/4	3/4	4/4	3	1	1/4		1/4	1		7	49		203
18	18	3/4	3/4	4/4	1	1	1/8		1/8	1		2	62		198
18	18	7/8	7/8	4/4	1	1	1/8		1/8	1		2	62		199
19	19	0	0	4/4	3	2	1/2		1/2	1		2	26		214
19	19	0	0	4/4	3	2	1/2		1/2	1		2	38		214
19	19	0	0	4/4	3	1	1/4		1/4	1		-2	46		210
19	19	0	0	4/4	3	1	1/4		1/4	1		2	50		210
19	19	0	0	4/4	1	1	1/2		1/2	1		2	62		206
19	19	1/4	1/4	4/4	3	1	1/4		1/4	1		3	45		211
19	19	1/4	1/4	4/4	3	1	1/4		1/4	1		7	49		211
19	19	1/2	1/2	4/4	3	2	1/2		1/2	1		-1	29		215
19	19	1/2	1/2	4/4	3	2	1/2		1/2	1		-1	41		215
19	19	1/2	1/2	4/4	3	1	1/4		1/4	1		-4	44		212
19	19	1/2	1/2	4/4	3	1	1/4		1/4	1		0	48		212
19	19	3/4	3/4	4/4	3	1	1/4		1/4	1		1	43		213
19	19	3/4	3/4	4/4	3	1	1/4		1/4	1		5	47		213
19	19	3/4	3/4	4/4	2	1	1/8		1/8	1		7	61		208
19	19	3/4	3/4	4/4	1	1	1/4		1/4	1		2	62		207
19	19	7/8	7/8	4/4	2	1	1/8		1/8	1		2	62		209
20	20	0	0	4/4	3	1	1/2		1/2	1		1	31		225
20	20	0	0	4/4	3	1	1/2		1/2	1		1	43		225
20	20	0	0	4/4	2	1	1/4		1/4	1		2	62		219
20	20	0	0	4/4	1	1	1/2		1/2	1		2	62		216
20	20	0	0	4/4	2	1	1/4		1/4	1		4	64		219
20	20	0	0	4/4	2	1	1/4		1/4	1		2	74		219
20	20	1/4	1/4	4/4	2	1	1/8		1/8	1		7	61		220
20	20	3/8	3/8	4/4	2	1	1/8		1/8	1		2	62		221
20	20	1/2	1/2	4/4	3	1	1/2		1/2	1		3	33		226
20	20	1/2	1/2	4/4	3	1	1/2		1/2	1		3	45		226
20	20	1/2	1/2	4/4	2	1	1/4		1/4	1		2	62		222
20	20	1/2	1/2	4/4	2	1	1/4		1/4	1		4	64		222
20	20	1/2	1/2	4/4	1	1	3/8		1/4	3/2		4	64		217
20	20	1/2	1/2	4/4	2	1	1/4		1/4	1		7	73		222
20	20	3/4	3/4	4/4	2	1	1/8		1/8	1		7	61		223
20	20	7/8	7/8	4/4	2	1	1/8		1/8	1		2	62		224
20	20	7/8	7/8	4/4	1	1	1/8		1/8	1		4	64		218
21	21	0	0	4/4	3	1	1/2		1/2	1		2	38		236
21	21	0	0	4/4	3	1	1/2		1/2	1		2	50		236
21	21	0	0	4/4	2	2	3/4		1/2	3/2		2	62		235
21	21	0	0	4/4	2	2	3/4		1/2	3/2		4	64		235
21	21	0	0	4/4	1	1	1/4		1/4	1		1	67		227
21	21	0	0	4/4	2	1	1/8		1/8	1		7	73		230
21	21	1/8	1/8	4/4	2	1	1/8		1/8	1		0	72		231
21	21	1/4	1/4	4/4	1	1	1/4		1/4	1		1	67		228
21	21	1/4	1/4	4/4	2	1	1/2		1/2	1		0	72		232
21	21	1/2	1/2	4/4	3	1	1/2		1/2	1		1	31		237
21	21	1/2	1/2	4/4	3	1	1/2		1/2	1	1	1	43		237
21	21	3/4	3/4	4/4	2	1	1/8		1/8	1		7	61		233
21	21	3/4	3/4	4/4	1	1	1/4		1/4	1		2	62		229
21	21	7/8	7/8	4/4	2	1	1/8		1/8	1		2	62		234
22	22	0	0	4/4	3	1	1/2		1/2	1		1	31		247
22	22	0	0	4/4	3	1	1/2		1/2	1	-1	1	43		247
22	22	0	0	4/4	2	1	1/4		1/4	1		2	62		241
22	22	0	0	4/4	1	1	1/2		1/2	1		2	62		238
22	22	0	0	4/4	2	1	1/4		1/4	1		4	64		241
22	22	0	0	4/4	2	1	1/4		1/4	1		0	72		241
22	22	1/4	1/4	4/4	2	1	1/8		1/8	1		7	61		242
22	22	3/8	3/8	4/4	2	1	1/8		1/8	1		2	62		243
22	22	1/2	1/2	4/4	3	1	1/2		1/2	1		3	33		248
22	22	1/2	1/2	4/4	3	1	1/2		1/2	1		3	45		248
22	22	1/2	1/2	4/4	2	1	1/4		1/4	1		2	62		244
22	22	1/2	1/2	4/4	2	1	1/4		1/4	1		4	64		244
22	22	1/2	1/2	4/4	1	1	3/8		1/4	3/2		4	64		239
22	22	1/2	1/2	4/4	2	1	1/4		1/4	1		5	71		244
22	22	3/4	3/4	4/4	2	1	1/8		1/8	1		7	61		245
22	22	7/8	7/8	4/4	2	1	1/8		1/8	1		2	62		246
22	22	7/8	7/8	4/4	1	1	1/8		1/8	1		4	64		240
23	23	0	0	4/4	3	1	1/2		1/2	1		2	38		252
23	23	0	0	4/4	3	1	1/2		1/2	1		2	50		252
23	23	0	0	4/4	2	1	1		1	1		2	62		251
23	23	0	0	4/4	2	1	1		1	1		4	64		251
23	23	0	0	4/4	2	1	1		1	1		-2	70		251
23	23	0	0	4/4	1	1	1/2		1/2	1		2	74		249
23	23	1/2	1/2	4/4	3	1	1/2		1/2	1	1	8	32		253
23	23	1/2	1/2	4/4	3	1	1/2		1/2	1	1	8	44		253
23	23	3/4	3/4	4/4	1	1	1/4		1/4	1		7	73		250
24	24	0	0	4/4	3	2	1/2		1/2	1	-1	8	32		267
24	24	0	0	4/4	3	2	1/2		1/2	1	-1	8	44		267
24	24	0	0	4/4	1	1	1/2		1/2	1		0	72		254
24	24	1/8	1/8	4/4	3	1	1/32		1/32	1		2	50		259
24	24	5/32	5/32	4/4	3	1	1/32		1/32	1		2	62		260
24	24	3/16	3/16	4/4	3	1	1/32		1/32	1		2	50		261
24	24	7/32	7/32	4/4	3	1	1/32		1/32	1		2	62		262
24	24	1/4	1/4	4/4	3	1	1/8		1/8	1		2	50		263
24	24	3/8	3/8	4/4	3	1	1/8		1/8	1		2	62		264
24	24	1/2	1/2	4/4	3	2	1/2		1/2	1	1	3	33		268
24	24	1/2	1/2	4/4	3	2	1/2		1/2	1	1	3	45		268
24	24	1/2	1/2	4/4	1	1	3/8		1/4	3/2		5	71		255
24	24	5/8	5/8	4/4	3	1	1/8		1/8	1		2	50		265
24	24	3/4	3/4	4/4	2	1	1/8		1/8	1		7	61		257
24	24	3/4	3/4	4/4	3	1	1/8		1/8	1		2	62		266
24	24	7/8	7/8	4/4	2	1	1/8		1/8	1		2	62		258
24	24	7/8	7/8	4/4	1	1	1/8		1/8	1		-1	65		256
25	25	0	0	4/4	3	2	1/2		1/2	1	-1	3	33		278
25	25	0	0	4/4	3	2	1/2		1/2	1	-1	3	45		278
25	25	0	0	4/4	3	1	1/4		1/4	1		3	57		275
25	25	0	0	4/4	2	1	1/2		1/2	1		-1	65		272
25	25	0	0	4/4	1	1	1/4		1/4	1		-2	70		269
25	25	1/4	1/4	4/4	3	1	1/4		1/4	1		8	56		276
25	25	1/4	1/4	4/4	1	1	1/4		1/4	1		-2	70		270
25	25	1/2	1/2	4/4	3	2	1/2		1/2	1	1	2	38		279
25	25	1/2	1/2	4/4	3	2	1/2		1/2	1	1	2	50		279
25	25	1/2	1/2	4/4	3	1	1/2		1/2	1		1	55		277
25	25	1/2	1/2	4/4	2	1	1/4		1/4	1		4	64		273
25	25	3/4	3/4	4/4	2	1	1/4		1/4	1		-3	63		274
25	25	3/4	3/4	4/4	1	1	1/4		1/4	1		-2	70		271
26	26	0	0	4/4	3	2	1		1	1	-1	2	38		290
26	26	0	0	4/4	3	2	1		1	1	-1	2	50		290
26	26	0	0	4/4	3	1	1/2		1/2	1		-1	53		287
26	26	0	0	4/4	2	1	1/4		1/4	1		2	62		284
26	26	0	0	4/4	1	1	1/4		1/4	1		-2	70		280
26	26	1/4	1/4	4/4	2	1	1/4		1/4	1		7	61		285
26	26	1/4	1/4	4/4	1	1	1/4		1/4	1		3	69		281
26	26	1/2	1/2	4/4	3	1	1/4		1/4	1		4	52		288
26	26	1/2	1/2	4/4	2	1	1/2		1/2	1		0	60		286
26	26	1/2	1/2	4/4	1	1	3/8		1/4	3/2		1	67		282
26	26	3/4	3/4	4/4	3	1	1/4		1/4	1		-3	51		289
26	26	7/8	7/8	4/4	1	1	1/8		1/8	1		2	62		283
27	27	0	0	4/4	3	2	1/4		1/4	1		2	38		296
27	27	0	0	4/4	3	2	1/4		1/4	1		2	50		296
27	27	0	0	4/4	3	1	1		1	1		8	56		295
27	27	0	0	4/4	3	1	1		1	1		5	59		295
27	27	0	0	4/4	1	1	1/2		1/2	1		-1	65		291
27	27	0	0	4/4	2	1	3/4		1/2	3/2		-1	65		292
27	27	1/4	1/4	4/4	3	2	1/4		1/4	1		7	37		297
27	27	1/4	1/4	4/4	3	2	1/4		1/4	1		7	49		297
27	27	1/2	1/2	4/4	3	2	1/4		1/4	1		0	36		298
27	27	1/2	1/2	4/4	3	2	1/4		1/4	1		0	48		298
27	27	3/4	3/4	4/4	3	2	1/4		1/4	1		5	35		299
27	27	3/4	3/4	4/4	3	2	1/4		1/4	1		5	47		299
27	27	3/4	3/4	4/4	2	1	1/8		1/8	1		4	64		293
27	27	7/8	7/8	4/4	2	1	1/8		1/8	1		-3	63		294
28	28	0	0	4/4	3	2	1/4		1/4	1		2	38		306
28	28	0	0	4/4	3	2	1/4		1/4	1		2	50		306
28	28	0	0	4/4	3	1	1		1	1		8	56		305
28	28	0	0	4/4	3	1	1		1	1		5	59		305
28	28	0	0	4/4	2	1	3/4		1/2	3/2		-1	65		302
28	28	1/4	1/4	4/4	3	2	1/4		1/4	1		7	37		307
28	28	1/4	1/4	4/4	3	2	1/4		1/4	1		7	49		307
28	28	1/2	1/2	4/4	3	2	1/4		1/4	1		0	36		308
28	28	1/2	1/2	4/4	3	2	1/4		1/4	1		0	48		308
28	28	3/4	3/4	4/4	3	2	1/4		1/4	1		5	35		309
28	28	3/4	3/4	4/4	3	2	1/4		1/4	1		5	47		309
28	28	3/4	3/4	4/4	1	1	1/8		1/8	1		4	64		300
28	28	3/4	3/4	4/4	2	1	1/8		1/8	1		4	64		303
28	28	7/8	7/8	4/4	1	1	1/8		1/8	1		-3	63		301
28	28	7/8	7/8	4/4	2	1	1/8		1/8	1		-3	63		304
29	29	0	0	4/4	3	2	1/2		1/2	1		-2	46		319
29	29	0	0	4/4	3	1	1/2		1/2	1		-1	53		317
29	29	0	0	4/4	1	1	3/8		1/4	3/2		2	62		310
29	29	0	0	4/4	2	1	1		1	1		2	62		315
29	29	3/8	3/8	4/4	1	1	1/8		1/8	1		2	62		311
29	29	1/2	1/2	4/4	3	2	1/2		1/2	1		6	42		320
29	29	1/2	1/2	4/4	3	1	1/2		1/2	1		-4	56		318
29	29	1/2	1/2	4/4	1	1	1/4		1/4	1		4	64		312
29	29	3/4	3/4	4/4	1	1	1/8		1/8	1		2	62		313
29	29	7/8	7/8	4/4	1	1	1/8		1/8	1		4	64		314
29	29	1	1	4/4	2	1	1		1	1		2	50		316
30	30	0	0	4/4	3	1	1		1	1		4	40		325
30	30	0	0	4/4	3	1	1		1	1		8	56		325
30	30	0	0	4/4	3	1	1		1	1		5	59		325
30	30	0	0	4/4	2	1	1		1	1		2	62		323
30	30	0	0	4/4	1	1	3/4		1/2	3/2		1	67		321
30	30	3/4	3/4	4/4	1	1	1/4		1/4	1		-1	65		322
30	30	1	1	4/4	2	1	1		1	1		2	50		324
31	31	0	0	4/4	3	2	1/2		1/2	1		3	33		337
31	31	0	0	4/4	3	2	1/2		1/2	1		3	45		337
31	31	0	0	4/4	3	1	3/4		1/2	3/2		2	50		334
31	31	0	0	4/4	2	2	1/4		1/4	1		2	62		330
31	31	0	0	4/4	1	1	1/2		1/2	1		2	62		326
31	31	0	0	4/4	2	1	3/4		1/2	3/2		2	62		327
31	31	1/4	1/4	4/4	2	2	1/4		1/4	1		7	61		331
31	31	1/2	1/2	4/4	3	2	1/2		1/2	1		8	32		338
31	31	1/2	1/2	4/4	3	2	1/2		1/2	1		8	44		338
31	31	1/2	1/2	4/4	2	2	1/4		1/4	1		0	60		332
31	31	3/4	3/4	4/4	3	1	1/8		1/8	1		4	52		335
31	31	3/4	3/4	4/4	2	2	1/4		1/4	1		5	59		333
31	31	3/4	3/4	4/4	2	1	1/8		1/8	1		4	64		328
31	31	7/8	7/8	4/4	3	1	1/8		1/8	1		-1	53		336
31	31	7/8	7/8	4/4	2	1	1/8		1/8	1		-1	65		329
32	32	0	0	4/4	3	2	1/2		1/2	1		6	30		352
32	32	0	0	4/4	3	2	1/2		1/2	1		6	42		352
32	32	0	0	4/4	3	1	3/4		1/2	3/2		2	50		349
32	32	0	0	4/4	2	2	1/4		1/4	1		-2	58		345
32	32	0	0	4/4	2	2	1/4		1/4	1		2	62		345
32	32	0	0	4/4	2	1	3/4		1/2	3/2		2	62		342
32	32	1/4	1/4	4/4	3	3	1/4		1/4	1		3	57		354
32	32	1/4	1/4	4/4	2	2	1/4		1/4	1		7	61		346
32	32	1/2	1/2	4/4	3	2	1/2		1/2	1		4	28		353
32	32	1/2	1/2	4/4	3	2	1/2		1/2	1		4	40		353
32	32	1/2	1/2	4/4	3	3	1/2		1/2	1		-4	56		355
32	32	1/2	1/2	4/4	2	2	1/4		1/4	1		0	60		347
32	32	5/8	5/8	4/4	1	1	1/8		1/8	1		2	62		339
32	32	3/4	3/4	4/4	3	1	1/8		1/8	1		4	52		350
32	32	3/4	3/4	4/4	2	2	1/4		1/4	1		5	59		348
32	32	3/4	3/4	4/4	1	1	1/8		1/8	1		2	62		340
32	32	3/4	3/4	4/4	2	1	1/8		1/8	1		4	64		343
32	32	7/8	7/8	4/4	3	1	1/8		1/8	1		-1	53		351
32	32	7/8	7/8	4/4	1	1	1/8		1/8	1		2	62		341
32	32	7/8	7/8	4/4	2	1	1/8		1/8	1		-1	65		344
33	33	0	0	4/4	3	2	1/2		1/2	1		2	26		367
33	33	0	0	4/4	3	2	1/2		1/2	1		2	38		367
33	33	0	0	4/4	3	1	3/4		1/2	3/2		1	55		365
33	33	0	0	4/4	2	1	1/4		1/4	1		-2	58		361
33	33	0	0	4/4	2	1	1/4		1/4	1		2	62		361
33	33	0	0	4/4	1	1	1/4		1/4	1		4	64		356
33	33	1/4	1/4	4/4	2	1	1/4		1/4	1		3	57		362
33	33	1/4	1/4	4/4	2	1	1/4		1/4	1		7	61		362
33	33	1/4	1/4	4/4	1	1	1/4		1/4	1		4	64		357
33	33	1/2	1/2	4/4	3	2	1/2		1/2	1		-1	29		368
33	33	1/2	1/2	4/4	3	2	1/2		1/2	1		-1	41		368
33	33	1/2	1/2	4/4	2	1	1/4		1/4	1		-4	56		363
33	33	1/2	1/2	4/4	2	1	1/4		1/4	1		0	60		363
33	33	5/8	5/8	4/4	1	1	1/8		1/8	1		2	62		358
33	33	3/4	3/4	4/4	3	1	1/4		1/4	1		1	55		366
33	33	3/4	3/4	4/4	2	1	1/4		1/4	1		5	59		364
33	33	3/4	3/4	4/4	1	1	1/8		1/8	1		2	62		359
33	33	7/8	7/8	4/4	1	1	1/8		1/8	1		2	62		360
34	34	0	0	4/4	3	1	1/2		1/2	1		2	26		376
34	34	0	0	4/4	3	1	1/2		1/2	1		2	38		376
34	34	0	0	4/4	2	1	1/4		1/4	1		-2	58		372
34	34	0	0	4/4	2	1	1/4		1/4	1		2	62		372
34	34	0	0	4/4	1	1	1/2		1/2	1		4	64		369
34	34	1/4	1/4	4/4	2	1	1/4		1/4	1		3	57		373
34	34	1/4	1/4	4/4	2	1	1/4		1/4	1		7	61		373
34	34	1/2	1/2	4/4	3	1	1/2		1/2	1		-1	29		377
34	34	1/2	1/2	4/4	3	1	1/2		1/2	1		-1	41		377
34	34	1/2	1/2	4/4	2	1	1/4		1/4	1		-4	56		374
34	34	1/2	1/2	4/4	2	1	1/4		1/4	1		0	60		374
34	34	3/4	3/4	4/4	2	1	1/4		1/4	1		1	55		375
34	34	3/4	3/4	4/4	2	1	1/4		1/4	1		5	59		375
34	34	3/4	3/4	4/4	1	1	1/8		1/8	1		2	62		370
34	34	7/8	7/8	4/4	1	1	1/8		1/8	1		4	64		371
35	35	0	0	4/4	3	1	1/2		1/2	1		1	31		385
35	35	0	0	4/4	3	1	1/2		1/2	1		1	43		385
35	35	0	0	4/4	2	2	1		1	1		2	62		383
35	35	0	0	4/4	1	1	1/2		1/2	1		2	74		378
35	35	0	0	4/4	2	1	1/2		1/2	1		2	74		381
35	35	1/2	1/2	4/4	3	1	1/2		1/2	1		3	33		386
35	35	1/2	1/2	4/4	3	1	1/2		1/2	1		3	45		386
35	35	1/2	1/2	4/4	1	1	3/8		1/4	3/2		7	73		379
35	35	1/2	1/2	4/4	2	1	1/2		1/2	1		7	73		382
35	35	7/8	7/8	4/4	1	1	1/8		1/8	1		7	73		380
35	35	1	1	4/4	2	2	1		1	1		-1	65		384
36	36	0	0	4/4	3	1	1/2		1/2	1		2	38		396
36	36	0	0	4/4	3	1	1/2		1/2	1		2	50		396
36	36	0	0	4/4	2	2	1		1	1		2	62		394
36	36	0	0	4/4	1	1	1/4		1/4	1	1	0	72		387
36	36	0	0	4/4	2	1	3/4		1/2	3/2		0	72		391
36	36	1/4	1/4	4/4	1	1	1/4		1/4	1	-1	0	72		388
36	36	1/2	1/2	4/4	3	1	1/2		1/2	1	1	-4	32		397
36	36	1/2	1/2	4/4	3	1	1/2		1/2	1	1	-4	44		397
36	36	3/4	3/4	4/4	1	1	1/8		1/8	1		4	64		389
36	36	3/4	3/4	4/4	2	1	1/8		1/8	1		4	64		392
36	36	7/8	7/8	4/4	1	1	1/8		1/8	1		-1	65		390
36	36	7/8	7/8	4/4	2	1	1/8		1/8	1		-1	65		393
36	36	1	1	4/4	2	2	1		1	1		-1	65		395
37	37	0	0	4/4	3	1	1/2		1/2	1	-1	-4	32		409
37	37	0	0	4/4	3	1	1/2		1/2	1	-1	-4	44		409
37	37	0	0	4/4	2	3	1		1	1		-3	63		408
37	37	0	0	4/4	2	2	3/4		1/2	3/2		5	71		406
37	37	0	0	4/4	1	1	1/4		1/4	1		-1	77		398
37	37	0	0	4/4	2	1	1/4		1/4	1		-1	77		402
37	37	1/4	1/4	4/4	1	1	1/4		1/4	1		-3	75		399
37	37	1/4	1/4	4/4	2	1	1/4		1/4	1		-3	75		403
37	37	1/2	1/2	4/4	3	1	1/2		1/2	1		1	31		410
37	37	1/2	1/2	4/4	3	1	1/2		1/2	1		1	43		410
37	37	1/2	1/2	4/4	1	1	1/4		1/4	1		2	74		400
37	37	1/2	1/2	4/4	2	1	1/4		1/4	1		2	74		404
37	37	3/4	3/4	4/4	1	1	1/4		1/4	1		0	72		401
37	37	3/4	3/4	4/4	2	1	1/4		1/4	1		0	72		405
37	37	3/4	3/4	4/4	2	2	1/4		1/4	1		0	72		407
38	38	0	0	4/4	3	1	1/2		1/2	1		-6	30		419
38	38	0	0	4/4	3	1	1/2		1/2	1		-6	42		419
38	38	0	0	4/4	2	3	3/4		1/2	3/2		-3	63		416
38	38	0	0	4/4	2	2	1/4		1/4	1		-2	70		413
38	38	0	0	4/4	1	1	1/2		1/2	1		0	72		411
38	38	0	0	4/4	2	1	1/2		1/2	1		0	72		412
38	38	1/4	1/4	4/4	2	2	1/4		1/4	1		3	69		414
38	38	1/2	1/2	4/4	3	1	1/2		1/2	1		-1	29		420
38	38	1/2	1/2	4/4	3	1	1/2		1/2	1		-1	41		420
38	38	1/2	1/2	4/4	2	2	1/2		1/2	1		-4	68		415
38	38	3/4	3/4	4/4	2	3	1/8		1/8	1		2	62		417
38	38	7/8	7/8	4/4	2	3	1/8		1/8	1		-3	63		418
39	39	0	0	4/4	2	1	0	acciaccatura	1/8	1		-3	63		421
39	39	0	0	4/4	3	2	1		1	1		-6	54		431
39	39	0	0	4/4	3	1	1/2		1/2	1		-7	59		429
39	39	0	0	4/4	2	1	1/4		1/4	1		-3	75		422
39	39	1/4	1/4	4/4	2	1	1/8		1/8	1		2	62		423
39	39	3/8	3/8	4/4	2	1	1/8		1/8	1		-3	63		424
39	39	1/2	1/2	4/4	2	1	0	acciaccatura	1/8	1		-3	63		425
39	39	1/2	1/2	4/4	3	1	1/2		1/2	1		-2	58		430
39	39	1/2	1/2	4/4	2	1	1/4		1/4	1		2	74		426
39	39	3/4	3/4	4/4	2	1	1/8		1/8	1		2	62		427
39	39	7/8	7/8	4/4	2	1	1/8		1/8	1		-3	63		428
40	40	0	0	4/4	3	1	1/2		1/2	1		-4	44		440
40	40	0	0	4/4	2	2	1		1	1		-3	63		439
40	40	0	0	4/4	2	2	1		1	1		-6	66		439
40	40	0	0	4/4	2	1	1/8		1/8	1		2	74		433
40	40	1/8	1/8	4/4	2	1	1/8		1/8	1		0	72		434
40	40	1/4	1/4	4/4	2	1	3/8		1/4	3/2		0	72		435
40	40	1/2	1/2	4/4	3	1	1/2		1/2	1		3	45		441
40	40	5/8	5/8	4/4	2	1	1/8		1/8	1		-6	66		436
40	40	3/4	3/4	4/4	1	1	1/4		1/4	1		-3	63		432
40	40	3/4	3/4	4/4	2	1	1/8		1/8	1		-1	65		437
40	40	7/8	7/8	4/4	2	1	1/8		1/8	1		-3	63		438
41	41	0	0	4/4	3	2	1		1	1		-2	46		454
41	41	0	0	4/4	3	1	1/2		1/2	1		-1	53		453
41	41	0	0	4/4	1	1	1/4		1/4	1		2	62		442
41	41	0	0	4/4	2	1	1/2		1/2	1		2	62		447
41	41	1/4	1/4	4/4	1	1	1/8		1/8	1		-3	63		443
41	41	3/8	3/8	4/4	1	1	1/8		1/8	1		-1	65		444
41	41	1/2	1/2	4/4	2	2	1/4		1/8	2		2	62		449
41	41	1/2	1/2	4/4	2	1	1/2		1/2	1		-1	65		448
41	41	1/2	1/2	4/4	1	1	1/4		1/4	1		-2	70		445
41	41	3/4	3/4	4/4	2	2	1/4		1/8	2		-1	53		450
41	41	3/4	3/4	4/4	1	1	1/4		1/4	1		-2	70		446
41	41	1	1	4/4	2	2	1/4		1/8	2		-5	61		451
41	41	5/4	5/4	4/4	2	2	1/4		1/8	2		-1	53		452
42	42	0	0	4/4	3	1	1		1	1		-1	41		463
42	42	0	0	4/4	2	2	3/4		1/2	3/2		0	60		461
42	42	0	0	4/4	2	1	1/2		1/2	1		4	64		458
42	42	0	0	4/4	1	1	1/4		1/4	1		-2	70		455
42	42	1/4	1/4	4/4	1	1	1/4		1/4	1		3	69		456
42	42	1/2	1/2	4/4	2	1	1/4		1/4	1		-3	63		459
42	42	3/4	3/4	4/4	2	2	1/4		1/4	1		3	57		462
42	42	3/4	3/4	4/4	2	1	1/4		1/4	1		7	61		460
42	42	3/4	3/4	4/4	1	1	1/4		1/4	1		1	67		457
43	43	0	0	4/4	3	2	1/4		1/4	1		-2	46		475
43	43	0	0	4/4	3	1	1/2		1/2	1		-2	58		473
43	43	0	0	4/4	2	1	1/2		1/2	1		2	62		470
43	43	0	0	4/4	1	1	1/4		1/4	1		-1	65		464
43	43	1/4	1/4	4/4	3	2	1/4		1/4	1		-4	44		476
43	43	1/4	1/4	4/4	1	1	1/8		1/8	1		-3	63		465
43	43	3/8	3/8	4/4	1	1	1/8		1/8	1		2	62		466
43	43	1/2	1/2	4/4	3	2	1/2		1/2	1		1	43		477
43	43	1/2	1/2	4/4	3	1	1/2		1/2	1		5	59		474
43	43	1/2	1/2	4/4	2	1	1/4		1/4	1		-3	63		471
43	43	1/2	1/2	4/4	1	1	1/4		1/4	1		1	67		467
43	43	3/4	3/4	4/4	2	1	1/4		1/4	1		2	62		472
43	43	3/4	3/4	4/4	1	1	1/8		1/8	1		-1	65		468
43	43	7/8	7/8	4/4	1	1	1/8		1/8	1		-1	65		469
44	44	0	0	4/4	3	2	1/4		1/4	1		0	48		484
44	44	0	0	4/4	3	1	1		1	1		1	55		483
44	44	0	0	4/4	2	1	3/4		1/2	3/2		0	60		481
44	44	0	0	4/4	1	1	1/8		1/8	1		-1	65		478
44	44	1/8	1/8	4/4	1	1	1/8		1/8	1		4	64		479
44	44	1/4	1/4	4/4	3	2	1/4		1/4	1		5	47		485
44	44	1/4	1/4	4/4	1	1	1/4		1/4	1		4	64		480
44	44	1/2	1/2	4/4	3	2	1/4		1/4	1		-2	46		486
44	44	3/4	3/4	4/4	3	2	1/4		1/4	1		4	40		487
44	44	3/4	3/4	4/4	2	1	1/4		1/4	1		1	55		482
44	44	3/4	3/4	4/4	2	1	1/4		1/4	1		-2	58		482
44	44	3/4	3/4	4/4	2	1	1/4		1/4	1		2	62		482
45	45	0	0	4/4	3	2	1/4		1/4	1		3	45		496
45	45	0	0	4/4	3	1	3/4		1/2	3/2		3	57		493
45	45	1/4	1/4	4/4	3	2	1/4		1/4	1		8	44		497
45	45	5/16	5/16	4/4	2	1	1/16		1/16	1		4	76		488
45	45	3/8	3/8	4/4	2	1	1/16		1/16	1		3	81		489
45	45	7/16	7/16	4/4	2	1	1/16		1/16	1		3	69		490
45	45	1/2	1/2	4/4	3	2	1/4		1/4	1		1	43		498
45	45	1/2	1/2	4/4	2	1	1/16		1/16	1		4	76		491
45	45	9/16	9/16	4/4	2	1	1/16		1/16	1		4	64		492
45	45	3/4	3/4	4/4	3	2	1/4		1/4	1		6	42		499
45	45	3/4	3/4	4/4	3	1	1/8		1/8	1		-2	58		494
45	45	7/8	7/8	4/4	3	1	1/8		1/8	1		0	60		495
46	46	0	0	4/4	3	2	1/4		1/4	1		-1	41		508
46	46	0	0	4/4	3	1	3/4		1/2	3/2		3	57		505
46	46	1/4	1/4	4/4	3	2	1/4		1/4	1		4	40		509
46	46	5/16	5/16	4/4	2	1	1/16		1/16	1		4	76		500
46	46	3/8	3/8	4/4	2	1	1/16		1/16	1		3	81		501
46	46	7/16	7/16	4/4	2	1	1/16		1/16	1		3	69		502
46	46	1/2	1/2	4/4	3	2	1/4		1/4	1		9	39		510
46	46	1/2	1/2	4/4	2	1	1/16		1/16	1		4	76		503
46	46	9/16	9/16	4/4	2	1	1/16		1/16	1		4	64		504
46	46	3/4	3/4	4/4	3	2	1/4		1/4	1		2	38		511
46	46	3/4	3/4	4/4	3	1	1/8		1/8	1		-2	58		506
46	46	7/8	7/8	4/4	3	1	1/8		1/8	1		0	60		507
47	47	0	0	4/4	2	2	0	grace32	1/32	1		3	57		515
47	47	0	0	4/4	2	2	0	grace32	1/32	1		4	64		516
47	47	0	0	4/4	3	1	1/4		1/4	1		7	37		518
47	47	0	0	4/4	3	1	1/4		1/4	1		7	49		518
47	47	0	0	4/4	2	2	1		1	1		4	64		517
47	47	0	0	4/4	2	1	1/2		1/2	1		3	69		512
47	47	1/4	1/4	4/4	3	1	1/4		1/4	1		0	36		519
47	47	1/4	1/4	4/4	3	1	1/4		1/4	1		0	48		519
47	47	1/2	1/2	4/4	3	1	1/4		1/4	1		5	35		520
47	47	1/2	1/2	4/4	3	1	1/4		1/4	1		5	47		520
47	47	1/2	1/2	4/4	2	1	3/8		1/4	3/2		8	68		513
47	47	3/4	3/4	4/4	3	1	1/4		1/4	1		-2	34		521
47	47	3/4	3/4	4/4	3	1	1/4		1/4	1		-2	46		521
47	47	7/8	7/8	4/4	2	1	1/8		1/8	1	1	2	62		514
48	48	0	0	4/4	3	1	1/4		1/4	1		3	33		530
48	48	0	0	4/4	3	1	1/4		1/4	1		3	45		530
48	48	0	0	4/4	2	2	1/4		1/4	1	-1	2	62		525
48	48	0	0	4/4	2	1	3/4		1/2	3/2		-1	65		522
48	48	1/4	1/4	4/4	3	1	1/4		1/4	1		8	32		531
48	48	1/4	1/4	4/4	3	1	1/4		1/4	1		8	44		531
48	48	1/4	1/4	4/4	2	2	1/4		1/4	1		7	61		526
48	48	1/2	1/2	4/4	3	1	1/4		1/4	1		1	31		532
48	48	1/2	1/2	4/4	3	1	1/4		1/4	1		1	43		532
48	48	1/2	1/2	4/4	2	2	1/4		1/4	1		0	60		527
48	48	3/4	3/4	4/4	3	1	1/4		1/4	1		6	30		533
48	48	3/4	3/4	4/4	3	1	1/4		1/4	1		6	42		533
48	48	3/4	3/4	4/4	2	2	1/8		1/8	1		5	59		528
48	48	3/4	3/4	4/4	2	1	1/8		1/8	1		7	61		523
48	48	7/8	7/8	4/4	2	2	1/8		1/8	1		-2	58		529
48	48	7/8	7/8	4/4	2	1	1/8		1/8	1		2	62		524
49	49	0	0	4/4	2	1	0	acciaccatura	1/8	1		2	62		534
49	49	0	0	4/4	3	1	1/2		1/2	1		-1	41		542
49	49	0	0	4/4	3	1	1/2		1/2	1		3	57		542
49	49	0	0	4/4	2	1	1/4		1/4	1		2	74		535
49	49	1/4	1/4	4/4	2	1	1/8		1/8	1		7	61		536
49	49	3/8	3/8	4/4	2	1	1/8		1/8	1		2	62		537
49	49	1/2	1/2	4/4	2	1	0	acciaccatura	1/8	1		2	62		538
49	49	1/2	1/2	4/4	3	1	1/2		1/2	1		4	40		543
49	49	1/2	1/2	4/4	3	1	1/2		1/2	1		8	56		543
49	49	1/2	1/2	4/4	2	1	1/4		1/4	1		7	73		539
49	49	3/4	3/4	4/4	2	1	1/8		1/8	1		7	61		540
49	49	7/8	7/8	4/4	2	1	1/8		1/8	1		2	62		541
50	50	0	0	4/4	3	1	1/4		1/4	1		3	45		552
50	50	0	0	4/4	2	2	3/4		1/2	3/2		2	62		550
50	50	0	0	4/4	2	2	3/4		1/2	3/2		-1	65		550
50	50	0	0	4/4	2	1	1/8		1/8	1		7	73		544
50	50	1/8	1/8	4/4	2	1	1/8		1/8	1		0	72		545
50	50	1/4	1/4	4/4	3	1	1/4		1/4	1		8	44		553
50	50	1/4	1/4	4/4	2	1	3/8		1/4	3/2		0	72		546
50	50	1/2	1/2	4/4	3	1	1/4		1/4	1		1	43		554
50	50	5/8	5/8	4/4	2	1	1/8		1/8	1		5	71		547
50	50	3/4	3/4	4/4	3	1	1/4		1/4	1		-1	41		555
50	50	3/4	3/4	4/4	2	2	1/4		1/4	1		2	62		551
50	50	3/4	3/4	4/4	2	1	1/8		1/8	1		-2	70		548
50	50	7/8	7/8	4/4	2	1	1/8		1/8	1		3	69		549
51	51	0	0	4/4	3	1	1/4		1/4	1		1	43		570
51	51	0	0	4/4	2	2	1/2		1/2	1		2	62		567
51	51	0	0	4/4	2	2	1/2		1/2	1		-1	65		567
51	51	0	0	4/4	2	1	1/8		1/8	1		0	72		559
51	51	1/8	1/8	4/4	2	1	1/8		1/8	1		5	71		560
51	51	1/4	1/4	4/4	3	1	1/4		1/4	1		8	44		571
51	51	1/4	1/4	4/4	2	1	1/8		1/8	1		-2	70		561
51	51	3/8	3/8	4/4	2	1	1/8		1/8	1		3	69		562
51	51	1/2	1/2	4/4	3	1	1/4		1/4	1		3	45		572
51	51	1/2	1/2	4/4	2	2	1/4		1/4	1		2	62		568
51	51	1/2	1/2	4/4	2	1	1/8		1/8	1		8	68		563
51	51	5/8	5/8	4/4	1	1	1/8		1/8	1		2	62		556
51	51	5/8	5/8	4/4	2	1	1/8		1/8	1		-1	65		564
51	51	3/4	3/4	4/4	3	1	1/4		1/4	1		-2	46		573
51	51	3/4	3/4	4/4	2	2	1/4		1/4	1		8	56		569
51	51	3/4	3/4	4/4	1	1	1/8		1/8	1		2	62		557
51	51	3/4	3/4	4/4	2	1	1/8		1/8	1		4	64		565
51	51	7/8	7/8	4/4	2	1	1/8		1/8	1		2	62		566
51	51	7/8	7/8	4/4	1	1	1/8		1/8	1		4	64		558
52	52	0	0	4/4	3	2	1/4		1/4	1		1	43		585
52	52	0	0	4/4	3	1	1		1	1		2	50		584
52	52	0	0	4/4	3	1	1		1	1		1	55		584
52	52	0	0	4/4	2	2	1		1	1		-2	58		583
52	52	0	0	4/4	2	2	1		1	1		2	62		583
52	52	0	0	4/4	1	1	1/4		1/4	1		1	67		574
52	52	0	0	4/4	2	1	1/4		1/4	1		1	67		579
52	52	1/4	1/4	4/4	3	2	1/4		1/4	1		6	42		586
52	52	1/4	1/4	4/4	2	1	1/4		1/4	1		6	66		580
52	52	1/4	1/4	4/4	1	1	1/4		1/4	1		1	67		575
52	52	1/2	1/2	4/4	3	2	1/4		1/4	1		-1	41		587
52	52	1/2	1/2	4/4	2	1	1/4		1/4	1		-1	65		581
52	52	5/8	5/8	4/4	1	1	1/8		1/8	1		2	62		576
52	52	3/4	3/4	4/4	3	2	1/4		1/4	1		4	40		588
52	52	3/4	3/4	4/4	1	1	1/8		1/8	1		2	62		577
52	52	3/4	3/4	4/4	2	1	1/4		1/4	1		4	64		582
52	52	7/8	7/8	4/4	1	1	1/8		1/8	1		4	64		578
53	53	0	0	4/4	3	2	1/4		1/4	1		-2	46		597
53	53	0	0	4/4	3	1	1		1	1		2	50		596
53	53	0	0	4/4	2	2	1		1	1		-2	58		595
53	53	0	0	4/4	2	2	1		1	1		2	62		595
53	53	0	0	4/4	1	1	1/2		1/2	1		1	67		589
53	53	0	0	4/4	2	1	1/4		1/4	1		-2	70		591
53	53	1/4	1/4	4/4	3	2	1/4		1/4	1		3	45		598
53	53	1/4	1/4	4/4	2	1	1/4		1/4	1		3	69		592
53	53	1/2	1/2	4/4	3	2	1/4		1/4	1		-4	44		599
53	53	1/2	1/2	4/4	2	1	1/4		1/4	1		-4	68		593
53	53	3/4	3/4	4/4	3	2	1/4		1/4	1		1	43		600
53	53	3/4	3/4	4/4	2	1	1/4		1/4	1		1	67		594
53	53	3/4	3/4	4/4	1	1	1/4		1/4	1		2	74		590
54	54	0	0	4/4	3	1	1/2		1/2	1		-1	41		610
54	54	0	0	4/4	2	2	1/2		1/2	1		2	62		606
54	54	0	0	4/4	1	1	1/2		1/2	1		2	74		601
54	54	0	0	4/4	2	1	1/2		1/2	1		2	74		604
54	54	1/2	1/2	4/4	3	1	1/2		1/2	1		-6	42		611
54	54	1/2	1/2	4/4	2	2	1/2		1/2	1		-1	65		607
54	54	1/2	1/2	4/4	1	1	3/8		1/4	3/2		-5	73		602
54	54	1/2	1/2	4/4	2	1	1/2		1/2	1		-5	73		605
54	54	7/8	7/8	4/4	1	1	1/8		1/8	1		-5	73		603
54	54	1	1	4/4	2	2	1/2		1/2	1		-5	61		608
54	54	3/2	3/2	4/4	2	2	1/2		1/2	1		-2	70		609
55	55	0	0	4/4	3	1	1		1	1		1	43		623
55	55	0	0	4/4	2	2	3/4		1/2	3/2		4	64		622
55	55	0	0	4/4	2	2	3/4		1/2	3/2		-2	70		622
55	55	0	0	4/4	1	1	1/8		1/8	1		-5	73		612
55	55	0	0	4/4	2	1	1/8		1/8	1		-5	73		617
55	55	1/8	1/8	4/4	1	1	1/8		1/8	1	1	0	72		613
55	55	1/8	1/8	4/4	2	1	1/8		1/8	1		0	72		618
55	55	1/4	1/4	4/4	1	1	1/4		1/4	1	-1	0	72		614
55	55	1/4	1/4	4/4	2	1	1/2		1/2	1		0	72		619
55	55	3/4	3/4	4/4	1	1	1/8		1/8	1		6	66		615
55	55	3/4	3/4	4/4	2	1	1/8		1/8	1		6	66		620
55	55	7/8	7/8	4/4	1	1	1/8		1/8	1		1	67		616
55	55	7/8	7/8	4/4	2	1	1/8		1/8	1		1	67		621
56	56	0	0	4/4	3	1	1/2		1/2	1		-4	44		635
56	56	0	0	4/4	2	3	1		1	1		-3	63		634
56	56	0	0	4/4	2	2	1/2		1/2	1		0	72		632
56	56	0	0	4/4	1	1	1/4		1/4	1		-1	77		624
56	56	0	0	4/4	2	1	1/4		1/4	1		-1	77		628
56	56	1/4	1/4	4/4	1	1	1/4		1/4	1		-3	75		625
56	56	1/4	1/4	4/4	2	1	1/4		1/4	1		-3	75		629
56	56	1/2	1/2	4/4	3	1	1/4		1/4	1		1	43		636
56	56	1/2	1/2	4/4	2	2	1/4		1/4	1		5	71		633
56	56	1/2	1/2	4/4	1	1	1/4		1/4	1		2	74		626
56	56	1/2	1/2	4/4	2	1	1/4		1/4	1		2	74		630
56	56	3/4	3/4	4/4	3	1	1/4		1/4	1		-4	44		637
56	56	3/4	3/4	4/4	1	1	1/4		1/4	1		0	72		627
56	56	3/4	3/4	4/4	2	1	1/4		1/4	1		0	72		631
57	57	0	0	4/4	3	1	3/4		1/2	3/2		3	45		647
57	57	0	0	4/4	2	3	3/4		1/2	3/2		-3	63		646
57	57	0	0	4/4	2	2	1/4		1/4	1		-6	66		642
57	57	0	0	4/4	1	1	1/2		1/2	1		0	72		638
57	57	0	0	4/4	2	1	3/4		1/2	3/2		0	72		639
57	57	1/4	1/4	4/4	2	2	1/4		1/4	1		-1	65		643
57	57	1/2	1/2	4/4	2	2	1/4		1/4	1		4	64		644
57	57	3/4	3/4	4/4	3	1	1/4		1/4	1		-2	46		648
57	57	3/4	3/4	4/4	2	2	1/4		1/4	1		-3	63		645
57	57	3/4	3/4	4/4	2	1	1/8		1/8	1		6	66		640
57	57	7/8	7/8	4/4	2	1	1/8		1/8	1		1	67		641
58	58	0	0	4/4	3	1	1/4		1/4	1		3	45		657
58	58	0	0	4/4	2	2	1/2		1/2	1		-3	63		655
58	58	0	0	4/4	2	1	1/4		1/4	1		-1	65		649
58	58	0	0	4/4	2	1	1/4		1/4	1		-3	75		649
58	58	1/4	1/4	4/4	3	1	1/4		1/4	1		-2	46		658
58	58	1/4	1/4	4/4	2	1	1/8		1/8	1		6	66		650
58	58	3/8	3/8	4/4	2	1	1/8		1/8	1		1	67		651
58	58	1/2	1/2	4/4	3	1	1/4		1/4	1		3	45		659
58	58	1/2	1/2	4/4	2	2	1/2		1/2	1		-3	63		656
58	58	1/2	1/2	4/4	2	1	1/4		1/4	1		-1	65		652
58	58	1/2	1/2	4/4	2	1	1/4		1/4	1		2	74		652
58	58	3/4	3/4	4/4	3	1	1/4		1/4	1		-2	46		660
58	58	3/4	3/4	4/4	2	1	1/8		1/8	1		6	66		653
58	58	7/8	7/8	4/4	2	1	1/8		1/8	1		1	67		654
59	59	0	0	4/4	3	1	1/4		1/4	1		5	47		673
59	59	0	0	4/4	2	3	3/4		1/2	3/2		-3	63		671
59	59	0	0	4/4	2	2	1/4		1/4	1		1	67		668
59	59	0	0	4/4	2	1	1/8		1/8	1		2	74		662
59	59	1/8	1/8	4/4	2	1	1/8		1/8	1		0	72		663
59	59	1/4	1/4	4/4	3	1	1/2		1/2	1		0	48		674
59	59	1/4	1/4	4/4	2	2	1/2		1/2	1		-4	68		669
59	59	1/4	1/4	4/4	2	1	3/8		1/4	3/2		0	72		664
59	59	5/8	5/8	4/4	2	1	1/8		1/8	1		5	71		665
59	59	3/4	3/4	4/4	3	1	1/4		1/4	1		7	49		675
59	59	3/4	3/4	4/4	2	3	1/4		1/4	1		4	64		672
59	59	3/4	3/4	4/4	2	2	1/4		1/4	1		1	67		670
59	59	3/4	3/4	4/4	1	1	1/4		1/4	1		3	69		661
59	59	3/4	3/4	4/4	2	1	1/8		1/8	1		-2	70		666
59	59	7/8	7/8	4/4	2	1	1/8		1/8	1		3	69		667
60	60	0	0	4/4	3	2	1		1	1		2	50		687
60	60	0	0	4/4	3	1	1/2		1/2	1		3	57		685
60	60	0	0	4/4	2	1	1/2		1/2	1		-1	65		683
60	60	0	0	4/4	1	1	1/4		1/4	1		3	69		676
60	60	0	0	4/4	2	1	1/2		1/2	1		3	69		683
60	60	1/4	1/4	4/4	1	1	1/8		1/8	1		-1	65		677
60	60	3/8	3/8	4/4	1	1	1/8		1/8	1		-1	65		678
60	60	1/2	1/2	4/4	3	1	1/2		1/2	1		-2	58		686
60	60	1/2	1/2	4/4	2	1	1/2		1/2	1		7	61		684
60	60	1/2	1/2	4/4	1	1	1/4		1/4	1		4	64		679
60	60	1/2	1/2	4/4	2	1	1/2		1/2	1		4	64		684
60	60	3/4	3/4	4/4	1	2	1/8		1/8	1		-2	70		681
60	60	3/4	3/4	4/4	1	1	1/4		1/4	1		-2	70		680
60	60	7/8	7/8	4/4	1	2	1/8		1/8	1		-2	70		682
61	61	0	0	4/4	3	2	1		1	1		2	50		700
61	61	0	0	4/4	3	1	1/4		1/4	1		-2	58		696
61	61	0	0	4/4	2	2	1		1	1		2	62		695
61	61	0	0	4/4	2	2	1		1	1		-1	65		695
61	61	0	0	4/4	1	1	1/2		1/2	1		2	74		688
61	61	0	0	4/4	2	1	1/2		1/2	1		2	74		690
61	61	1/4	1/4	4/4	3	1	1/4		1/4	1		-1	53		697
61	61	1/2	1/2	4/4	3	1	1/4		1/4	1		2	50		698
61	61	1/2	1/2	4/4	1	1	1/4		1/4	1		-1	65		689
61	61	1/2	1/2	4/4	2	1	1/8		1/8	1		0	72		691
61	61	5/8	5/8	4/4	2	1	1/8		1/8	1		-2	70		692
61	61	3/4	3/4	4/4	3	1	1/4		1/4	1		-2	58		699
61	61	3/4	3/4	4/4	2	1	1/8		1/8	1		3	69		693
61	61	7/8	7/8	4/4	2	1	1/8		1/8	1		1	67		694
62	62	0	0	4/4	3	2	1		1	1		2	50		707
62	62	0	0	4/4	3	1	1/2		1/2	1		5	59		705
62	62	0	0	4/4	2	1	1/4		1/4	1		6	66		701
62	62	1/4	1/4	4/4	2	1	1/4		1/4	1		2	62		702
62	62	1/2	1/2	4/4	3	1	1/2		1/2	1		1	55		706
62	62	1/2	1/2	4/4	3	1	1/2		1/2	1		10	58		706
62	62	1/2	1/2	4/4	2	1	1/4		1/4	1		7	61		703
62	62	3/4	3/4	4/4	2	1	1/4		1/4	1		1	67		704
63	63	0	0	4/4	3	2	1		1	1		2	38		722
63	63	0	0	4/4	3	1	1/4		1/4	1		2	50		718
63	63	0	0	4/4	2	2	1		1	1		5	59		717
63	63	0	0	4/4	2	2	1		1	1		2	62		717
63	63	0	0	4/4	2	1	1/2		1/2	1		5	71		712
63	63	1/4	1/4	4/4	3	1	1/4		1/4	1		5	47		719
63	63	1/2	1/2	4/4	3	1	1/4		1/4	1		2	38		720
63	63	1/2	1/2	4/4	2	1	1/8		1/8	1		3	69		713
63	63	5/8	5/8	4/4	2	1	1/8		1/8	1		1	67		714
63	63	3/4	3/4	4/4	3	1	1/4		1/4	1		2	50		721
63	63	3/4	3/4	4/4	1	1	1/8		1/8	1		6	66		708
63	63	3/4	3/4	4/4	1	2	1/8		1/8	1		6	66		710
63	63	3/4	3/4	4/4	2	1	1/8		1/8	1		6	66		715
63	63	7/8	7/8	4/4	1	1	1/8		1/8	1		4	64		709
63	63	7/8	7/8	4/4	1	2	1/8		1/8	1		4	64		711
63	63	7/8	7/8	4/4	2	1	1/8		1/8	1		4	64		716
64	64	0	0	4/4	3	2	1/2		1/2	1		2	38		731
64	64	0	0	4/4	3	2	1/2		1/2	1		-2	46		731
64	64	0	0	4/4	3	1	1/2		1/2	1		-1	53		730
64	64	0	0	4/4	2	1	1/2		1/2	1		-2	58		728
64	64	0	0	4/4	1	1	1/4		1/4	1		2	62		723
64	64	0	0	4/4	2	1	1/2		1/2	1		2	62		728
64	64	1/4	1/4	4/4	1	1	1/4		1/4	1		2	62		724
64	64	1/2	1/2	4/4	3	2	1/8		1/8	1		3	45		732
64	64	1/2	1/2	4/4	2	1	1/2		1/2	1		-2	58		729
64	64	1/2	1/2	4/4	2	1	1/2		1/2	1		7	61		729
64	64	1/2	1/2	4/4	1	1	1/4		1/4	1		4	64		725
64	64	1/2	1/2	4/4	2	1	1/2		1/2	1		4	64		729
64	64	5/8	5/8	4/4	3	2	1/8		1/8	1		1	43		733
64	64	3/4	3/4	4/4	3	2	1/8		1/8	1		-1	41		734
64	64	3/4	3/4	4/4	1	1	1/8		1/8	1		2	62		726
64	64	7/8	7/8	4/4	3	2	1/8		1/8	1		4	40		735
64	64	7/8	7/8	4/4	1	1	1/8		1/8	1		4	64		727
65	65	0	0	4/4	3	2	1		1	1		2	38		747
65	65	0	0	4/4	3	1	1/2		1/2	1		2	50		742
65	65	0	0	4/4	2	2	1/2		1/2	1		-2	58		741
65	65	0	0	4/4	2	1	1/2		1/2	1		2	62		738
65	65	0	0	4/4	1	1	1/2		1/2	1		-1	65		736
65	65	0	0	4/4	2	1	1/2		1/2	1		-1	65		738
65	65	1/2	1/2	4/4	3	1	1/8		1/8	1		0	48		743
65	65	1/2	1/2	4/4	2	1	1/4		1/4	1		7	61		739
65	65	1/2	1/2	4/4	1	1	1/4		1/4	1		4	64		737
65	65	1/2	1/2	4/4	2	1	1/4		1/4	1		4	64		739
65	65	5/8	5/8	4/4	3	1	1/8		1/8	1		-2	46		744
65	65	3/4	3/4	4/4	3	1	1/8		1/8	1		3	45		745
65	65	3/4	3/4	4/4	2	1	1/4		1/4	1		7	61		740
65	65	3/4	3/4	4/4	2	1	1/4		1/4	1		4	64		740
65	65	7/8	7/8	4/4	3	1	1/8		1/8	1		1	43		746
66	66	0	0	4/4	3	3	1/2		1/2	1		2	38		760
66	66	0	0	4/4	3	2	1/2		1/2	1		-2	46		755
66	66	0	0	4/4	3	1	1		1	1		-2	58		754
66	66	0	0	4/4	2	2	1/2		1/2	1		2	62		751
66	66	0	0	4/4	2	2	1/2		1/2	1		-1	65		751
66	66	1/2	1/2	4/4	3	2	1/8		1/8	1		3	45		756
66	66	1/2	1/2	4/4	2	2	1/4		1/4	1		7	61		752
66	66	1/2	1/2	4/4	2	2	1/4		1/4	1		4	64		752
66	66	5/8	5/8	4/4	3	2	1/8		1/8	1		1	43		757
66	66	3/4	3/4	4/4	3	2	1/8		1/8	1		-1	41		758
66	66	3/4	3/4	4/4	2	2	1/4		1/4	1		0	60		753
66	66	3/4	3/4	4/4	2	2	1/4		1/4	1		4	64		753
66	66	13/16	13/16	4/4	2	1	1/16		1/16	1		-2	82		748
66	66	7/8	7/8	4/4	3	2	1/8		1/8	1		4	40		759
66	66	7/8	7/8	4/4	2	1	1/16		1/16	1		2	86		749
66	66	15/16	15/16	4/4	2	1	1/16		1/16	1		2	74		750
67	67	0	0	4/4	3	2	1		1	1		2	38		770
67	67	0	0	4/4	3	1	1/4		1/4	1		-2	46		766
67	67	0	0	4/4	2	1	1/16		1/16	1		2	74		761
67	67	0	0	4/4	2	1	1/16		1/16	1		1	79		761
67	67	1/16	1/16	4/4	2	1	1/16		1/16	1		1	67		762
67	67	1/4	1/4	4/4	3	1	1/4		1/4	1		3	45		767
67	67	1/2	1/2	4/4	3	1	1/4		1/4	1		1	43		768
67	67	3/4	3/4	4/4	3	1	1/4		1/4	1		-1	41		769
67	67	13/16	13/16	4/4	2	1	1/16		1/16	1		2	74		763
67	67	7/8	7/8	4/4	2	1	1/16		1/16	1		1	79		764
67	67	15/16	15/16	4/4	2	1	1/16		1/16	1		1	67		765
68	68	0	0	4/4	3	2	1		1	1		2	38		779
68	68	0	0	4/4	3	1	1/4		1/4	1		1	43		775
68	68	0	0	4/4	2	1	1/16		1/16	1		-2	70		771
68	68	0	0	4/4	2	1	1/16		1/16	1		2	74		771
68	68	1/16	1/16	4/4	2	1	1/16		1/16	1		4	64		772
68	68	1/4	1/4	4/4	3	1	1/4		1/4	1		-1	41		776
68	68	1/2	1/2	4/4	3	1	1/4		1/4	1		4	40		777
68	68	3/4	3/4	4/4	3	1	1/4		1/4	1		2	38		778
68	68	3/4	3/4	4/4	2	1	1/8		1/8	1		9	63		773
68	68	7/8	7/8	4/4	2	1	1/8		1/8	1		4	64		774
69	69	0	0	4/4	3	2	1		1	1		2	38		787
69	69	0	0	4/4	3	1	1/4		1/4	1		0	48		783
69	69	0	0	4/4	2	1	3/4		1/2	3/2		1	55		780
69	69	0	0	4/4	2	1	3/4		1/2	3/2		2	62		780
69	69	0	0	4/4	2	1	3/4		1/2	3/2		4	64		780
69	69	0	0	4/4	2	1	3/4		1/2	3/2		1	67		780
69	69	1/4	1/4	4/4	3	1	1/4		1/4	1		-2	46		784
69	69	1/2	1/2	4/4	3	1	1/4		1/4	1		3	45		785
69	69	3/4	3/4	4/4	3	1	1/4		1/4	1		1	43		786
69	69	3/4	3/4	4/4	2	1	1/8		1/8	1		9	63		781
69	69	7/8	7/8	4/4	2	1	1/8		1/8	1		4	64		782
70	70	0	0	4/4	3	2	1		1	1		2	38		795
70	70	0	0	4/4	3	1	1/4		1/4	1		3	45		791
70	70	0	0	4/4	2	1	3/4		1/2	3/2		1	55		788
70	70	0	0	4/4	2	1	3/4		1/2	3/2		2	62		788
70	70	0	0	4/4	2	1	3/4		1/2	3/2		4	64		788
70	70	0	0	4/4	2	1	3/4		1/2	3/2		1	67		788
70	70	1/4	1/4	4/4	3	1	1/4		1/4	1		1	43		792
70	70	1/2	1/2	4/4	3	1	1/4		1/4	1		-1	41		793
70	70	3/4	3/4	4/4	3	1	1/4		1/4	1		4	40		794
70	70	3/4	3/4	4/4	2	1	1/8		1/8	1		9	63		789
70	70	7/8	7/8	4/4	2	1	1/8		1/8	1		4	64		790
71	71	0	0	4/4	3	2	1		1	1		2	38		806
71	71	0	0	4/4	3	1	1/4		1/4	1		4	52		802
71	71	0	0	4/4	2	1	1/4		1/4	1		2	62		796
71	71	0	0	4/4	2	1	1/4		1/4	1		4	64		796
71	71	0	0	4/4	2	1	1/4		1/4	1		-2	70		796
71	71	1/4	1/4	4/4	3	1	1/4		1/4	1		2	50		803
71	71	1/4	1/4	4/4	2	1	1/8		1/8	1		9	63		797
71	71	3/8	3/8	4/4	2	1	1/8		1/8	1		4	64		798
71	71	1/2	1/2	4/4	3	1	1/4		1/4	1		0	48		804
71	71	1/2	1/2	4/4	2	1	1/4		1/4	1		2	62		799
71	71	1/2	1/2	4/4	2	1	1/4		1/4	1		4	64		799
71	71	1/2	1/2	4/4	2	1	1/4		1/4	1		3	69		799
71	71	3/4	3/4	4/4	3	1	1/4		1/4	1		-2	46		805
71	71	3/4	3/4	4/4	2	1	1/8		1/8	1		9	63		800
71	71	7/8	7/8	4/4	2	1	1/8		1/8	1		4	64		801
72	72	0	0	4/4	3	2	1		1	1		2	38		817
72	72	0	0	4/4	3	1	1/4		1/4	1		0	48		813
72	72	0	0	4/4	2	2	3/4		1/2	3/2		2	62		812
72	72	0	0	4/4	2	2	3/4		1/2	3/2		4	64		812
72	72	0	0	4/4	2	1	1/8		1/8	1		3	69		807
72	72	1/8	1/8	4/4	2	1	1/8		1/8	1		1	67		808
72	72	1/4	1/4	4/4	3	1	1/4		1/4	1		-2	46		814
72	72	1/4	1/4	4/4	2	1	1/2		1/2	1		1	67		809
72	72	1/2	1/2	4/4	3	1	1/4		1/4	1		3	45		815
72	72	3/4	3/4	4/4	3	1	1/4		1/4	1		1	43		816
72	72	3/4	3/4	4/4	2	1	1/8		1/8	1		9	63		810
72	72	7/8	7/8	4/4	2	1	1/8		1/8	1		4	64		811
73	73	0	0	4/4	3	1	1		1	1		2	38		830
73	73	0	0	4/4	3	1	1		1	1		-2	46		830
73	73	0	0	4/4	3	1	1		1	1		-2	58		830
73	73	0	0	4/4	2	2	1/8		1/8	1		1	67		822
73	73	0	0	4/4	2	1	1/4		1/4	1		2	74		818
73	73	1/8	1/8	4/4	2	2	1/8		1/8	1		6	66		823
73	73	1/4	1/4	4/4	2	2	1/8		1/8	1		1	67		824
73	73	1/4	1/4	4/4	2	1	1/4		1/4	1		7	73		819
73	73	3/8	3/8	4/4	2	2	1/8		1/8	1		4	64		825
73	73	1/2	1/2	4/4	2	2	1/8		1/8	1		1	67		826
73	73	1/2	1/2	4/4	2	1	1/4		1/4	1		0	72		820
73	73	5/8	5/8	4/4	2	2	1/8		1/8	1		-3	63		827
73	73	3/4	3/4	4/4	2	2	1/8		1/8	1		1	67		828
73	73	3/4	3/4	4/4	2	1	1/4		1/4	1		5	71		821
73	73	7/8	7/8	4/4	2	2	1/8		1/8	1		2	62		829
74	74	0	0	4/4	3	1	1		1	1		2	38		846
74	74	0	0	4/4	3	1	1		1	1		2	50		846
74	74	0	0	4/4	2	2	1/8		1/8	1		1	67		838
74	74	0	0	4/4	2	1	1/4		1/4	1		0	72		834
74	74	1/8	1/8	4/4	2	2	1/8		1/8	1		4	64		839
74	74	1/4	1/4	4/4	2	2	1/8		1/8	1		1	67		840
74	74	1/4	1/4	4/4	2	1	1/4		1/4	1		5	71		835
74	74	3/8	3/8	4/4	2	2	1/8		1/8	1		-3	63		841
74	74	1/2	1/2	4/4	2	2	1/8		1/8	1		1	67		842
74	74	1/2	1/2	4/4	2	1	1/4		1/4	1		-2	70		836
74	74	5/8	5/8	4/4	1	1	1/8		1/8	1		2	62		831
74	74	5/8	5/8	4/4	2	2	1/8		1/8	1		2	62		843
74	74	3/4	3/4	4/4	1	1	1/8		1/8	1		2	62		832
74	74	3/4	3/4	4/4	2	2	1/8		1/8	1		1	67		844
74	74	3/4	3/4	4/4	2	1	1/4		1/4	1		3	69		837
74	74	7/8	7/8	4/4	2	2	1/8		1/8	1		7	61		845
74	74	7/8	7/8	4/4	1	1	1/8		1/8	1		4	64		833
75	75	0	0	4/4	3	1	1		1	1		2	38		864
75	75	0	0	4/4	3	1	1		1	1		-2	46		864
75	75	0	0	4/4	3	1	1		1	1		-2	58		864
75	75	0	0	4/4	2	2	1/8		1/8	1		1	67		856
75	75	0	0	4/4	1	1	1/4		1/4	1		1	67		847
75	75	0	0	4/4	2	1	1/4		1/4	1		-3	75		852
75	75	1/8	1/8	4/4	2	2	1/8		1/8	1		6	66		857
75	75	1/4	1/4	4/4	2	2	1/8		1/8	1		1	67		858
75	75	1/4	1/4	4/4	1	1	1/4		1/4	1		1	67		848
75	75	1/4	1/4	4/4	2	1	1/4		1/4	1		2	74		853
75	75	3/8	3/8	4/4	2	2	1/8		1/8	1		4	64		859
75	75	1/2	1/2	4/4	2	2	1/8		1/8	1		1	67		860
75	75	1/2	1/2	4/4	2	1	1/4		1/4	1		7	73		854
75	75	5/8	5/8	4/4	1	1	1/8		1/8	1		2	62		849
75	75	5/8	5/8	4/4	2	2	1/8		1/8	1		-3	63		861
75	75	3/4	3/4	4/4	1	1	1/8		1/8	1		2	62		850
75	75	3/4	3/4	4/4	2	2	1/8		1/8	1		1	67		862
75	75	3/4	3/4	4/4	2	1	1/4		1/4	1		0	72		855
75	75	7/8	7/8	4/4	2	2	1/8		1/8	1		2	62		863
75	75	7/8	7/8	4/4	1	1	1/8		1/8	1		4	64		851
76	76	0	0	4/4	3	1	1		1	1		2	38		878
76	76	0	0	4/4	3	1	1		1	1		2	50		878
76	76	0	0	4/4	2	2	1/8		1/8	1		1	67		870
76	76	0	0	4/4	1	1	1		1	1		1	67		865
76	76	0	0	4/4	2	1	1/4		1/4	1		7	73		866
76	76	1/8	1/8	4/4	2	2	1/8		1/8	1		4	64		871
76	76	1/4	1/4	4/4	2	2	1/8		1/8	1		1	67		872
76	76	1/4	1/4	4/4	2	1	1/4		1/4	1		0	72		867
76	76	3/8	3/8	4/4	2	2	1/8		1/8	1		-3	63		873
76	76	1/2	1/2	4/4	2	2	1/8		1/8	1		1	67		874
76	76	1/2	1/2	4/4	2	1	1/4		1/4	1		5	71		868
76	76	5/8	5/8	4/4	2	2	1/8		1/8	1		2	62		875
76	76	3/4	3/4	4/4	2	2	1/8		1/8	1		1	67		876
76	76	3/4	3/4	4/4	2	1	1/4		1/4	1		-2	70		869
76	76	7/8	7/8	4/4	2	2	1/8		1/8	1		7	61		877
77	77	0	0	4/4	3	2	1		1	1	1	2	38		889
77	77	0	0	4/4	3	2	1		1	1	1	3	45		889
77	77	0	0	4/4	3	1	1/4		1/4	1		3	57		885
77	77	0	0	4/4	2	1	1		1	1	1	3	81		879
77	77	0	0	4/4	2	1	1		1	1	1	3	93		879
77	77	1/4	1/4	4/4	3	1	1/4		1/4	1		1	55		886
77	77	5/16	5/16	4/4	2	2	1/16		1/16	1		3	81		880
77	77	3/8	3/8	4/4	2	2	1/16		1/16	1		4	88		881
77	77	7/16	7/16	4/4	2	2	1/16		1/16	1		4	76		882
77	77	1/2	1/2	4/4	3	1	1/4		1/4	1		-1	53		887
77	77	1/2	1/2	4/4	2	2	1/16		1/16	1		3	81		883
77	77	9/16	9/16	4/4	2	2	1/16		1/16	1		3	69		884
77	77	3/4	3/4	4/4	3	1	1/4		1/4	1		4	52		888
78	78	0	0	4/4	3	2	1		1	1	-1	2	38		903
78	78	0	0	4/4	3	2	1		1	1	-1	3	45		903
78	78	0	0	4/4	3	1	1/4		1/4	1		-1	53		899
78	78	0	0	4/4	2	1	1		1	1	-1	3	81		890
78	78	0	0	4/4	2	1	1		1	1	-1	3	93		890
78	78	1/4	1/4	4/4	3	1	1/4		1/4	1		4	52		900
78	78	5/16	5/16	4/4	2	2	1/16		1/16	1		3	81		891
78	78	3/8	3/8	4/4	2	2	1/16		1/16	1		4	88		892
78	78	7/16	7/16	4/4	2	2	1/16		1/16	1		4	76		893
78	78	1/2	1/2	4/4	3	1	1/4		1/4	1		2	50		901
78	78	1/2	1/2	4/4	2	2	1/16		1/16	1		3	81		894
78	78	9/16	9/16	4/4	2	2	1/16		1/16	1		3	69		895
78	78	3/4	3/4	4/4	3	1	1/4		1/4	1		7	49		902
78	78	13/16	13/16	4/4	2	2	1/16		1/16	1		4	76		896
78	78	7/8	7/8	4/4	2	2	1/16		1/16	1		3	81		897
78	78	15/16	15/16	4/4	2	2	1/16		1/16	1		3	69		898
79	79	0	0	4/4	3	2	1		1	1		2	38		915
79	79	0	0	4/4	3	2	1		1	1		3	45		915
79	79	0	0	4/4	3	1	1/4		1/4	1		3	57		911
79	79	0	0	4/4	2	1	1		1	1		3	81		905
79	79	0	0	4/4	2	1	1		1	1		3	93		905
79	79	1/4	1/4	4/4	3	1	1/4		1/4	1		1	55		912
79	79	5/16	5/16	4/4	2	2	1/16		1/16	1		3	81		906
79	79	3/8	3/8	4/4	2	2	1/16		1/16	1		4	88		907
79	79	7/16	7/16	4/4	2	2	1/16		1/16	1		4	76		908
79	79	1/2	1/2	4/4	3	1	1/4		1/4	1		-1	53		913
79	79	1/2	1/2	4/4	2	2	1/16		1/16	1		3	81		909
79	79	9/16	9/16	4/4	2	2	1/16		1/16	1		3	69		910
79	79	3/4	3/4	4/4	3	1	1/4		1/4	1		4	52		914
79	79	3/4	3/4	4/4	1	1	1/4		1/4	1		1	67		904
80	80	0	0	4/4	3	2	1		1	1		2	38		928
80	80	0	0	4/4	3	2	1		1	1		3	45		928
80	80	0	0	4/4	3	1	1/4		1/4	1		-1	53		924
80	80	0	0	4/4	1	1	1/2		1/2	1		1	67		916
80	80	0	0	4/4	2	1	1/2		1/2	1	1	1	67		919
80	80	1/4	1/4	4/4	3	1	1/4		1/4	1		4	52		925
80	80	1/2	1/2	4/4	3	1	1/4		1/4	1		2	50		926
80	80	1/2	1/2	4/4	1	1	3/8		1/4	3/2		6	66		917
80	80	1/2	1/2	4/4	2	1	1/8		1/8	1	-1	1	67		920
80	80	5/8	5/8	4/4	2	1	1/8		1/8	1		-2	70		921
80	80	3/4	3/4	4/4	3	1	1/4		1/4	1		7	49		927
80	80	3/4	3/4	4/4	2	1	1/8		1/8	1		3	69		922
80	80	7/8	7/8	4/4	1	1	1/8		1/8	1		-2	58		918
80	80	7/8	7/8	4/4	2	1	1/8		1/8	1		-4	68		923
81	81	0	0	4/4	3	2	1		1	1		2	38		940
81	81	0	0	4/4	3	2	1		1	1		3	45		940
81	81	0	0	4/4	3	1	1/2		1/2	1		1	55		938
81	81	0	0	4/4	2	2	1/4		1/4	1		2	62		934
81	81	0	0	4/4	1	1	1/4		1/4	1		-1	65		929
81	81	0	0	4/4	2	1	1/2		1/2	1		1	67		933
81	81	1/4	1/4	4/4	2	2	1/4		1/4	1		7	61		935
81	81	1/4	1/4	4/4	1	1	1/4		1/4	1		-1	65		930
81	81	1/2	1/2	4/4	3	1	1/2		1/2	1		4	52		939
81	81	1/2	1/2	4/4	2	2	1/4		1/4	1		5	59		936
81	81	3/4	3/4	4/4	2	2	1/4		1/4	1		-2	58		937
81	81	3/4	3/4	4/4	1	1	1/8		1/8	1		9	63		931
81	81	7/8	7/8	4/4	1	1	1/8		1/8	1		4	64		932
82	82	0	0	4/4	3	2	1		1	1		2	38		955
82	82	0	0	4/4	3	2	1		1	1		3	45		955
82	82	0	0	4/4	3	1	1/2		1/2	1		3	57		953
82	82	0	0	4/4	2	2	1/4		1/4	1		1	67		949
82	82	0	0	4/4	2	1	1/2		1/2	1	1	1	67		944
82	82	0	0	4/4	1	1	1/2		1/2	1		2	74		941
82	82	1/4	1/4	4/4	2	2	1/4		1/4	1		-1	65		950
82	82	1/2	1/2	4/4	3	1	1/2		1/2	1		1	55		954
82	82	1/2	1/2	4/4	2	2	1/4		1/4	1		4	64		951
82	82	1/2	1/2	4/4	2	1	1/8		1/8	1	-1	1	67		945
82	82	1/2	1/2	4/4	1	1	3/8		1/4	3/2		7	73		942
82	82	5/8	5/8	4/4	2	1	1/8		1/8	1		-2	70		946
82	82	3/4	3/4	4/4	2	2	1/4		1/4	1		-3	63		952
82	82	3/4	3/4	4/4	2	1	1/8		1/8	1		3	69		947
82	82	7/8	7/8	4/4	1	1	1/8		1/8	1		1	67		943
82	82	7/8	7/8	4/4	2	1	1/8		1/8	1		-4	68		948
83	83	0	0	4/4	3	2	1		1	1		2	38		966
83	83	0	0	4/4	3	2	1		1	1		3	45		966
83	83	0	0	4/4	3	1	1/2		1/2	1		1	55		964
83	83	0	0	4/4	2	2	1/4		1/4	1		4	64		960
83	83	0	0	4/4	2	1	3/4		1/2	3/2		1	67		957
83	83	0	0	4/4	1	1	1/2		1/2	1		0	72		956
83	83	1/4	1/4	4/4	2	2	1/4		1/4	1		-3	63		961
83	83	1/2	1/2	4/4	3	1	1/2		1/2	1		4	52		965
83	83	1/2	1/2	4/4	2	2	1/4		1/4	1		2	62		962
83	83	3/4	3/4	4/4	2	2	1/4		1/4	1		7	61		963
83	83	3/4	3/4	4/4	2	1	1/8		1/8	1		3	69		958
83	83	7/8	7/8	4/4	2	1	1/8		1/8	1		-2	70		959
84	84	0	0	4/4	3	2	1		1	1		2	38		978
84	84	0	0	4/4	3	2	1		1	1		3	45		978
84	84	0	0	4/4	3	1	1/2		1/2	1		3	57		976
84	84	0	0	4/4	2	2	1/4		1/4	1		1	67		970
84	84	0	0	4/4	2	1	1/2		1/2	1	1	1	67		967
84	84	0	0	4/4	2	1	1/2		1/2	1		-3	75		967
84	84	1/4	1/4	4/4	2	2	1/4		1/4	1		6	66		971
84	84	1/2	1/2	4/4	3	1	1/2		1/2	1		1	55		977
84	84	1/2	1/2	4/4	3	3	1/4		1/4	1		-1	65		979
84	84	1/2	1/2	4/4	2	2	1/8		1/8	1	-1	1	67		972
84	84	1/2	1/2	4/4	2	1	3/8		1/4	3/2		2	74		968
84	84	5/8	5/8	4/4	2	2	1/8		1/8	1		-2	70		973
84	84	3/4	3/4	4/4	3	3	1/4		1/4	1		4	64		980
84	84	3/4	3/4	4/4	2	2	1/8		1/8	1		3	69		974
84	84	7/8	7/8	4/4	2	2	1/8		1/8	1		8	68		975
84	84	7/8	7/8	4/4	2	1	1/8		1/8	1		7	73		969
85	85	0	0	4/4	3	1	1		1	1		2	38		992
85	85	0	0	4/4	3	1	1		1	1		3	45		992
85	85	0	0	4/4	2	2	1/2		1/2	1		1	67		985
85	85	0	0	4/4	2	3	1/4		1/4	1		3	69		988
85	85	0	0	4/4	2	1	1/2		1/2	1		-1	77		982
85	85	1/4	1/4	4/4	2	3	1/4		1/4	1		8	68		989
85	85	1/2	1/2	4/4	2	3	1/4		1/4	1		1	67		990
85	85	1/2	1/2	4/4	2	1	3/8		1/4	3/2		4	76		983
85	85	3/4	3/4	4/4	2	3	1/4		1/4	1		6	66		991
85	85	3/4	3/4	4/4	2	2	1/8		1/8	1		3	69		986
85	85	7/8	7/8	4/4	1	1	1/8		1/8	1		-2	70		981
85	85	7/8	7/8	4/4	2	2	1/8		1/8	1		-2	70		987
85	85	7/8	7/8	4/4	2	1	1/8		1/8	1		9	75		984
86	86	0	0	4/4	3	2	1		1	1		3	57		1008
86	86	0	0	4/4	3	1	1/4		1/4	1		7	61		1004
86	86	0	0	4/4	2	1	1/4		1/4	1		1	67		998
86	86	0	0	4/4	1	1	1/4		1/4	1		-2	70		993
86	86	0	0	4/4	2	1	1/4		1/4	1		1	79		998
86	86	1/4	1/4	4/4	3	1	1/4		1/4	1		2	62		1005
86	86	1/4	1/4	4/4	2	1	1/8		1/8	1		3	69		999
86	86	1/4	1/4	4/4	1	1	1/8		1/8	1		-2	70		994
86	86	3/8	3/8	4/4	1	1	1/8		1/8	1		-2	70		995
86	86	3/8	3/8	4/4	2	1	1/8		1/8	1		-2	70		1000
86	86	1/2	1/2	4/4	3	1	1/4		1/4	1		7	61		1006
86	86	1/2	1/2	4/4	2	1	1/4		1/4	1		1	67		1001
86	86	1/2	1/2	4/4	1	1	3/8		1/4	3/2		3	69		996
86	86	1/2	1/2	4/4	2	1	1/4		1/4	1		6	78		1001
86	86	3/4	3/4	4/4	3	1	1/4		1/4	1		2	62		1007
86	86	3/4	3/4	4/4	2	1	1/8		1/8	1		3	69		1002
86	86	7/8	7/8	4/4	1	1	1/8		1/8	1		3	69		997
86	86	7/8	7/8	4/4	2	1	1/8		1/8	1		-2	70		1003
87	87	0	0	4/4	3	2	1		1	1		3	57		1025
87	87	0	0	4/4	3	1	1/4		1/4	1		7	61		1021
87	87	0	0	4/4	2	2	1/2		1/2	1	1	1	67		1016
87	87	0	0	4/4	1	1	1/8		1/8	1		3	69		1009
87	87	0	0	4/4	2	1	1/8		1/8	1		6	78		1012
87	87	1/8	1/8	4/4	1	1	1/8		1/8	1		1	67		1010
87	87	1/8	1/8	4/4	2	1	1/8		1/8	1		4	76		1013
87	87	1/4	1/4	4/4	3	1	1/4		1/4	1		2	62		1022
87	87	1/4	1/4	4/4	1	1	1/2		1/2	1		1	67		1011
87	87	1/4	1/4	4/4	2	1	1/2		1/2	1		4	76		1014
87	87	1/2	1/2	4/4	3	1	1/4		1/4	1		7	61		1023
87	87	1/2	1/2	4/4	2	2	1/8		1/8	1	-1	1	67		1017
87	87	5/8	5/8	4/4	2	2	1/8		1/8	1		-2	70		1018
87	87	3/4	3/4	4/4	3	1	1/4		1/4	1		2	62		1024
87	87	3/4	3/4	4/4	2	2	1/8		1/8	1		3	69		1019
87	87	3/4	3/4	4/4	2	1	1/4		1/4	1		6	78		1015
87	87	7/8	7/8	4/4	2	2	1/8		1/8	1		8	68		1020
88	88	0	0	4/4	3	2	1		1	1		3	57		1039
88	88	0	0	4/4	3	1	1/4		1/4	1		7	61		1035
88	88	0	0	4/4	2	2	1/2		1/2	1	1	1	67		1030
88	88	0	0	4/4	2	1	1/8		1/8	1		6	78		1027
88	88	1/8	1/8	4/4	2	1	1/8		1/8	1		4	76		1028
88	88	1/4	1/4	4/4	3	1	1/4		1/4	1		2	62		1036
88	88	1/4	1/4	4/4	2	1	1/2		1/2	1		4	76		1029
88	88	1/2	1/2	4/4	3	1	1/4		1/4	1		7	61		1037
88	88	1/2	1/2	4/4	2	2	1/8		1/8	1	-1	1	67		1031
88	88	5/8	5/8	4/4	2	2	1/8		1/8	1		-2	70		1032
88	88	3/4	3/4	4/4	3	1	1/4		1/4	1		2	62		1038
88	88	3/4	3/4	4/4	1	1	1/4		1/4	1		1	67		1026
88	88	3/4	3/4	4/4	2	2	1/8		1/8	1		3	69		1033
88	88	7/8	7/8	4/4	2	2	1/8		1/8	1		8	68		1034
89	89	0	0	4/4	3	2	1		1	1		3	57		1059
89	89	0	0	4/4	3	1	1/8		1/8	1		7	61		1054
89	89	0	0	4/4	1	1	3/8		1/4	3/2		1	67		1040
89	89	0	0	4/4	2	2	1		1	1		1	67		1053
89	89	0	0	4/4	2	1	1/8		1/8	1		1	79		1045
89	89	1/8	1/8	4/4	3	1	1/4		1/4	1		0	60		1055
89	89	1/8	1/8	4/4	2	1	1/8		1/8	1		6	78		1046
89	89	1/4	1/4	4/4	2	1	1/8		1/8	1		1	79		1047
89	89	3/8	3/8	4/4	3	1	1/4		1/4	1		5	59		1056
89	89	3/8	3/8	4/4	1	1	1/8		1/8	1		1	67		1041
89	89	3/8	3/8	4/4	2	1	1/8		1/8	1		-3	75		1048
89	89	1/2	1/2	4/4	1	1	1/4		1/4	1		3	69		1042
89	89	1/2	1/2	4/4	2	1	1/8		1/8	1		1	79		1049
89	89	5/8	5/8	4/4	3	1	1/4		1/4	1		-2	58		1057
89	89	5/8	5/8	4/4	2	1	1/8		1/8	1		2	74		1050
89	89	3/4	3/4	4/4	1	1	1/8		1/8	1		1	67		1043
89	89	3/4	3/4	4/4	2	1	1/8		1/8	1		1	79		1051
89	89	7/8	7/8	4/4	3	1	1/8		1/8	1	1	3	57		1058
89	89	7/8	7/8	4/4	1	1	1/8		1/8	1		3	69		1044
89	89	7/8	7/8	4/4	2	1	1/8		1/8	1		7	73		1052
90	90	0	0	4/4	3	2	1		1	1	1	3	45		1078
90	90	0	0	4/4	3	1	1/8		1/8	1	-1	3	57		1073
90	90	0	0	4/4	2	2	1/8		1/8	1		1	67		1065
90	90	0	0	4/4	1	1	3/4		1/2	3/2		0	72		1060
90	90	0	0	4/4	2	1	1/8		1/8	1		1	79		1062
90	90	1/8	1/8	4/4	3	1	3/8		1/4	3/2	1	1	55		1074
90	90	1/8	1/8	4/4	2	2	1/8		1/8	1		4	64		1066
90	90	1/8	1/8	4/4	2	1	1/8		1/8	1		-2	70		1063
90	90	1/4	1/4	4/4	2	2	1/8		1/8	1		1	67		1067
90	90	1/4	1/4	4/4	2	1	1/2		1/2	1		-2	70		1064
90	90	3/8	3/8	4/4	2	2	1/8		1/8	1		-3	63		1068
90	90	1/2	1/2	4/4	3	1	1/8		1/8	1	-1	1	55		1075
90	90	1/2	1/2	4/4	2	2	1/8		1/8	1		1	67		1069
90	90	5/8	5/8	4/4	3	1	1/4		1/4	1		6	54		1076
90	90	5/8	5/8	4/4	2	2	1/8		1/8	1		2	62		1070
90	90	3/4	3/4	4/4	2	2	1/8		1/8	1		1	67		1071
90	90	3/4	3/4	4/4	1	1	1/4		1/4	1		5	71		1061
90	90	7/8	7/8	4/4	3	1	1/8		1/8	1		-1	53		1077
90	90	7/8	7/8	4/4	2	2	1/8		1/8	1		7	61		1072
91	91	0	0	4/4	3	3	1		1	1	-1	3	45		1094
91	91	0	0	4/4	3	2	1/2		1/2	1		4	52		1091
91	91	0	0	4/4	3	1	1/8		1/8	1		-2	58		1083
91	91	0	0	4/4	2	1	1/8		1/8	1		1	67		1080
91	91	0	0	4/4	1	1	1/4		1/4	1		-2	70		1079
91	91	1/8	1/8	4/4	3	1	1/8		1/8	1		3	57		1084
91	91	1/8	1/8	4/4	2	1	1/8		1/8	1		-2	58		1081
91	91	1/4	1/4	4/4	3	1	1/8		1/8	1		-2	58		1085
91	91	1/4	1/4	4/4	2	1	1/2		1/2	1		-2	58		1082
91	91	3/8	3/8	4/4	3	1	1/8		1/8	1		1	55		1086
91	91	1/2	1/2	4/4	3	2	1/4		1/4	1		-3	51		1092
91	91	1/2	1/2	4/4	3	1	1/8		1/8	1		-2	58		1087
91	91	5/8	5/8	4/4	3	1	1/8		1/8	1		-6	54		1088
91	91	3/4	3/4	4/4	3	2	1/4		1/4	1		2	50		1093
91	91	3/4	3/4	4/4	3	1	1/8		1/8	1		-2	58		1089
91	91	7/8	7/8	4/4	3	1	1/8		1/8	1		-1	53		1090
92	92	0	0	4/4	3	3	1		1	1		3	33		1106
92	92	0	0	4/4	3	2	1/2		1/2	1		0	48		1103
92	92	0	0	4/4	3	1	1/8		1/8	1		1	55		1095
92	92	1/8	1/8	4/4	3	1	1/8		1/8	1		6	54		1096
92	92	1/4	1/4	4/4	3	1	1/8		1/8	1		1	55		1097
92	92	3/8	3/8	4/4	3	1	1/8		1/8	1		4	52		1098
92	92	1/2	1/2	4/4	3	2	1/4		1/4	1		5	47		1104
92	92	1/2	1/2	4/4	3	1	1/8		1/8	1		1	55		1099
92	92	5/8	5/8	4/4	3	1	1/8		1/8	1		-3	51		1100
92	92	3/4	3/4	4/4	3	2	1/4		1/4	1		-2	46		1105
92	92	3/4	3/4	4/4	3	1	1/8		1/8	1		1	55		1101
92	92	7/8	7/8	4/4	3	1	1/8		1/8	1		2	50		1102
92	92	1	1	4/4	3	3	1		1	1		3	45		1107
93	93	0	0	4/4	2	2	1		1	1		3	69		1110
93	93	0	0	4/4	2	2	1		1	1		3	81		1110
93	93	0	0	4/4	2	1	1/4		1/4	1		3	93		1108
93	93	1/4	1/4	4/4	2	1	1/4		1/4	1		3	93		1109
94	94	0	0	4/4	3	1	1		1	1		3	57		1120
94	94	0	0	4/4	2	2	1/4		1/4	1		1	67		1119
94	94	0	0	4/4	2	1	1/8		1/8	1		-1	77		1111
94	94	1/8	1/8	4/4	2	1	1/8		1/8	1		4	76		1112
94	94	1/4	1/4	4/4	2	1	1/8		1/8	1		-1	77		1113
94	94	3/8	3/8	4/4	2	1	1/8		1/8	1		7	73		1114
94	94	1/2	1/2	4/4	2	1	1/8		1/8	1		-1	77		1115
94	94	5/8	5/8	4/4	2	1	1/8		1/8	1		0	72		1116
94	94	3/4	3/4	4/4	2	1	1/8		1/8	1		-1	77		1117
94	94	7/8	7/8	4/4	2	1	1/8		1/8	1		5	71		1118
94	94	1	1	4/4	3	1	1		1	1		1	67		1121
95	95	0	0	4/4	2	2	1		1	1		3	69		1124
95	95	0	0	4/4	2	2	1		1	1		3	81		1124
95	95	0	0	4/4	2	1	1/4		1/4	1		3	93		1122
95	95	1/4	1/4	4/4	2	1	1/4		1/4	1		3	93		1123
96	96	0	0	4/4	3	1	1		1	1		3	57		1134
96	96	0	0	4/4	2	2	1/4		1/4	1		1	67		1133
96	96	0	0	4/4	2	1	1/8		1/8	1		6	78		1125
96	96	1/8	1/8	4/4	2	1	1/8		1/8	1		-1	77		1126
96	96	1/4	1/4	4/4	2	1	1/8		1/8	1		6	78		1127
96	96	3/8	3/8	4/4	2	1	1/8		1/8	1		0	72		1128
96	96	1/2	1/2	4/4	2	1	1/8		1/8	1		6	78		1129
96	96	5/8	5/8	4/4	2	1	1/8		1/8	1		5	71		1130
96	96	3/4	3/4	4/4	2	1	1/8		1/8	1		6	78		1131
96	96	7/8	7/8	4/4	2	1	1/8		1/8	1		-2	70		1132
96	96	1	1	4/4	3	1	1		1	1		1	67		1135
97	97	0	0	4/4	2	2	1		1	1		3	69		1138
97	97	0	0	4/4	2	2	1		1	1		3	81		1138
97	97	0	0	4/4	2	1	1/4		1/4	1		3	93		1136
97	97	1/4	1/4	4/4	2	1	1/4		1/4	1		3	93		1137
98	98	0	0	4/4	3	2	1		1	1		3	69		1150
98	98	0	0	4/4	3	1	1/8		1/8	1		11	77		1142
98	98	0	0	4/4	2	2	1		1	1		3	81		1141
98	98	0	0	4/4	2	1	1/4		1/4	1		3	93		1139
98	98	1/8	1/8	4/4	3	1	1/8		1/8	1		7	73		1143
98	98	1/4	1/4	4/4	3	1	1/8		1/8	1		6	78		1144
98	98	1/4	1/4	4/4	2	1	1/4		1/4	1		3	93		1140
98	98	3/8	3/8	4/4	3	1	1/8		1/8	1		12	72		1145
98	98	1/2	1/2	4/4	3	1	1/8		1/8	1		11	77		1146
98	98	5/8	5/8	4/4	3	1	1/8		1/8	1		7	73		1147
98	98	3/4	3/4	4/4	3	1	1/8		1/8	1		6	78		1148
98	98	7/8	7/8	4/4	3	1	1/8		1/8	1		12	72		1149
99	99	0	0	4/4	3	1	1/8		1/8	1		11	77		1154
99	99	0	0	4/4	2	2	1		1	1		3	81		1153
99	99	0	0	4/4	2	1	1/4		1/4	1		3	93		1151
99	99	1/8	1/8	4/4	3	1	1/8		1/8	1		7	73		1155
99	99	1/4	1/4	4/4	3	1	1/8		1/8	1		6	78		1156
99	99	1/4	1/4	4/4	2	1	1/4		1/4	1		3	93		1152
99	99	3/8	3/8	4/4	3	1	1/8		1/8	1		10	70		1157
99	99	1/2	1/2	4/4	3	1	1/8		1/8	1		11	77		1158
99	99	5/8	5/8	4/4	3	1	1/8		1/8	1		7	73		1159
99	99	3/4	3/4	4/4	3	1	1/8		1/8	1		6	78		1160
99	99	7/8	7/8	4/4	3	1	1/8		1/8	1		10	70		1161
100	100	0	0	4/4	3	1	1/8		1/8	1		11	77		1164
100	100	0	0	4/4	2	1	1		1	1	1	3	81		1163
100	100	1/8	1/8	4/4	3	1	1/8		1/8	1		2	74		1165
100	100	1/4	1/4	4/4	3	1	1/8		1/8	1		6	78		1166
100	100	3/8	3/8	4/4	3	1	1/8		1/8	1		8	68		1167
100	100	1/2	1/2	4/4	3	1	1/8		1/8	1		11	77		1168
100	100	5/8	5/8	4/4	3	1	1/8		1/8	1		2	74		1169
100	100	3/4	3/4	4/4	1	1	1/4		1/4	1		3	69		1162
100	100	3/4	3/4	4/4	3	1	1/8		1/8	1		6	78		1170
100	100	7/8	7/8	4/4	3	1	1/8		1/8	1		3	69		1171
101	101	0	0	4/4	1	1	3/4		1/2	3/2		3	69		1172
101	101	0	0	4/4	3	1	1/8		1/8	1		11	77		1178
101	101	0	0	4/4	2	1	3/8		1/4	3/2	-1	3	81		1174
101	101	1/8	1/8	4/4	3	1	1/8		1/8	1		2	74		1179
101	101	1/4	1/4	4/4	3	1	1/8		1/8	1		6	78		1180
101	101	3/8	3/8	4/4	3	1	1/8		1/8	1		3	69		1181
101	101	3/8	3/8	4/4	2	1	1/8		1/8	1		-2	82		1175
101	101	1/2	1/2	4/4	3	1	1/8		1/8	1		11	77		1182
101	101	1/2	1/2	4/4	2	1	1/4		1/4	1		3	81		1176
101	101	5/8	5/8	4/4	3	1	1/8		1/8	1		2	74		1183
101	101	3/4	3/4	4/4	1	1	1/4		1/4	1		2	74		1173
101	101	3/4	3/4	4/4	3	1	1/8		1/8	1		6	78		1184
101	101	3/4	3/4	4/4	2	1	1/4		1/4	1		2	86		1177
101	101	7/8	7/8	4/4	3	1	1/8		1/8	1		3	69		1185
102	102	0	0	4/4	1	1	1/2		1/2	1		3	69		1186
102	102	0	0	4/4	3	1	1/8		1/8	1		11	77		1194
102	102	0	0	4/4	2	1	3/8		1/4	3/2		3	81		1189
102	102	1/8	1/8	4/4	3	1	1/8		1/8	1		2	74		1195
102	102	1/4	1/4	4/4	3	1	1/8		1/8	1		6	78		1196
102	102	3/8	3/8	4/4	3	1	1/8		1/8	1		3	69		1197
102	102	3/8	3/8	4/4	2	1	1/8		1/8	1		6	78		1190
102	102	1/2	1/2	4/4	1	1	1/4		1/4	1		6	66		1187
102	102	1/2	1/2	4/4	3	1	1/8		1/8	1		7	73		1198
102	102	1/2	1/2	4/4	2	1	1/4		1/4	1		3	81		1191
102	102	5/8	5/8	4/4	3	1	1/8		1/8	1		3	69		1199
102	102	3/4	3/4	4/4	1	1	1/4		1/4	1		6	66		1188
102	102	3/4	3/4	4/4	3	1	1/8		1/8	1		0	72		1200
102	102	3/4	3/4	4/4	2	1	1/8		1/8	1		1	79		1192
102	102	7/8	7/8	4/4	3	1	1/8		1/8	1		3	69		1201
102	102	7/8	7/8	4/4	2	1	1/8		1/8	1		6	78		1193
103	103	0	0	4/4	1	1	3/4		1/2	3/2		1	67		1202
103	103	0	0	4/4	2	2	1		1	1	1	3	69		1210
103	103	0	0	4/4	3	1	1/8		1/8	1		5	71		1211
103	103	0	0	4/4	2	1	1/8		1/8	1		3	81		1204
103	103	1/8	1/8	4/4	3	1	1/8		1/8	1		3	69		1212
103	103	1/8	1/8	4/4	2	1	1/8		1/8	1		1	79		1205
103	103	1/4	1/4	4/4	3	1	1/8		1/8	1		-2	70		1213
103	103	1/4	1/4	4/4	2	1	1/8		1/8	1		1	79		1206
103	103	3/8	3/8	4/4	3	1	1/8		1/8	1		3	69		1214
103	103	3/8	3/8	4/4	2	1	1/8		1/8	1		6	78		1207
103	103	1/2	1/2	4/4	3	1	1/8		1/8	1		5	71		1215
103	103	1/2	1/2	4/4	2	1	1/4		1/4	1		1	79		1208
103	103	5/8	5/8	4/4	3	1	1/8		1/8	1		3	69		1216
103	103	3/4	3/4	4/4	1	1	1/4		1/4	1		-2	70		1203
103	103	3/4	3/4	4/4	3	1	1/8		1/8	1		7	73		1217
103	103	3/4	3/4	4/4	2	1	1/4		1/4	1		-2	82		1209
103	103	7/8	7/8	4/4	3	1	1/8		1/8	1		3	69		1218
104	104	0	0	4/4	1	1	1/2		1/2	1		3	69		1219
104	104	0	0	4/4	2	2	1		1	1	-1	3	69		1226
104	104	0	0	4/4	3	1	1/8		1/8	1		2	74		1227
104	104	0	0	4/4	2	1	1/2		1/2	1		3	81		1222
104	104	1/8	1/8	4/4	3	1	1/8		1/8	1		3	69		1228
104	104	1/4	1/4	4/4	3	1	1/8		1/8	1		-2	70		1229
104	104	3/8	3/8	4/4	3	1	1/8		1/8	1		3	69		1230
104	104	1/2	1/2	4/4	3	1	1/8		1/8	1		5	71		1231
104	104	1/2	1/2	4/4	2	1	1/4		1/4	1		6	78		1223
104	104	5/8	5/8	4/4	3	1	1/8		1/8	1		3	69		1232
104	104	3/4	3/4	4/4	1	1	1/8		1/8	1		6	66		1220
104	104	3/4	3/4	4/4	3	1	1/8		1/8	1		0	72		1233
104	104	3/4	3/4	4/4	2	1	1/8		1/8	1		3	81		1224
104	104	7/8	7/8	4/4	1	1	1/8		1/8	1		3	69		1221
104	104	7/8	7/8	4/4	3	1	1/8		1/8	1		3	69		1234
104	104	7/8	7/8	4/4	2	1	1/8		1/8	1		2	86		1225
105	105	0	0	4/4	1	1	1/4		1/4	1		1	67		1235
105	105	0	0	4/4	2	2	1		1	1	1	3	69		1245
105	105	0	0	4/4	3	1	1/8		1/8	1		5	71		1246
105	105	0	0	4/4	2	1	1/8		1/8	1		3	81		1239
105	105	1/8	1/8	4/4	3	1	1/8		1/8	1		3	69		1247
105	105	1/8	1/8	4/4	2	1	1/8		1/8	1		1	79		1240
105	105	1/4	1/4	4/4	1	1	1/4		1/4	1		6	66		1236
105	105	1/4	1/4	4/4	3	1	1/8		1/8	1		8	68		1248
105	105	1/4	1/4	4/4	2	1	1/4		1/4	1		6	78		1241
105	105	3/8	3/8	4/4	3	1	1/8		1/8	1		3	69		1249
105	105	1/2	1/2	4/4	1	1	1/4		1/4	1		4	64		1237
105	105	1/2	1/2	4/4	3	1	1/8		1/8	1		1	67		1250
105	105	1/2	1/2	4/4	2	1	1/8		1/8	1		6	78		1242
105	105	5/8	5/8	4/4	3	1	1/8		1/8	1		3	69		1251
105	105	5/8	5/8	4/4	2	1	1/8		1/8	1		4	76		1243
105	105	3/4	3/4	4/4	1	1	1/4		1/4	1		2	62		1238
105	105	3/4	3/4	4/4	3	1	1/8		1/8	1		6	66		1252
105	105	3/4	3/4	4/4	2	1	1/4		1/4	1		2	74		1244
105	105	7/8	7/8	4/4	3	1	1/8		1/8	1		3	69		1253
106	106	0	0	4/4	1	1	1/2		1/2	1		4	64		1254
106	106	0	0	4/4	2	2	1		1	1	-1	3	69		1259
106	106	0	0	4/4	3	1	1/8		1/8	1		4	76		1260
106	106	0	0	4/4	2	1	3/4		1/2	3/2		3	81		1256
106	106	1/8	1/8	4/4	3	1	1/8		1/8	1		3	69		1261
106	106	1/4	1/4	4/4	3	1	1/8		1/8	1		2	74		1262
106	106	3/8	3/8	4/4	3	1	1/8		1/8	1		3	69		1263
106	106	1/2	1/2	4/4	3	1	1/8		1/8	1		4	76		1264
106	106	5/8	5/8	4/4	3	1	1/8		1/8	1		3	69		1265
106	106	3/4	3/4	4/4	1	1	1/4		1/4	1		4	64		1255
106	106	3/4	3/4	4/4	3	1	1/8		1/8	1		6	78		1266
106	106	3/4	3/4	4/4	2	1	1/8		1/8	1		7	85		1257
106	106	7/8	7/8	4/4	3	1	1/8		1/8	1		3	69		1267
106	106	7/8	7/8	4/4	2	1	1/8		1/8	1		5	83		1258
107	107	0	0	4/4	1	1	3/4		1/2	3/2		3	69		1268
107	107	0	0	4/4	3	1	1/8		1/8	1		4	76		1275
107	107	0	0	4/4	2	1	3/8		1/4	3/2		3	81		1270
107	107	1/8	1/8	4/4	3	1	1/8		1/8	1		3	69		1276
107	107	1/4	1/4	4/4	3	1	1/8		1/8	1		2	74		1277
107	107	3/8	3/8	4/4	3	1	1/8		1/8	1		3	69		1278
107	107	3/8	3/8	4/4	2	1	1/8		1/8	1		6	78		1271
107	107	1/2	1/2	4/4	3	1	1/8		1/8	1		4	76		1279
107	107	1/2	1/2	4/4	2	1	1/4		1/4	1		3	81		1272
107	107	5/8	5/8	4/4	3	1	1/8		1/8	1		3	69		1280
107	107	3/4	3/4	4/4	1	1	1/4		1/4	1		5	71		1269
107	107	3/4	3/4	4/4	3	1	1/8		1/8	1		6	78		1281
107	107	3/4	3/4	4/4	2	1	1/8		1/8	1		5	83		1273
107	107	7/8	7/8	4/4	3	1	1/8		1/8	1		3	69		1282
107	107	7/8	7/8	4/4	2	1	1/8		1/8	1		7	85		1274
108	108	0	0	4/4	1	1	3/4		1/2	3/2		7	73		1283
108	108	0	0	4/4	2	1	1/8		1/8	1		4	76		1285
108	108	0	0	4/4	3	1	1/8		1/8	1		8	80		1291
108	108	1/8	1/8	4/4	3	1	1/8		1/8	1		3	69		1292
108	108	1/8	1/8	4/4	2	1	1/8		1/8	1		3	81		1286
108	108	1/4	1/4	4/4	2	1	1/8		1/8	1		4	76		1287
108	108	1/4	1/4	4/4	3	1	1/8		1/8	1		6	78		1293
108	108	3/8	3/8	4/4	3	1	1/8		1/8	1		3	69		1294
108	108	3/8	3/8	4/4	2	1	1/8		1/8	1		2	74		1288
108	108	1/2	1/2	4/4	2	1	1/4		1/4	1		7	73		1289
108	108	1/2	1/2	4/4	3	1	1/8		1/8	1		4	76		1295
108	108	5/8	5/8	4/4	3	1	1/8		1/8	1		3	69		1296
108	108	3/4	3/4	4/4	3	1	1/8		1/8	1		5	71		1297
108	108	3/4	3/4	4/4	1	1	1/4		1/4	1		2	74		1284
108	108	3/4	3/4	4/4	2	1	1/4		1/4	1		6	78		1290
108	108	7/8	7/8	4/4	3	1	1/8		1/8	1		3	69		1298
109	109	0	0	4/4	2	1	3/4		1/2	3/2		7	73		1302
109	109	0	0	4/4	3	1	1/8		1/8	1		4	76		1305
109	109	0	0	4/4	1	1	1/2		1/2	1		4	76		1299
109	109	1/8	1/8	4/4	3	1	1/8		1/8	1		3	69		1306
109	109	1/4	1/4	4/4	3	1	1/8		1/8	1		6	78		1307
109	109	3/8	3/8	4/4	3	1	1/8		1/8	1		3	69		1308
109	109	1/2	1/2	4/4	1	1	1/4		1/4	1		7	73		1300
109	109	1/2	1/2	4/4	3	1	1/8		1/8	1		4	76		1309
109	109	5/8	5/8	4/4	3	1	1/8		1/8	1		3	69		1310
109	109	3/4	3/4	4/4	3	1	1/8		1/8	1		5	71		1311
109	109	3/4	3/4	4/4	2	1	1/8		1/8	1		2	74		1303
109	109	3/4	3/4	4/4	1	1	1/4		1/4	1		2	74		1301
109	109	7/8	7/8	4/4	3	1	1/8		1/8	1		3	69		1312
109	109	7/8	7/8	4/4	2	1	1/8		1/8	1		6	78		1304
110	110	0	0	4/4	3	1	1/8		1/8	1		7	73		1323
110	110	0	0	4/4	1	1	1/4		1/4	1		7	73		1313
110	110	0	0	4/4	2	1	1/8		1/8	1		6	78		1317
110	110	1/8	1/8	4/4	3	1	1/8		1/8	1		3	69		1324
110	110	1/8	1/8	4/4	2	1	1/8		1/8	1		4	76		1318
110	110	1/4	1/4	4/4	1	1	1/4		1/4	1		3	69		1314
110	110	1/4	1/4	4/4	2	1	1/8		1/8	1		2	74		1319
110	110	1/4	1/4	4/4	3	1	1/8		1/8	1		6	78		1325
110	110	3/8	3/8	4/4	3	1	1/8		1/8	1		3	69		1326
110	110	3/8	3/8	4/4	2	1	1/8		1/8	1		7	73		1320
110	110	1/2	1/2	4/4	1	1	1/4		1/4	1		6	66		1315
110	110	1/2	1/2	4/4	3	1	1/8		1/8	1		5	71		1327
110	110	1/2	1/2	4/4	2	1	3/8		1/4	3/2		2	74		1321
110	110	5/8	5/8	4/4	3	1	1/8		1/8	1		3	69		1328
110	110	3/4	3/4	4/4	1	1	1/4		1/4	1		2	74		1316
110	110	3/4	3/4	4/4	3	1	1/8		1/8	1		8	80		1329
110	110	7/8	7/8	4/4	3	1	1/8		1/8	1		3	69		1330
110	110	7/8	7/8	4/4	2	1	1/8		1/8	1		6	78		1322
111	111	0	0	4/4	3	1	1/8		1/8	1		7	73		1343
111	111	0	0	4/4	1	1	1/4		1/4	1		7	73		1331
111	111	0	0	4/4	2	1	1/8		1/8	1		6	78		1335
111	111	1/8	1/8	4/4	3	1	1/8		1/8	1		3	69		1344
111	111	1/8	1/8	4/4	2	1	1/8		1/8	1		4	76		1336
111	111	1/4	1/4	4/4	1	1	1/4		1/4	1		3	69		1332
111	111	1/4	1/4	4/4	2	1	1/8		1/8	1		2	74		1337
111	111	1/4	1/4	4/4	3	1	1/8		1/8	1		6	78		1345
111	111	3/8	3/8	4/4	3	1	1/8		1/8	1		3	69		1346
111	111	3/8	3/8	4/4	2	1	1/8		1/8	1		7	73		1338
111	111	1/2	1/2	4/4	1	1	1/4		1/4	1		6	66		1333
111	111	1/2	1/2	4/4	2	1	1/8		1/8	1		5	71		1339
111	111	1/2	1/2	4/4	3	1	1/8		1/8	1		2	74		1347
111	111	5/8	5/8	4/4	3	1	1/8		1/8	1		3	69		1348
111	111	5/8	5/8	4/4	2	1	1/8		1/8	1		2	74		1340
111	111	3/4	3/4	4/4	2	1	1/8		1/8	1		3	69		1341
111	111	3/4	3/4	4/4	1	1	1/4		1/4	1		5	71		1334
111	111	3/4	3/4	4/4	3	1	1/8		1/8	1		2	74		1349
111	111	7/8	7/8	4/4	2	1	1/8		1/8	1		8	68		1342
111	111	7/8	7/8	4/4	3	1	1/8		1/8	1		3	69		1350
112	112	0	0	4/4	1	1	1		1	1	1	4	64		1351
112	112	0	0	4/4	3	1	1/8		1/8	1		7	73		1360
112	112	0	0	4/4	2	1	1/8		1/8	1		3	81		1352
112	112	1/8	1/8	4/4	3	1	1/8		1/8	1		3	69		1361
112	112	1/8	1/8	4/4	2	1	1/8		1/8	1		4	76		1353
112	112	1/4	1/4	4/4	3	1	1/8		1/8	1		5	71		1362
112	112	1/4	1/4	4/4	2	1	1/8		1/8	1		6	78		1354
112	112	3/8	3/8	4/4	3	1	1/8		1/8	1		3	69		1363
112	112	3/8	3/8	4/4	2	1	1/8		1/8	1		4	76		1355
112	112	1/2	1/2	4/4	3	1	1/8		1/8	1		7	73		1364
112	112	1/2	1/2	4/4	2	1	1/8		1/8	1		3	81		1356
112	112	5/8	5/8	4/4	3	1	1/8		1/8	1		3	69		1365
112	112	5/8	5/8	4/4	2	1	1/8		1/8	1		4	76		1357
112	112	3/4	3/4	4/4	3	1	1/8		1/8	1		6	78		1366
112	112	3/4	3/4	4/4	2	1	1/8		1/8	1		7	85		1358
112	112	7/8	7/8	4/4	3	1	1/8		1/8	1		3	69		1367
112	112	7/8	7/8	4/4	2	1	1/8		1/8	1		4	76		1359
113	113	0	0	4/4	1	1	1/2		1/2	1	-1	4	64		1368
113	113	0	0	4/4	3	1	1/8		1/8	1		2	74		1377
113	113	0	0	4/4	2	1	1/8		1/8	1		5	83		1369
113	113	1/8	1/8	4/4	3	1	1/8		1/8	1		3	69		1378
113	113	1/8	1/8	4/4	2	1	1/8		1/8	1		4	76		1370
113	113	1/4	1/4	4/4	3	1	1/8		1/8	1		6	78		1379
113	113	1/4	1/4	4/4	2	1	1/8		1/8	1		2	86		1371
113	113	3/8	3/8	4/4	3	1	1/8		1/8	1		3	69		1380
113	113	3/8	3/8	4/4	2	1	1/8		1/8	1		7	85		1372
113	113	1/2	1/2	4/4	3	1	1/8		1/8	1		2	74		1381
113	113	1/2	1/2	4/4	2	1	1/8		1/8	1		5	83		1373
113	113	5/8	5/8	4/4	3	1	1/8		1/8	1		3	69		1382
113	113	5/8	5/8	4/4	2	1	1/8		1/8	1		4	76		1374
113	113	3/4	3/4	4/4	3	1	1/8		1/8	1		5	71		1383
113	113	3/4	3/4	4/4	2	1	1/8		1/8	1		6	90		1375
113	113	7/8	7/8	4/4	3	1	1/8		1/8	1		3	69		1384
113	113	7/8	7/8	4/4	2	1	1/8		1/8	1		4	88		1376
114	114	0	0	4/4	3	1	1/8		1/8	1		4	76		1394
114	114	0	0	4/4	2	1	1/8		1/8	1		7	85		1386
114	114	1/8	1/8	4/4	3	1	1/8		1/8	1		3	69		1395
114	114	1/8	1/8	4/4	2	1	1/8		1/8	1		4	76		1387
114	114	1/4	1/4	4/4	3	1	1/8		1/8	1		2	74		1396
114	114	1/4	1/4	4/4	2	1	1/8		1/8	1		6	78		1388
114	114	3/8	3/8	4/4	3	1	1/8		1/8	1		3	69		1397
114	114	3/8	3/8	4/4	2	1	1/8		1/8	1		4	76		1389
114	114	1/2	1/2	4/4	3	1	1/8		1/8	1		7	73		1398
114	114	1/2	1/2	4/4	2	1	1/8		1/8	1		3	81		1390
114	114	5/8	5/8	4/4	3	1	1/8		1/8	1		3	69		1399
114	114	5/8	5/8	4/4	2	1	1/8		1/8	1		4	76		1391
114	114	3/4	3/4	4/4	3	1	1/8		1/8	1		4	64		1400
114	114	3/4	3/4	4/4	1	1	1/4		1/4	1		4	64		1385
114	114	3/4	3/4	4/4	2	1	1/8		1/8	1		7	85		1392
114	114	7/8	7/8	4/4	3	1	1/8		1/8	1		3	69		1401
114	114	7/8	7/8	4/4	2	1	1/8		1/8	1		4	76		1393
115	115	0	0	4/4	3	2	1/8		1/8	1		2	62		1416
115	115	0	0	4/4	3	1	1		1	1		4	64		1415
115	115	0	0	4/4	1	1	3/8		1/4	3/2		8	68		1402
115	115	0	0	4/4	2	1	1/8		1/8	1		5	83		1407
115	115	1/8	1/8	4/4	3	2	1/8		1/8	1		3	57		1417
115	115	1/8	1/8	4/4	2	1	1/8		1/8	1		4	76		1408
115	115	1/4	1/4	4/4	3	2	1/8		1/8	1		5	59		1418
115	115	1/4	1/4	4/4	2	1	1/8		1/8	1		6	78		1409
115	115	3/8	3/8	4/4	3	2	1/8		1/8	1		3	57		1419
115	115	3/8	3/8	4/4	1	1	1/8		1/8	1		8	68		1403
115	115	3/8	3/8	4/4	2	1	1/8		1/8	1		4	76		1410
115	115	1/2	1/2	4/4	3	2	1/8		1/8	1		7	61		1420
115	115	1/2	1/2	4/4	1	1	1/4		1/4	1		3	69		1404
115	115	1/2	1/2	4/4	2	1	1/8		1/8	1		4	88		1411
115	115	5/8	5/8	4/4	3	2	1/8		1/8	1		3	57		1421
115	115	5/8	5/8	4/4	2	1	1/8		1/8	1		4	76		1412
115	115	3/4	3/4	4/4	3	2	1/8		1/8	1		4	64		1422
115	115	3/4	3/4	4/4	1	1	1/8		1/8	1		8	68		1405
115	115	3/4	3/4	4/4	2	1	1/8		1/8	1		7	85		1413
115	115	7/8	7/8	4/4	3	2	1/8		1/8	1		3	57		1423
115	115	7/8	7/8	4/4	1	1	1/8		1/8	1		3	69		1406
115	115	7/8	7/8	4/4	2	1	1/8		1/8	1		4	76		1414
116	116	0	0	4/4	3	2	1/8		1/8	1		2	62		1438
116	116	0	0	4/4	3	1	1/2		1/2	1		6	66		1435
116	116	0	0	4/4	1	1	1/2		1/2	1		7	73		1424
116	116	0	0	4/4	2	1	1/8		1/8	1		6	90		1427
116	116	1/8	1/8	4/4	3	2	1/8		1/8	1		3	57		1439
116	116	1/8	1/8	4/4	2	1	1/8		1/8	1		4	76		1428
116	116	1/4	1/4	4/4	3	2	1/8		1/8	1		2	62		1440
116	116	1/4	1/4	4/4	2	1	1/8		1/8	1		4	88		1429
116	116	3/8	3/8	4/4	3	2	1/8		1/8	1		3	57		1441
116	116	3/8	3/8	4/4	2	1	1/8		1/8	1		4	76		1430
116	116	1/2	1/2	4/4	3	2	1/8		1/8	1		4	64		1442
116	116	1/2	1/2	4/4	3	1	1/4		1/4	1		8	68		1436
116	116	1/2	1/2	4/4	1	1	1/4		1/4	1		5	71		1425
116	116	1/2	1/2	4/4	2	1	1/8		1/8	1		2	86		1431
116	116	5/8	5/8	4/4	3	2	1/8		1/8	1		3	57		1443
116	116	5/8	5/8	4/4	2	1	1/8		1/8	1		4	76		1432
116	116	3/4	3/4	4/4	3	2	1/8		1/8	1		4	64		1444
116	116	3/4	3/4	4/4	1	1	1/4		1/4	1		3	69		1426
116	116	3/4	3/4	4/4	3	1	1/4		1/4	1		3	69		1437
116	116	3/4	3/4	4/4	2	1	1/8		1/8	1		7	85		1433
116	116	7/8	7/8	4/4	3	2	1/8		1/8	1		3	57		1445
116	116	7/8	7/8	4/4	2	1	1/8		1/8	1		4	76		1434
117	117	0	0	4/4	3	2	1		1	1		3	57		1461
117	117	0	0	4/4	3	1	1/2		1/2	1		2	62		1459
117	117	0	0	4/4	3	1	1/2		1/2	1		6	66		1459
117	117	0	0	4/4	1	1	3/8		1/4	3/2		5	71		1446
117	117	0	0	4/4	2	1	1/8		1/8	1		5	83		1451
117	117	1/8	1/8	4/4	2	1	1/8		1/8	1		4	76		1452
117	117	1/4	1/4	4/4	2	1	1/8		1/8	1		6	78		1453
117	117	3/8	3/8	4/4	1	1	1/8		1/8	1		5	71		1447
117	117	3/8	3/8	4/4	2	1	1/8		1/8	1		4	76		1454
117	117	1/2	1/2	4/4	3	1	1/2		1/2	1		4	64		1460
117	117	1/2	1/2	4/4	3	1	1/2		1/2	1		8	68		1460
117	117	1/2	1/2	4/4	1	1	1/4		1/4	1		7	73		1448
117	117	1/2	1/2	4/4	2	1	1/8		1/8	1		8	80		1455
117	117	5/8	5/8	4/4	2	1	1/8		1/8	1		4	76		1456
117	117	3/4	3/4	4/4	1	1	1/8		1/8	1		5	71		1449
117	117	3/4	3/4	4/4	2	1	1/8		1/8	1		6	78		1457
117	117	7/8	7/8	4/4	1	1	1/8		1/8	1		7	73		1450
117	117	7/8	7/8	4/4	2	1	1/8		1/8	1		4	76		1458
118	118	0	0	4/4	3	1	1/2		1/2	1		10	58		1473
118	118	0	0	4/4	3	1	1/2		1/2	1		1	67		1473
118	118	0	0	4/4	2	2	1/2		1/2	1		7	73		1470
118	118	0	0	4/4	1	1	1/2		1/2	1		4	76		1462
118	118	0	0	4/4	2	1	1/2		1/2	1		4	76		1466
118	118	1/2	1/2	4/4	3	1	1/4		1/4	1		5	59		1474
118	118	1/2	1/2	4/4	3	1	1/4		1/4	1		6	66		1474
118	118	1/2	1/2	4/4	2	2	1/4		1/4	1		5	71		1471
118	118	1/2	1/2	4/4	1	1	1/4		1/4	1		2	74		1463
118	118	1/2	1/2	4/4	2	1	1/4		1/4	1		2	74		1467
118	118	3/4	3/4	4/4	3	1	1/4		1/4	1		7	61		1475
118	118	3/4	3/4	4/4	3	1	1/4		1/4	1		11	65		1475
118	118	3/4	3/4	4/4	2	2	1/4		1/4	1		3	69		1472
118	118	3/4	3/4	4/4	1	1	1/8		1/8	1		7	73		1464
118	118	3/4	3/4	4/4	2	1	1/8		1/8	1		7	73		1468
118	118	7/8	7/8	4/4	1	1	1/8		1/8	1		5	71		1465
118	118	7/8	7/8	4/4	2	1	1/8		1/8	1		5	71		1469
119	119	0	0	4/4	3	1	1		1	1	1	2	38		1491
119	119	0	0	4/4	3	1	1		1	1	1	3	45		1491
119	119	0	0	4/4	2	2	1/8		1/8	1		2	62		1483
119	119	0	0	4/4	2	1	3/8		1/4	3/2		6	66		1479
119	119	0	0	4/4	2	1	3/8		1/4	3/2		3	69		1479
119	119	0	0	4/4	1	1	1/2		1/2	1		3	69		1476
119	119	1/8	1/8	4/4	2	2	1/8		1/8	1		3	57		1484
119	119	1/4	1/4	4/4	2	2	1/8		1/8	1		7	61		1485
119	119	3/8	3/8	4/4	2	2	1/8		1/8	1		3	57		1486
119	119	3/8	3/8	4/4	2	1	1/8		1/8	1		11	65		1480
119	119	3/8	3/8	4/4	2	1	1/8		1/8	1		5	71		1480
119	119	1/2	1/2	4/4	2	2	1/8		1/8	1		2	62		1487
119	119	1/2	1/2	4/4	1	1	1/4		1/4	1		6	66		1477
119	119	1/2	1/2	4/4	2	1	1/4		1/4	1		6	66		1481
119	119	1/2	1/2	4/4	2	1	1/4		1/4	1		3	69		1481
119	119	5/8	5/8	4/4	2	2	1/8		1/8	1		3	57		1488
119	119	3/4	3/4	4/4	2	2	1/8		1/8	1		2	62		1489
119	119	3/4	3/4	4/4	1	1	1/4		1/4	1		2	74		1478
119	119	3/4	3/4	4/4	2	1	1/4		1/4	1		2	74		1482
119	119	7/8	7/8	4/4	2	2	1/8		1/8	1		3	57		1490
120	120	0	0	4/4	3	1	1		1	1	0	2	38		1508
120	120	0	0	4/4	3	1	1		1	1	0	3	45		1508
120	120	0	0	4/4	2	2	1/8		1/8	1		6	66		1500
120	120	0	0	4/4	2	1	3/8		1/4	3/2		3	69		1495
120	120	0	0	4/4	1	1	1/2		1/2	1		3	69		1492
120	120	1/8	1/8	4/4	2	2	1/8		1/8	1		3	57		1501
120	120	1/4	1/4	4/4	2	2	1/8		1/8	1		2	62		1502
120	120	3/8	3/8	4/4	2	2	1/8		1/8	1		3	57		1503
120	120	3/8	3/8	4/4	2	1	1/8		1/8	1		6	66		1496
120	120	1/2	1/2	4/4	2	2	1/8		1/8	1		7	61		1504
120	120	1/2	1/2	4/4	1	1	1/4		1/4	1		6	66		1493
120	120	1/2	1/2	4/4	2	1	1/4		1/4	1		3	69		1497
120	120	5/8	5/8	4/4	2	2	1/8		1/8	1		3	57		1505
120	120	3/4	3/4	4/4	2	2	1/8		1/8	1		0	60		1506
120	120	3/4	3/4	4/4	1	1	1/4		1/4	1		6	66		1494
120	120	3/4	3/4	4/4	2	1	1/8		1/8	1		1	67		1498
120	120	7/8	7/8	4/4	2	2	1/8		1/8	1		3	57		1507
120	120	7/8	7/8	4/4	2	1	1/8		1/8	1		6	66		1499
121	121	0	0	4/4	3	1	1		1	1	0	2	38		1529
121	121	0	0	4/4	3	1	1		1	1	0	3	45		1529
121	121	0	0	4/4	2	2	1/8		1/8	1		5	59		1521
121	121	0	0	4/4	1	1	1/8		1/8	1		3	69		1509
121	121	0	0	4/4	2	1	1/8		1/8	1		3	69		1515
121	121	1/8	1/8	4/4	2	2	1/8		1/8	1		3	57		1522
121	121	1/8	1/8	4/4	1	1	1/8		1/8	1		1	67		1510
121	121	1/8	1/8	4/4	2	1	1/8		1/8	1		1	67		1516
121	121	1/4	1/4	4/4	2	2	1/8		1/8	1		-2	58		1523
121	121	1/4	1/4	4/4	1	1	1/8		1/8	1		1	67		1511
121	121	1/4	1/4	4/4	2	1	1/8		1/8	1		1	67		1517
121	121	3/8	3/8	4/4	2	2	1/8		1/8	1		3	57		1524
121	121	3/8	3/8	4/4	1	1	1/8		1/8	1		6	66		1512
121	121	3/8	3/8	4/4	2	1	1/8		1/8	1		6	66		1518
121	121	1/2	1/2	4/4	2	2	1/8		1/8	1		5	59		1525
121	121	1/2	1/2	4/4	1	1	1/4		1/4	1		1	67		1513
121	121	1/2	1/2	4/4	2	1	1/4		1/4	1		1	67		1519
121	121	5/8	5/8	4/4	2	2	1/8		1/8	1		3	57		1526
121	121	3/4	3/4	4/4	2	2	1/8		1/8	1		7	61		1527
121	121	3/4	3/4	4/4	1	1	1/4		1/4	1		-2	70		1514
121	121	3/4	3/4	4/4	2	1	1/4		1/4	1		-2	70		1520
121	121	7/8	7/8	4/4	2	2	1/8		1/8	1		3	57		1528
122	122	0	0	4/4	3	1	1		1	1	0	2	38		1544
122	122	0	0	4/4	3	1	1		1	1	0	3	45		1544
122	122	0	0	4/4	2	2	1/8		1/8	1		2	62		1537
122	122	0	0	4/4	2	1	1/2		1/2	1		3	69		1533
122	122	0	0	4/4	1	1	3/4		1/2	3/2		3	69		1530
122	122	1/8	1/8	4/4	2	2	1/8		1/8	1		3	57		1538
122	122	1/4	1/4	4/4	2	2	1/8		1/8	1		-2	58		1539
122	122	3/8	3/8	4/4	2	2	1/8		1/8	1		3	57		1540
122	122	1/2	1/2	4/4	2	2	1/8		1/8	1		5	59		1541
122	122	1/2	1/2	4/4	2	1	1/4		1/4	1		6	66		1534
122	122	5/8	5/8	4/4	2	2	1/8		1/8	1		3	57		1542
122	122	3/4	3/4	4/4	2	2	1/4		1/4	1		0	60		1543
122	122	3/4	3/4	4/4	1	1	1/8		1/8	1		3	69		1531
122	122	3/4	3/4	4/4	2	1	1/8		1/8	1		3	69		1535
122	122	7/8	7/8	4/4	1	1	1/8		1/8	1		2	74		1532
122	122	7/8	7/8	4/4	2	1	1/8		1/8	1		2	74		1536
123	123	0	0	4/4	3	2	1		1	1	-1	2	38		1565
123	123	0	0	4/4	3	2	1		1	1	-1	3	45		1565
123	123	0	0	4/4	3	1	1/8		1/8	1		5	59		1557
123	123	0	0	4/4	1	1	1/8		1/8	1		3	69		1545
123	123	0	0	4/4	2	1	1/8		1/8	1		3	69		1551
123	123	1/8	1/8	4/4	3	1	1/8		1/8	1		3	57		1558
123	123	1/8	1/8	4/4	1	1	1/8		1/8	1		1	67		1546
123	123	1/8	1/8	4/4	2	1	1/8		1/8	1		1	67		1552
123	123	1/4	1/4	4/4	3	1	1/8		1/8	1		8	56		1559
123	123	1/4	1/4	4/4	1	1	1/4		1/4	1		6	66		1547
123	123	1/4	1/4	4/4	2	1	1/4		1/4	1		6	66		1553
123	123	3/8	3/8	4/4	3	1	1/8		1/8	1		3	57		1560
123	123	1/2	1/2	4/4	3	1	1/8		1/8	1		1	55		1561
123	123	1/2	1/2	4/4	1	1	1/8		1/8	1		6	66		1548
123	123	1/2	1/2	4/4	2	1	1/8		1/8	1		6	66		1554
123	123	5/8	5/8	4/4	3	1	1/8		1/8	1		3	57		1562
123	123	5/8	5/8	4/4	1	1	1/8		1/8	1		4	64		1549
123	123	5/8	5/8	4/4	2	1	1/8		1/8	1		4	64		1555
123	123	3/4	3/4	4/4	3	1	1/8		1/8	1		1	55		1563
123	123	3/4	3/4	4/4	1	1	1/4		1/4	1		2	62		1550
123	123	3/4	3/4	4/4	2	1	1/4		1/4	1		2	62		1556
123	123	7/8	7/8	4/4	3	1	1/8		1/8	1		3	57		1564
124	124	0	0	4/4	3	2	1		1	1		2	38		1580
124	124	0	0	4/4	3	2	1		1	1		3	45		1580
124	124	0	0	4/4	3	1	1/8		1/8	1		6	54		1572
124	124	0	0	4/4	2	1	1/8		1/8	1		2	62		1567
124	124	0	0	4/4	1	1	1		1	1		2	62		1566
124	124	1/8	1/8	4/4	2	1	1/8		1/8	1		3	57		1568
124	124	1/8	1/8	4/4	3	1	1/8		1/8	1		3	57		1573
124	124	1/4	1/4	4/4	3	1	1/8		1/8	1		4	52		1574
124	124	1/4	1/4	4/4	2	1	1/8		1/8	1		5	59		1569
124	124	1/4	1/4	4/4	3	1	1/8		1/8	1		5	59		1574
124	124	3/8	3/8	4/4	2	1	1/8		1/8	1		3	57		1570
124	124	3/8	3/8	4/4	3	1	1/8		1/8	1		3	57		1575
124	124	1/2	1/2	4/4	3	1	1/8		1/8	1		6	54		1576
124	124	1/2	1/2	4/4	3	1	1/8		1/8	1		2	62		1576
124	124	5/8	5/8	4/4	3	1	1/8		1/8	1		3	57		1577
124	124	3/4	3/4	4/4	3	1	1/8		1/8	1		6	54		1578
124	124	3/4	3/4	4/4	2	1	1/4		1/4	1		3	57		1571
124	124	7/8	7/8	4/4	3	1	1/8		1/8	1		2	50		1579
125	125	0	0	4/4	3	2	1		1	1	1	2	38		1593
125	125	0	0	4/4	3	2	1		1	1	1	3	45		1593
125	125	0	0	4/4	3	1	1/8		1/8	1		4	52		1585
125	125	0	0	4/4	2	1	1/2		1/2	1		7	61		1581
125	125	1/8	1/8	4/4	3	1	1/8		1/8	1		3	57		1586
125	125	1/4	1/4	4/4	3	1	1/8		1/8	1		5	59		1587
125	125	3/8	3/8	4/4	3	1	1/8		1/8	1		3	57		1588
125	125	1/2	1/2	4/4	3	1	1/8		1/8	1		6	54		1589
125	125	1/2	1/2	4/4	2	1	1/4		1/4	1		2	62		1582
125	125	5/8	5/8	4/4	3	1	1/8		1/8	1	1	3	57		1590
125	125	3/4	3/4	4/4	3	1	1/8		1/8	1		4	52		1591
125	125	3/4	3/4	4/4	3	1	1/8		1/8	1	-1	3	57		1591
125	125	3/4	3/4	4/4	2	1	1/8		1/8	1		7	61		1583
125	125	7/8	7/8	4/4	3	1	1/8		1/8	1		6	54		1592
125	125	7/8	7/8	4/4	2	1	1/8		1/8	1		2	62		1584
126	126	0	0	4/4	3	2	1		1	1	-1	2	38		1605
126	126	0	0	4/4	3	2	1		1	1	-1	3	45		1605
126	126	0	0	4/4	3	1	1/8		1/8	1		3	57		1597
126	126	0	0	4/4	2	1	1/2		1/2	1		7	61		1594
126	126	0	0	4/4	2	1	1/2		1/2	1		6	66		1594
126	126	1/8	1/8	4/4	3	1	1/8		1/8	1		3	57		1598
126	126	1/4	1/4	4/4	3	1	1/8		1/8	1		5	59		1599
126	126	3/8	3/8	4/4	3	1	1/8		1/8	1		3	57		1600
126	126	1/2	1/2	4/4	3	1	1/8		1/8	1		1	55		1601
126	126	1/2	1/2	4/4	2	1	1/4		1/4	1		4	64		1595
126	126	5/8	5/8	4/4	3	1	1/8		1/8	1		3	57		1602
126	126	3/4	3/4	4/4	3	1	1/8		1/8	1		6	54		1603
126	126	3/4	3/4	4/4	2	1	1/4		1/4	1		2	62		1596
126	126	7/8	7/8	4/4	3	1	1/8		1/8	1		3	57		1604
127	127	0	0	4/4	3	2	1		1	1		2	38		1618
127	127	0	0	4/4	3	1	1/8		1/8	1		1	55		1610
127	127	0	0	4/4	2	1	1/2		1/2	1		5	59		1606
127	127	0	0	4/4	2	1	1/2		1/2	1		4	64		1606
127	127	1/8	1/8	4/4	3	1	1/8		1/8	1		3	57		1611
127	127	1/4	1/4	4/4	3	1	1/8		1/8	1		5	59		1612
127	127	3/8	3/8	4/4	3	1	1/8		1/8	1		3	57		1613
127	127	1/2	1/2	4/4	3	1	1/8		1/8	1		7	61		1614
127	127	1/2	1/2	4/4	2	1	1/4		1/4	1		6	66		1607
127	127	5/8	5/8	4/4	3	1	1/8		1/8	1		3	57		1615
127	127	3/4	3/4	4/4	3	1	1/8		1/8	1		1	55		1616
127	127	3/4	3/4	4/4	3	1	1/8		1/8	1		7	61		1616
127	127	3/4	3/4	4/4	2	1	1/8		1/8	1		4	64		1608
127	127	7/8	7/8	4/4	3	1	1/8		1/8	1		3	57		1617
127	127	7/8	7/8	4/4	2	1	1/8		1/8	1		6	66		1609
128	128	0	0	4/4	3	2	1/2		1/2	1		2	38		1629
128	128	0	0	4/4	3	1	1/2		1/2	1		-3	51		1626
128	128	0	0	4/4	2	2	1/2		1/2	1		0	60		1623
128	128	0	0	4/4	2	1	1/2		1/2	1		3	69		1619
128	128	1/2	1/2	4/4	3	1	1/4		1/4	1		4	52		1627
128	128	1/2	1/2	4/4	2	2	1/4		1/4	1		5	59		1624
128	128	1/2	1/2	4/4	2	1	1/4		1/4	1		1	67		1620
128	128	3/4	3/4	4/4	3	1	1/4		1/4	1		6	54		1628
128	128	3/4	3/4	4/4	2	2	1/4		1/4	1		10	58		1625
128	128	3/4	3/4	4/4	2	1	1/8		1/8	1		6	66		1621
128	128	7/8	7/8	4/4	2	1	1/8		1/8	1		4	64		1622
129	129	0	0	4/4	3	2	1/2		1/2	1		1	43		1634
129	129	0	0	4/4	3	2	1/2		1/2	1		1	55		1634
129	129	0	0	4/4	3	1	3/4		1/2	3/2		5	59		1632
129	129	0	0	4/4	2	1	1/2		1/2	1		2	62		1630
129	129	1/2	1/2	4/4	3	2	1/2		1/2	1		5	47		1635
129	129	1/2	1/2	4/4	3	2	1/2		1/2	1		6	54		1635
129	129	1/2	1/2	4/4	2	1	1/2		1/2	1		9	63		1631
129	129	3/4	3/4	4/4	3	1	1/4		1/4	1		3	57		1633
130	130	0	0	4/4	3	3	1/2		1/2	1		4	40		1644
130	130	0	0	4/4	3	2	1/2		1/2	1		5	47		1642
130	130	0	0	4/4	3	1	1/4		1/4	1		8	56		1638
130	130	0	0	4/4	2	1	1/2		1/2	1		4	64		1636
130	130	1/4	1/4	4/4	3	1	1/4		1/4	1		5	59		1639
130	130	1/2	1/2	4/4	3	3	1/4		1/4	1		6	42		1645
130	130	1/2	1/2	4/4	3	2	1/2		1/2	1		4	52		1643
130	130	1/2	1/2	4/4	2	1	1/2		1/2	1		5	59		1637
130	130	1/2	1/2	4/4	3	1	1/4		1/4	1		4	64		1640
130	130	3/4	3/4	4/4	3	3	1/4		1/4	1		8	44		1646
130	130	3/4	3/4	4/4	3	1	1/4		1/4	1		2	62		1641
131	131	0	0	4/4	3	1	1		1	1		3	45		1647
131	131	0	0	4/4	3	2	1/2		1/2	1		4	52		1648
131	131	0	0	4/4	3	1	1		1	1		3	57		1647
131	131	0	0	4/4	3	1	1		1	1		2	62		1647
131	131	1/2	1/2	4/4	3	2	1/2		1/2	1		6	54		1649
132	132	0	0	4/4	3	2	1		1	1		3	45		1653
132	132	0	0	4/4	3	2	1		1	1		1	55		1653
132	132	0	0	4/4	3	2	1		1	1		3	57		1653
132	132	0	0	4/4	3	1	1/2		1/2	1		7	61		1650
132	132	1/2	1/2	4/4	3	1	1/4		1/4	1		5	59		1651
132	132	3/4	3/4	4/4	3	1	1/4		1/4	1		7	61		1652
133	133	0	0	4/4	3	1	1		1	1		2	38		1662
133	133	0	0	4/4	3	1	1		1	1		3	45		1662
133	133	0	0	4/4	3	1	1		1	1		6	54		1662
133	133	0	0	4/4	3	1	1		1	1		3	57		1662
133	133	0	0	4/4	2	1	1/8		1/8	1		2	62		1654
133	133	1/8	1/8	4/4	2	1	1/8		1/8	1		3	57		1655
133	133	1/4	1/4	4/4	2	1	1/8		1/8	1		5	59		1656
133	133	3/8	3/8	4/4	2	1	1/8		1/8	1		3	57		1657
133	133	1/2	1/2	4/4	2	1	1/8		1/8	1		2	62		1658
133	133	5/8	5/8	4/4	2	1	1/8		1/8	1		3	57		1659
133	133	3/4	3/4	4/4	2	1	1/8		1/8	1		6	66		1660
133	133	7/8	7/8	4/4	2	1	1/8		1/8	1		3	57		1661
134	134	0	0	4/4	3	1	1		1	1		2	38		1668
134	134	0	0	4/4	3	1	1		1	1		3	45		1668
134	134	0	0	4/4	3	1	1		1	1		6	54		1668
134	134	0	0	4/4	3	1	1		1	1		3	57		1668
134	134	3/8	3/8	4/4	2	1	1/8		1/8	1		3	57		1663
134	134	1/2	1/2	4/4	2	1	1/8		1/8	1		4	64		1664
134	134	5/8	5/8	4/4	2	1	1/8		1/8	1		3	57		1665
134	134	3/4	3/4	4/4	2	1	1/8		1/8	1		3	69		1666
134	134	7/8	7/8	4/4	2	1	1/8		1/8	1		3	57		1667
135	135	0	0	4/4	3	1	1		1	1		2	38		1675
135	135	0	0	4/4	3	1	1		1	1		3	45		1675
135	135	0	0	4/4	3	1	1		1	1		6	54		1675
135	135	0	0	4/4	2	1	1/8		1/8	1		6	66		1669
135	135	1/8	1/8	4/4	2	1	1/8		1/8	1		3	57		1670
135	135	1/4	1/4	4/4	2	1	1/8		1/8	1		4	64		1671
135	135	3/8	3/8	4/4	2	1	1/8		1/8	1		2	62		1672
135	135	3/4	3/4	4/4	2	1	1/8		1/8	1		5	59		1673
135	135	7/8	7/8	4/4	2	1	1/8		1/8	1		2	62		1674
136	136	0	0	4/4	3	1	1		1	1		2	38		1682
136	136	0	0	4/4	3	1	1		1	1		3	45		1682
136	136	0	0	4/4	3	1	1		1	1		6	54		1682
136	136	0	0	4/4	2	1	1/8		1/8	1		3	57		1676
136	136	1/8	1/8	4/4	2	1	1/8		1/8	1		2	62		1677
136	136	1/2	1/2	4/4	2	1	1/8		1/8	1		6	54		1678
136	136	5/8	5/8	4/4	2	1	1/8		1/8	1		3	57		1679
136	136	3/4	3/4	4/4	2	1	1/8		1/8	1		4	52		1680
136	136	7/8	7/8	4/4	2	1	1/8		1/8	1		3	57		1681
137	137	0	0	4/4	3	1	1		1	1	1	2	38		1685
137	137	0	0	4/4	3	1	1		1	1	1	3	45		1685
137	137	0	0	4/4	3	1	1		1	1	1	6	54		1685
137	137	1/2	1/2	4/4	2	1	1/4		1/4	1		4	52		1683
137	137	3/4	3/4	4/4	2	1	1/4		1/4	1		3	57		1684
138	138	0	0	4/4	3	1	1/2		1/2	1	-1	2	38		1688
138	138	0	0	4/4	3	1	1/2		1/2	1	-1	3	45		1688
138	138	0	0	4/4	2	1	1/4		1/4	1		2	50		1686
138	138	0	0	4/4	3	1	1/2		1/2	1	-1	6	54		1688
138	138	1/4	1/4	4/4	2	1	1/4		1/4	1		3	57		1687
138	138	1/2	1/2	4/4	3	1	1/2		1/2	1	1	2	38		1689
138	138	1/2	1/2	4/4	3	1	1/2		1/2	1	1	3	45		1689
138	138	1/2	1/2	4/4	3	1	1/2		1/2	1	1	6	54		1689
139	139	0	0	4/4	3	1	1		1	1	-1	2	38		1690
139	139	0	0	4/4	3	1	1		1	1	-1	3	45		1690
139	139	0	0	4/4	3	1	1		1	1	-1	6	54		1690
