mc	mn	mc_onset	mn_onset	timesig	staff	voice	duration	nominal_duration	scalar	tied	tpc	midi	volta	chord_id
1	1	0	0	4/4	3	2	1/4	1/4	1		0	48		9
1	1	0	0	4/4	2	1	1/8	1/8	1		1	55		0
1	1	0	0	4/4	3	1	1/2	1/2	1		1	55		5
1	1	1/8	1/8	4/4	2	1	1/8	1/8	1		0	60		1
1	1	1/4	1/4	4/4	3	2	1/4	1/4	1		1	43		10
1	1	1/4	1/4	4/4	2	1	1/8	1/8	1		0	60		2
1	1	3/8	3/8	4/4	2	1	1/8	1/8	1		2	62		3
1	1	1/2	1/2	4/4	2	1	1/2	1/2	1	1	2	62		4
1	1	5/8	5/8	4/4	3	1	1/8	1/8	1		0	60		6
1	1	3/4	3/4	4/4	3	2	1/4	1/4	1		1	43		11
1	1	3/4	3/4	4/4	3	1	1/8	1/8	1		5	59		7
1	1	7/8	7/8	4/4	3	1	1/8	1/8	1		3	57		8
2	2	0	0	4/4	3	2	1/4	1/4	1		1	55		22
2	2	0	0	4/4	3	1	1/2	1/2	1	1	5	59		17
2	2	0	0	4/4	2	1	1/8	1/8	1	-1	2	62		12
2	2	1/8	1/8	4/4	2	1	1/8	1/8	1		1	67		13
2	2	1/4	1/4	4/4	3	2	1/4	1/4	1		1	43		23
2	2	1/4	1/4	4/4	2	1	1/8	1/8	1		1	67		14
2	2	3/8	3/8	4/4	2	1	1/8	1/8	1		2	62		15
2	2	1/2	1/2	4/4	3	1	1/8	1/8	1	-1	5	59		18
2	2	1/2	1/2	4/4	2	1	1/2	1/2	1	1	-3	63		16
2	2	5/8	5/8	4/4	3	1	1/8	1/8	1		2	62		19
2	2	3/4	3/4	4/4	3	2	1/4	1/4	1		1	43		24
2	2	3/4	3/4	4/4	3	1	1/8	1/8	1		0	60		20
2	2	7/8	7/8	4/4	3	1	1/8	1/8	1		5	59		21
3	3	0	0	4/4	3	2	1/4	1/4	1		-3	51		34
3	3	0	0	4/4	3	1	1	1	1	1	0	60		33
3	3	0	0	4/4	2	1	1/8	1/8	1	-1	-3	63		25
3	3	1/8	1/8	4/4	2	1	1/8	1/8	1		1	67		26
3	3	1/4	1/4	4/4	3	2	1/4	1/4	1		0	48		35
3	3	1/4	1/4	4/4	2	1	1/8	1/8	1		-4	68		27
3	3	3/8	3/8	4/4	2	1	1/8	1/8	1		-2	70		28
3	3	1/2	1/2	4/4	3	2	1/4	1/4	1		-1	53		36
3	3	1/2	1/2	4/4	2	1	1/8	1/8	1		0	72		29
3	3	5/8	5/8	4/4	2	1	1/8	1/8	1		-2	70		30
3	3	3/4	3/4	4/4	3	2	1/4	1/4	1		0	48		37
3	3	3/4	3/4	4/4	2	1	1/8	1/8	1		-4	68		31
3	3	7/8	7/8	4/4	2	1	1/8	1/8	1		-1	65		32
4	4	0	0	4/4	3	2	1/4	1/4	1		-3	51		45
4	4	0	0	4/4	3	1	1/2	1/2	1	-1	0	60		43
4	4	0	0	4/4	2	1	1/2	1/2	1	1	1	67		38
4	4	1/4	1/4	4/4	3	2	1/4	1/4	1		0	48		46
4	4	1/2	1/2	4/4	3	2	1/4	1/4	1		2	50		47
4	4	1/2	1/2	4/4	3	1	1/2	1/2	1		5	59		44
4	4	1/2	1/2	4/4	2	1	1/8	1/8	1	-1	1	67		39
4	4	5/8	5/8	4/4	2	1	1/8	1/8	1		-1	65		40
4	4	3/4	3/4	4/4	3	2	1/4	1/4	1		1	43		48
4	4	3/4	3/4	4/4	2	1	1/8	1/8	1		-3	63		41
4	4	7/8	7/8	4/4	2	1	1/8	1/8	1		2	62		42
5	5	0	0	4/4	3	2	1/4	1/4	1		0	48		59
5	5	0	0	4/4	3	1	1/2	1/2	1		0	60		57
5	5	0	0	4/4	2	1	1/8	1/8	1		-1	65		49
5	5	1/8	1/8	4/4	2	1	1/8	1/8	1		-3	63		50
5	5	1/4	1/4	4/4	3	2	1/4	1/4	1		1	43		60
5	5	1/4	1/4	4/4	2	1	1/8	1/8	1		-1	65		51
5	5	3/8	3/8	4/4	2	1	1/8	1/8	1		-3	63		52
5	5	1/2	1/2	4/4	3	2	1/4	1/4	1		5	47		61
5	5	1/2	1/2	4/4	3	1	1/2	1/2	1		1	55		58
5	5	1/2	1/2	4/4	2	1	1/8	1/8	1		-3	63		53
5	5	5/8	5/8	4/4	2	1	1/8	1/8	1		2	62		54
5	5	3/4	3/4	4/4	3	2	1/4	1/4	1		1	43		62
5	5	3/4	3/4	4/4	2	1	1/8	1/8	1		-3	63		55
5	5	7/8	7/8	4/4	2	1	1/8	1/8	1		2	62		56
6	6	0	0	4/4	3	1	1/2	1/2	1		-3	51		76
6	6	0	0	4/4	2	2	1/8	1/8	1		2	62		68
6	6	0	0	4/4	2	1	1/2	1/2	1	1	1	67		63
6	6	1/8	1/8	4/4	2	2	1/8	1/8	1		-5	61		69
6	6	1/4	1/4	4/4	2	2	1/8	1/8	1		-3	63		70
6	6	3/8	3/8	4/4	2	2	1/8	1/8	1		-5	61		71
6	6	1/2	1/2	4/4	3	1	1/2	1/2	1		-4	44		77
6	6	1/2	1/2	4/4	2	2	1/8	1/8	1		-5	61		72
6	6	1/2	1/2	4/4	2	1	1/8	1/8	1	-1	1	67		64
6	6	5/8	5/8	4/4	2	2	1/8	1/8	1		0	60		73
6	6	5/8	5/8	4/4	2	1	1/8	1/8	1		-4	68		65
6	6	3/4	3/4	4/4	2	2	1/8	1/8	1		-2	58		74
6	6	3/4	3/4	4/4	2	1	1/8	1/8	1		-2	70		66
6	6	7/8	7/8	4/4	2	2	1/8	1/8	1		-4	56		75
6	6	7/8	7/8	4/4	2	1	1/8	1/8	1		0	72		67
7	7	0	0	4/4	3	2	1/2	1/2	1		2	50		93
7	7	0	0	4/4	3	1	1/8	1/8	1		1	55		88
7	7	0	0	4/4	2	2	1/2	1/2	1	1	0	60		83
7	7	0	0	4/4	2	1	1/2	1/2	1	1	2	74		78
7	7	1/8	1/8	4/4	3	1	1/8	1/8	1		6	54		89
7	7	1/4	1/4	4/4	3	1	1/8	1/8	1		1	55		90
7	7	3/8	3/8	4/4	3	1	1/8	1/8	1		3	57		91
7	7	1/2	1/2	4/4	3	2	1/2	1/2	1		1	43		94
7	7	1/2	1/2	4/4	3	1	1/2	1/2	1		1	55		92
7	7	1/2	1/2	4/4	2	2	1/8	1/8	1	-1	0	60		84
7	7	1/2	1/2	4/4	2	1	1/8	1/8	1	-1	2	74		79
7	7	5/8	5/8	4/4	2	2	1/8	1/8	1		5	59		85
7	7	5/8	5/8	4/4	2	1	1/8	1/8	1		-3	75		80
7	7	3/4	3/4	4/4	2	2	1/8	1/8	1		3	57		86
7	7	3/4	3/4	4/4	2	1	1/8	1/8	1		-1	77		81
7	7	7/8	7/8	4/4	2	2	1/8	1/8	1		1	55		87
7	7	7/8	7/8	4/4	2	1	1/8	1/8	1		1	79		82
8	8	0	0	3/2	3	2	1/4	1/4	1		0	48		116
8	8	0	0	3/2	1	1	1/4	1/4	1		1	55		95
8	8	0	0	3/2	3	1	1/2	1/2	1	1	1	55		110
8	8	0	0	3/2	2	2	3/2	1	3/2		1	67		109
8	8	0	0	3/2	2	1	1/8	1/8	1		-1	77		100
8	8	1/8	1/8	3/2	2	1	1/8	1/8	1		-3	75		101
8	8	1/4	1/4	3/2	3	2	1/4	1/4	1		1	43		117
8	8	1/4	1/4	3/2	1	1	1/4	1/4	1		0	60		96
8	8	1/4	1/4	3/2	2	1	1/8	1/8	1		-3	75		102
8	8	3/8	3/8	3/2	2	1	1/8	1/8	1		2	74		103
8	8	1/2	1/2	3/2	3	1	1/8	1/8	1	-1	1	55		111
8	8	1/2	1/2	3/2	1	1	1/4	1/4	1		2	62		97
8	8	1/2	1/2	3/2	2	1	1/2	1/2	1	1	2	74		104
8	8	5/8	5/8	3/2	3	1	1/8	1/8	1		0	60		112
8	8	3/4	3/4	3/2	3	1	1/8	1/8	1		5	59		113
8	8	3/4	3/4	3/2	1	1	1/4	1/4	1		1	67		98
8	8	7/8	7/8	3/2	3	1	1/8	1/8	1		3	57		114
8	8	1	1	3/2	3	1	1/2	1/2	1		5	59		115
8	8	1	1	3/2	1	1	1/2	1/2	1		2	62		99
8	8	1	1	3/2	2	1	1/8	1/8	1	-1	2	74		105
8	8	9/8	9/8	3/2	2	1	1/8	1/8	1		-3	75		106
8	8	5/4	5/4	3/2	3	2	1/4	1/4	1		1	43		118
8	8	5/4	5/4	3/2	2	1	1/8	1/8	1		-1	77		107
8	8	11/8	11/8	3/2	2	1	1/8	1/8	1		1	79		108
9	9	0	0	3/2	3	2	1/4	1/4	1		0	48		140
9	9	0	0	3/2	1	1	1/4	1/4	1		1	55		119
9	9	0	0	3/2	3	1	1/2	1/2	1	1	1	55		134
9	9	0	0	3/2	2	2	3/2	1	3/2		1	67		133
9	9	0	0	3/2	2	1	1/8	1/8	1		-1	77		124
9	9	1/8	1/8	3/2	2	1	1/8	1/8	1		-3	75		125
9	9	1/4	1/4	3/2	3	2	1/4	1/4	1		1	43		141
9	9	1/4	1/4	3/2	1	1	1/4	1/4	1		0	60		120
9	9	1/4	1/4	3/2	2	1	1/8	1/8	1		-3	75		126
9	9	3/8	3/8	3/2	2	1	1/8	1/8	1		2	74		127
9	9	1/2	1/2	3/2	3	1	1/8	1/8	1	-1	1	55		135
9	9	1/2	1/2	3/2	1	1	1/4	1/4	1		2	62		121
9	9	1/2	1/2	3/2	2	1	1/2	1/2	1	1	2	74		128
9	9	5/8	5/8	3/2	3	1	1/8	1/8	1		0	60		136
9	9	3/4	3/4	3/2	3	1	1/8	1/8	1		5	59		137
9	9	3/4	3/4	3/2	1	1	1/4	1/4	1		1	67		122
9	9	7/8	7/8	3/2	3	1	1/8	1/8	1		3	57		138
9	9	1	1	3/2	3	1	1/2	1/2	1		5	59		139
9	9	1	1	3/2	1	1	1/2	1/2	1		2	62		123
9	9	1	1	3/2	2	1	1/8	1/8	1	-1	2	74		129
9	9	9/8	9/8	3/2	2	1	1/8	1/8	1		-3	75		130
9	9	5/4	5/4	3/2	3	2	1/4	1/4	1		1	43		142
9	9	5/4	5/4	3/2	2	1	1/8	1/8	1		-1	77		131
9	9	11/8	11/8	3/2	2	1	1/8	1/8	1		1	79		132
10	10	0	0	4/4	3	1	1/4	1/4	1		1	55		152
10	10	0	0	4/4	2	1	1/8	1/8	1		-1	77		143
10	10	1/8	1/8	4/4	2	1	1/8	1/8	1		-3	75		144
10	10	1/4	1/4	4/4	3	1	1/4	1/4	1		0	48		153
10	10	1/4	1/4	4/4	2	1	1/8	1/8	1		-1	77		145
10	10	3/8	3/8	4/4	2	1	1/8	1/8	1		1	79		146
10	10	1/2	1/2	4/4	3	1	1/4	1/4	1		-4	56		154
10	10	1/2	1/2	4/4	2	2	1/2	1/2	1	1	0	72		151
10	10	1/2	1/2	4/4	2	1	1/8	1/8	1		0	84		147
10	10	5/8	5/8	4/4	2	1	1/8	1/8	1		-2	82		148
10	10	3/4	3/4	4/4	3	1	1/4	1/4	1		-1	53		155
10	10	3/4	3/4	4/4	2	1	1/8	1/8	1		-4	80		149
10	10	7/8	7/8	4/4	2	1	1/8	1/8	1		-1	77		150
11	11	0	0	4/4	3	1	1/4	1/4	1		-3	51		163
11	11	0	0	4/4	2	2	1/2	1/2	1	-1	0	72		161
11	11	0	0	4/4	2	1	1/2	1/2	1	1	1	79		156
11	11	1/4	1/4	4/4	3	1	1/4	1/4	1		0	48		164
11	11	1/2	1/2	4/4	3	1	1/4	1/4	1		2	50		165
11	11	1/2	1/2	4/4	2	2	1/2	1/2	1	1	1	67		162
11	11	1/2	1/2	4/4	2	1	1/8	1/8	1	-1	1	79		157
11	11	5/8	5/8	4/4	2	1	1/8	1/8	1		-1	77		158
11	11	3/4	3/4	4/4	3	1	1/4	1/4	1		1	43		166
11	11	3/4	3/4	4/4	2	1	1/8	1/8	1		-3	75		159
11	11	7/8	7/8	4/4	2	1	1/8	1/8	1		2	74		160
12	12	0	0	4/4	3	1	1/4	1/4	1		0	48		180
12	12	0	0	4/4	1	1	1/4	1/4	1		1	67		167
12	12	0	0	4/4	2	2	1	1	1	-1	1	67		179
12	12	0	0	4/4	2	1	1/8	1/8	1		-1	77		171
12	12	1/8	1/8	4/4	2	1	1/8	1/8	1		-3	75		172
12	12	1/4	1/4	4/4	3	1	1/4	1/4	1		1	43		181
12	12	1/4	1/4	4/4	1	1	1/4	1/4	1		1	67		168
12	12	1/4	1/4	4/4	2	1	1/8	1/8	1		-1	77		173
12	12	3/8	3/8	4/4	2	1	1/8	1/8	1		-3	75		174
12	12	1/2	1/2	4/4	3	1	1/4	1/4	1		1	55		182
12	12	1/2	1/2	4/4	1	1	1/4	1/4	1		-1	65		169
12	12	1/2	1/2	4/4	2	1	1/8	1/8	1		-3	75		175
12	12	5/8	5/8	4/4	2	1	1/8	1/8	1		2	74		176
12	12	3/4	3/4	4/4	3	1	1/4	1/4	1		1	43		183
12	12	3/4	3/4	4/4	1	1	1/4	1/4	1		-1	65		170
12	12	3/4	3/4	4/4	2	1	1/8	1/8	1		-3	75		177
12	12	7/8	7/8	4/4	2	1	1/8	1/8	1		2	74		178
13	13	0	0	4/4	3	1	1/4	1/4	1		0	48		192
13	13	0	0	4/4	1	1	1/2	1/2	1		-3	63		184
13	13	0	0	4/4	2	2	1	1	1		1	67		191
13	13	0	0	4/4	2	1	1/2	1/2	1	1	1	79		186
13	13	1/4	1/4	4/4	3	1	1/4	1/4	1		1	43		193
13	13	1/2	1/2	4/4	3	1	1/4	1/4	1		5	47		194
13	13	1/2	1/2	4/4	1	1	1/2	1/2	1		2	62		185
13	13	1/2	1/2	4/4	2	1	1/8	1/8	1	-1	1	79		187
13	13	5/8	5/8	4/4	2	1	1/8	1/8	1		-4	80		188
13	13	3/4	3/4	4/4	3	1	1/4	1/4	1		1	43		195
13	13	3/4	3/4	4/4	2	1	1/8	1/8	1		1	79		189
13	13	7/8	7/8	4/4	2	1	1/8	1/8	1		-1	77		190
14	14	0	0	4/4	3	1	1/4	1/4	1		0	48		210
14	14	0	0	4/4	1	1	1/4	1/4	1		1	67		196
14	14	0	0	4/4	2	2	1/2	1/2	1		1	67		208
14	14	0	0	4/4	2	1	1/8	1/8	1		2	74		200
14	14	1/8	1/8	4/4	2	1	1/8	1/8	1		-3	75		201
14	14	1/4	1/4	4/4	3	1	1/4	1/4	1		1	43		211
14	14	1/4	1/4	4/4	1	1	1/4	1/4	1		1	67		197
14	14	1/4	1/4	4/4	2	1	1/8	1/8	1		-1	77		202
14	14	3/8	3/8	4/4	2	1	1/8	1/8	1		1	79		203
14	14	1/2	1/2	4/4	3	1	1/4	1/4	1		-1	53		212
14	14	1/2	1/2	4/4	1	1	1/4	1/4	1		-1	65		198
14	14	1/2	1/2	4/4	2	2	1/2	1/2	1		-4	68		209
14	14	1/2	1/2	4/4	2	1	1/8	1/8	1		-2	82		204
14	14	5/8	5/8	4/4	2	1	1/8	1/8	1		-4	80		205
14	14	3/4	3/4	4/4	3	1	1/4	1/4	1		-1	41		213
14	14	3/4	3/4	4/4	1	1	1/4	1/4	1		-1	65		199
14	14	3/4	3/4	4/4	2	1	1/8	1/8	1		-1	77		206
14	14	7/8	7/8	4/4	2	1	1/8	1/8	1		-5	73		207
15	15	0	0	4/4	3	1	1	1	1		1	55		225
15	15	0	0	4/4	1	1	1/2	1/2	1		-3	63		214
15	15	0	0	4/4	2	2	1	1	1		1	67		224
15	15	0	0	4/4	2	1	1/8	1/8	1		-5	73		216
15	15	1/8	1/8	4/4	2	1	1/8	1/8	1		0	72		217
15	15	1/4	1/4	4/4	2	1	1/8	1/8	1		-5	73		218
15	15	3/8	3/8	4/4	2	1	1/8	1/8	1		0	72		219
15	15	1/2	1/2	4/4	1	1	1/2	1/2	1		2	62		215
15	15	1/2	1/2	4/4	2	1	1/8	1/8	1		0	72		220
15	15	5/8	5/8	4/4	2	1	1/8	1/8	1		5	71		221
15	15	3/4	3/4	4/4	2	1	1/8	1/8	1		0	72		222
15	15	7/8	7/8	4/4	2	1	1/8	1/8	1		5	71		223
16	16	0	0	3/2	3	1	1/2	1/2	1		-3	51		244
16	16	0	0	3/2	2	2	1/8	1/8	1		-7	71		232
16	16	0	0	3/2	2	1	1/2	1/2	1	1	1	79		226
16	16	1/8	1/8	3/2	2	2	1/8	1/8	1		-2	70		233
16	16	1/4	1/4	3/2	2	2	1/8	1/8	1		-7	71		234
16	16	3/8	3/8	3/2	2	2	1/8	1/8	1		-5	73		235
16	16	1/2	1/2	3/2	3	1	1/2	1/2	1		-4	56		245
16	16	1/2	1/2	3/2	2	2	1/8	1/8	1		-5	73		236
16	16	1/2	1/2	3/2	2	1	1/8	1/8	1	-1	1	79		227
16	16	5/8	5/8	3/2	2	2	1/8	1/8	1		0	72		237
16	16	5/8	5/8	3/2	2	1	1/8	1/8	1		-4	80		228
16	16	3/4	3/4	3/2	2	2	1/8	1/8	1		-2	70		238
16	16	3/4	3/4	3/2	2	1	1/8	1/8	1		-2	82		229
16	16	7/8	7/8	3/2	2	2	1/8	1/8	1		-4	68		239
16	16	7/8	7/8	3/2	2	1	1/8	1/8	1		0	84		230
16	16	1	1	3/2	3	1	1/2	1/2	1		2	50		246
16	16	1	1	3/2	2	2	1/8	1/8	1		1	67		240
16	16	1	1	3/2	2	1	1/2	1/2	1		2	86		231
16	16	9/8	9/8	3/2	2	2	1/8	1/8	1		6	66		241
16	16	5/4	5/4	3/2	2	2	1/8	1/8	1		1	67		242
16	16	11/8	11/8	3/2	2	2	1/8	1/8	1		3	69		243
17	17	0	0	3/2	3	1	1/4	1/4	1		1	55		270
17	17	0	0	3/2	1	1	1/4	1/4	1		2	62		247
17	17	0	0	3/2	2	2	1/8	1/8	1		3	69		261
17	17	0	0	3/2	2	1	1/8	1/8	1		2	74		252
17	17	1/8	1/8	3/2	2	2	1/8	1/8	1		1	67		262
17	17	1/8	1/8	3/2	2	1	1/8	1/8	1		-3	75		253
17	17	1/4	1/4	3/2	3	1	1/4	1/4	1		2	50		271
17	17	1/4	1/4	3/2	2	2	1/8	1/8	1		-1	65		263
17	17	1/4	1/4	3/2	1	1	1/4	1/4	1		1	67		248
17	17	1/4	1/4	3/2	2	1	1/8	1/8	1		-1	77		254
17	17	3/8	3/8	3/2	2	2	1/8	1/8	1		-3	63		264
17	17	3/8	3/8	3/2	2	1	1/8	1/8	1		1	79		255
17	17	1/2	1/2	3/2	2	2	1/2	1/2	1	1	2	62		265
17	17	1/2	1/2	3/2	1	1	1/4	1/4	1		3	69		249
17	17	1/2	1/2	3/2	2	1	1/8	1/8	1		-1	77		256
17	17	5/8	5/8	3/2	2	1	1/8	1/8	1		-3	75		257
17	17	3/4	3/4	3/2	3	1	1/4	1/4	1		2	50		272
17	17	3/4	3/4	3/2	1	1	1/4	1/4	1		2	74		250
17	17	3/4	3/4	3/2	2	1	1/8	1/8	1		-3	75		258
17	17	7/8	7/8	3/2	2	1	1/8	1/8	1		2	74		259
17	17	1	1	3/2	2	2	1/8	1/8	1	-1	2	62		266
17	17	1	1	3/2	1	1	1/2	1/2	1		3	69		251
17	17	1	1	3/2	2	1	1/2	1/2	1	1	2	74		260
17	17	9/8	9/8	3/2	2	2	1/8	1/8	1		-3	63		267
17	17	5/4	5/4	3/2	3	1	1/4	1/4	1		2	50		273
17	17	5/4	5/4	3/2	2	2	1/8	1/8	1		-1	65		268
17	17	11/8	11/8	3/2	2	2	1/8	1/8	1		1	67		269
18	18	0	0	3/2	3	1	1/4	1/4	1		1	55		297
18	18	0	0	3/2	1	1	1/4	1/4	1		2	62		274
18	18	0	0	3/2	2	2	1/8	1/8	1		3	69		288
18	18	0	0	3/2	2	1	1/8	1/8	1	-1	2	74		279
18	18	1/8	1/8	3/2	2	2	1/8	1/8	1		1	67		289
18	18	1/8	1/8	3/2	2	1	1/8	1/8	1		-3	75		280
18	18	1/4	1/4	3/2	3	1	1/4	1/4	1		2	50		298
18	18	1/4	1/4	3/2	2	2	1/8	1/8	1		-1	65		290
18	18	1/4	1/4	3/2	1	1	1/4	1/4	1		1	67		275
18	18	1/4	1/4	3/2	2	1	1/8	1/8	1		-1	77		281
18	18	3/8	3/8	3/2	2	2	1/8	1/8	1		-3	63		291
18	18	3/8	3/8	3/2	2	1	1/8	1/8	1		1	79		282
18	18	1/2	1/2	3/2	2	2	1/2	1/2	1	1	2	62		292
18	18	1/2	1/2	3/2	1	1	1/4	1/4	1		3	69		276
18	18	1/2	1/2	3/2	2	1	1/8	1/8	1		-1	77		283
18	18	5/8	5/8	3/2	2	1	1/8	1/8	1		-3	75		284
18	18	3/4	3/4	3/2	3	1	1/4	1/4	1		2	50		299
18	18	3/4	3/4	3/2	1	1	1/4	1/4	1		2	74		277
18	18	3/4	3/4	3/2	2	1	1/8	1/8	1		-3	75		285
18	18	7/8	7/8	3/2	2	1	1/8	1/8	1		2	74		286
18	18	1	1	3/2	2	2	1/8	1/8	1	-1	2	62		293
18	18	1	1	3/2	1	1	1/2	1/2	1		3	69		278
18	18	1	1	3/2	2	1	1/2	1/2	1		2	74		287
18	18	9/8	9/8	3/2	2	2	1/8	1/8	1		0	60		294
18	18	5/4	5/4	3/2	3	1	1/4	1/4	1		2	50		300
18	18	5/4	5/4	3/2	2	2	1/8	1/8	1		-2	58		295
18	18	11/8	11/8	3/2	2	2	1/8	1/8	1		3	57		296
19	19	0	0	3/2	3	2	1	1	1		1	43		311
19	19	0	0	3/2	3	1	1/2	1/2	1		-2	58		307
19	19	0	0	3/2	2	1	1/4	1/4	1		2	62		301
19	19	1/4	1/4	3/2	2	1	1/4	1/4	1		-1	65		302
19	19	1/2	1/2	3/2	3	1	1/2	1/2	1		5	59		308
19	19	1/2	1/2	3/2	2	1	1/4	1/4	1		-3	63		303
19	19	1/2	1/2	3/2	2	1	1/4	1/4	1		1	67		303
19	19	3/4	3/4	3/2	2	1	1/4	1/4	1		2	62		304
19	19	3/4	3/4	3/2	2	1	1/4	1/4	1		-1	65		304
19	19	1	1	3/2	3	1	1/4	1/4	1		1	55		309
19	19	1	1	3/2	2	1	1/4	1/4	1		0	60		305
19	19	1	1	3/2	2	1	1/4	1/4	1		-3	63		305
19	19	5/4	5/4	3/2	3	1	1/4	1/4	1		-1	53		310
19	19	5/4	5/4	3/2	3	1	1/4	1/4	1		5	59		310
19	19	5/4	5/4	3/2	2	1	1/4	1/4	1		2	62		306
20	20	0	0	3/2	3	2	1	1	1		-4	44		318
20	20	0	0	3/2	3	1	1/2	1/2	1		-1	53		316
20	20	0	0	3/2	3	1	1/2	1/2	1		5	59		316
20	20	0	0	3/2	2	1	1/2	1/2	1		2	62		312
20	20	1/2	1/2	3/2	3	1	1/2	1/2	1		-3	51		317
20	20	1/2	1/2	3/2	3	1	1/2	1/2	1		-4	56		317
20	20	1/2	1/2	3/2	2	1	1/2	1/2	1		0	60		313
20	20	1	1	3/2	2	1	1/4	1/4	1		-3	63		314
20	20	5/4	5/4	3/2	2	1	1/4	1/4	1		1	67		315
21	21	0	0	3/2	3	2	3/2	1	3/2		-4	44		332
21	21	0	0	3/2	3	1	1/2	1/2	1		4	52		330
21	21	0	0	3/2	2	2	3/2	1	3/2		-5	61		329
21	21	0	0	3/2	2	1	1/4	1/4	1		-4	68		323
21	21	1/4	1/4	3/2	2	1	1/4	1/4	1		1	67		324
21	21	1/2	1/2	3/2	3	1	1	1	1		-1	53		331
21	21	1/2	1/2	3/2	1	1	1/4	1/4	1		-1	65		319
21	21	1/2	1/2	3/2	2	1	1/4	1/4	1		-1	65		325
21	21	3/4	3/4	3/2	2	1	1/4	1/4	1		-3	63		326
21	21	3/4	3/4	3/2	1	1	1/4	1/4	1		-4	68		320
21	21	1	1	3/2	2	1	1/4	1/4	1		-5	61		327
21	21	1	1	3/2	1	1	1/4	1/4	1		-5	73		321
21	21	5/4	5/4	3/2	2	1	1/4	1/4	1		-1	65		328
21	21	5/4	5/4	3/2	1	1	1/4	1/4	1		0	72		322
22	22	0	0	3/2	3	1	1	1	1		-4	44		342
22	22	0	0	3/2	3	1	1	1	1		1	55		342
22	22	0	0	3/2	2	2	3/2	1	3/2		-5	61		341
22	22	0	0	3/2	2	2	3/2	1	3/2		-8	64		341
22	22	0	0	3/2	1	1	1/2	1/2	1		0	72		333
22	22	0	0	3/2	2	1	1/2	1/2	1		0	72		337
22	22	1/2	1/2	3/2	1	1	1/2	1/2	1		-2	70		334
22	22	1/2	1/2	3/2	2	1	1/2	1/2	1		-2	70		338
22	22	1	1	3/2	3	1	1/4	1/4	1		-1	53		343
22	22	1	1	3/2	2	1	1/4	1/4	1		-1	65		339
22	22	1	1	3/2	1	1	1/4	1/4	1		-4	68		335
22	22	1	1	3/2	2	1	1/4	1/4	1		-4	68		339
22	22	5/4	5/4	3/2	3	1	1/4	1/4	1		-8	52		344
22	22	5/4	5/4	3/2	2	1	1/4	1/4	1		1	67		340
22	22	5/4	5/4	3/2	1	1	1/4	1/4	1		-2	70		336
22	22	5/4	5/4	3/2	2	1	1/4	1/4	1		-2	70		340
23	23	0	0	3/2	3	2	1	1	1		-4	44		358
23	23	0	0	3/2	3	1	1/2	1/2	1		-8	52		356
23	23	0	0	3/2	2	3	1/2	1/2	1		2	62		354
23	23	0	0	3/2	2	2	1	1	1		-4	68		353
23	23	0	0	3/2	1	1	1/2	1/2	1		5	71		345
23	23	0	0	3/2	2	1	1/2	1/2	1		5	71		349
23	23	1/2	1/2	3/2	3	1	1/2	1/2	1		-3	51		357
23	23	1/2	1/2	3/2	2	3	1/2	1/2	1		-3	63		355
23	23	1/2	1/2	3/2	1	1	1/2	1/2	1		0	72		346
23	23	1/2	1/2	3/2	2	1	1/2	1/2	1		0	72		350
23	23	1	1	3/2	1	1	1/4	1/4	1		-4	68		347
23	23	1	1	3/2	2	1	1/4	1/4	1		-4	68		351
23	23	5/4	5/4	3/2	1	1	1/4	1/4	1		-2	70		348
23	23	5/4	5/4	3/2	2	1	1/4	1/4	1		-2	70		352
24	24	0	0	3/2	3	2	1	1	1		1	43		370
24	24	0	0	3/2	3	1	3/2	1	3/2		-2	58		369
24	24	0	0	3/2	2	2	1	1	1		4	64		367
24	24	0	0	3/2	1	1	1/2	1/2	1		5	71		359
24	24	0	0	3/2	2	1	1/2	1/2	1		5	71		363
24	24	1/2	1/2	3/2	1	1	1/2	1/2	1		0	72		360
24	24	1/2	1/2	3/2	2	1	1/2	1/2	1		0	72		364
24	24	1	1	3/2	3	2	1/2	1/2	1		-6	42		371
24	24	1	1	3/2	2	2	1/2	1/2	1		-3	63		368
24	24	1	1	3/2	1	1	1/4	1/4	1		-5	73		361
24	24	1	1	3/2	2	1	1/4	1/4	1		-5	73		365
24	24	5/4	5/4	3/2	1	1	1/4	1/4	1		-3	75		362
24	24	5/4	5/4	3/2	2	1	1/4	1/4	1		-3	75		366
25	25	0	0	3/2	3	2	1	1	1		-1	41		388
25	25	0	0	3/2	3	1	1	1	1		3	57		385
25	25	0	0	3/2	2	2	3/2	1	3/2	1	-3	63		384
25	25	0	0	3/2	1	1	1/4	1/4	1		-1	77		372
25	25	0	0	3/2	2	1	1/4	1/4	1		-1	77		378
25	25	1/4	1/4	3/2	1	1	1/4	1/4	1		4	76		373
25	25	1/4	1/4	3/2	2	1	1/4	1/4	1		4	76		379
25	25	1/2	1/2	3/2	1	1	1/4	1/4	1		-1	77		374
25	25	1/2	1/2	3/2	2	1	1/4	1/4	1		-1	77		380
25	25	3/4	3/4	3/2	1	1	1/4	1/4	1		-3	75		375
25	25	3/4	3/4	3/2	2	1	1/4	1/4	1		-3	75		381
25	25	1	1	3/2	3	2	1/2	1/2	1		-6	42		389
25	25	1	1	3/2	3	1	1/4	1/4	1		3	57		386
25	25	1	1	3/2	1	1	1/4	1/4	1		-3	75		376
25	25	1	1	3/2	2	1	1/4	1/4	1		-3	75		382
25	25	5/4	5/4	3/2	3	1	1/4	1/4	1		-2	58		387
25	25	5/4	5/4	3/2	1	1	1/4	1/4	1		-5	73		377
25	25	5/4	5/4	3/2	2	1	1/4	1/4	1		-5	73		383
26	26	0	0	3/2	3	2	3/2	1	3/2		1	43		407
26	26	0	0	3/2	3	1	1/2	1/2	1		-2	58		405
26	26	0	0	3/2	2	2	1/2	1/2	1	-1	-3	63		402
26	26	0	0	3/2	1	1	1/4	1/4	1		-5	73		390
26	26	0	0	3/2	2	1	1/4	1/4	1		-5	73		396
26	26	1/4	1/4	3/2	1	1	1/4	1/4	1		0	72		391
26	26	1/4	1/4	3/2	2	1	1/4	1/4	1		0	72		397
26	26	1/2	1/2	3/2	3	1	1	1	1		-5	61		406
26	26	1/2	1/2	3/2	2	2	1/2	1/2	1		4	64		403
26	26	1/2	1/2	3/2	1	1	1/4	1/4	1		-5	73		392
26	26	1/2	1/2	3/2	2	1	1/4	1/4	1		-5	73		398
26	26	3/4	3/4	3/2	1	1	1/4	1/4	1		0	72		393
26	26	3/4	3/4	3/2	2	1	1/4	1/4	1		0	72		399
26	26	1	1	3/2	2	2	1/2	1/2	1		-1	65		404
26	26	1	1	3/2	1	1	1/4	1/4	1		0	72		394
26	26	1	1	3/2	2	1	1/4	1/4	1		0	72		400
26	26	5/4	5/4	3/2	1	1	1/4	1/4	1		-2	70		395
26	26	5/4	5/4	3/2	2	1	1/4	1/4	1		-2	70		401
27	27	0	0	4/4	3	1	3/4	1/2	3/2	1	1	43		416
27	27	0	0	4/4	2	2	1/2	1/2	1		2	62		414
27	27	0	0	4/4	2	1	1/4	1/4	1		-1	65		411
27	27	0	0	4/4	1	1	1/4	1/4	1		-2	70		408
27	27	1/4	1/4	4/4	2	1	1/4	1/4	1		6	66		412
27	27	1/4	1/4	4/4	1	1	1/4	1/4	1		-4	68		409
27	27	1/2	1/2	4/4	2	2	1/2	1/2	1	1	-3	63		415
27	27	1/2	1/2	4/4	1	1	1/2	1/2	1	1	1	67		410
27	27	1/2	1/2	4/4	2	1	1/2	1/2	1	1	1	67		413
27	27	3/4	3/4	4/4	3	1	1/4	1/4	1		6	42		417
28	28	0	0	4/4	3	1	1	1	1	-1	1	43		426
28	28	0	0	4/4	2	1	1/4	1/4	1	-1	-3	63		422
28	28	0	0	4/4	1	1	1/4	1/4	1	-1	1	67		418
28	28	0	0	4/4	2	1	1/4	1/4	1	-1	1	67		422
28	28	1/4	1/4	4/4	2	1	1/4	1/4	1		7	61		423
28	28	1/4	1/4	4/4	2	1	1/4	1/4	1		4	64		423
28	28	1/4	1/4	4/4	1	1	1/4	1/4	1		-4	68		419
28	28	1/2	1/2	4/4	2	1	1/4	1/4	1		2	62		424
28	28	1/2	1/2	4/4	1	1	1/4	1/4	1		-1	65		420
28	28	1/2	1/2	4/4	2	1	1/4	1/4	1		-1	65		424
28	28	3/4	3/4	4/4	2	1	1/4	1/4	1		5	59		425
28	28	3/4	3/4	4/4	1	1	1/4	1/4	1		2	62		421
28	28	3/4	3/4	4/4	2	1	1/4	1/4	1		2	62		425
29	29	0	0	3/2	3	1	3/4	1/2	3/2		1	43		436
29	29	0	0	3/2	2	1	1/4	1/4	1		-3	63		431
29	29	0	0	3/2	2	1	1/4	1/4	1		1	67		431
29	29	0	0	3/2	1	1	3/4	1/2	3/2		1	67		427
29	29	1/4	1/4	3/2	2	1	1/4	1/4	1		2	62		432
29	29	1/4	1/4	3/2	2	1	1/4	1/4	1		6	66		432
29	29	1/2	1/2	3/2	2	1	1/4	1/4	1		-5	61		433
29	29	1/2	1/2	3/2	2	1	1/4	1/4	1		-1	65		433
29	29	3/4	3/4	3/2	3	1	1/4	1/4	1		6	42		437
29	29	3/4	3/4	3/2	2	1	1/4	1/4	1		0	60		434
29	29	3/4	3/4	3/2	2	1	1/4	1/4	1		-3	63		434
29	29	3/4	3/4	3/2	1	1	1/4	1/4	1		-4	68		428
29	29	1	1	3/2	3	1	1/2	1/2	1		-1	41		438
29	29	1	1	3/2	2	1	1/2	1/2	1		-4	56		435
29	29	1	1	3/2	2	1	1/2	1/2	1		-5	61		435
29	29	1	1	3/2	1	1	1/4	1/4	1		-1	65		429
29	29	5/4	5/4	3/2	1	1	1/4	1/4	1		-5	61		430
30	30	0	0	3/2	3	1	1	1	1		1	43		451
30	30	0	0	3/2	3	1	1	1	1		-3	51		451
30	30	0	0	3/2	3	2	3/2	1	3/2		1	55		453
30	30	0	0	3/2	1	1	1/4	1/4	1		-5	61		439
30	30	0	0	3/2	2	1	1/4	1/4	1		-5	61		445
30	30	1/4	1/4	3/2	1	1	1/4	1/4	1		0	60		440
30	30	1/4	1/4	3/2	2	1	1/4	1/4	1		0	60		446
30	30	1/2	1/2	3/2	1	1	1/4	1/4	1		-5	61		441
30	30	1/2	1/2	3/2	2	1	1/4	1/4	1		-5	61		447
30	30	3/4	3/4	3/2	1	1	1/4	1/4	1		0	60		442
30	30	3/4	3/4	3/2	2	1	1/4	1/4	1		0	60		448
30	30	1	1	3/2	3	1	1/2	1/2	1		1	31		452
30	30	1	1	3/2	3	1	1/2	1/2	1		2	50		452
30	30	1	1	3/2	1	1	1/4	1/4	1		0	60		443
30	30	1	1	3/2	2	1	1/4	1/4	1		0	60		449
30	30	5/4	5/4	3/2	1	1	1/4	1/4	1		5	59		444
30	30	5/4	5/4	3/2	2	1	1/4	1/4	1		5	59		450
31	31	0	0	3/2	3	1	1	1	1		-3	51		467
31	31	0	0	3/2	2	2	1/4	1/4	1		-3	63		461
31	31	0	0	3/2	1	1	3/4	1/2	3/2		1	67		454
31	31	0	0	3/2	2	1	1	1	1	1	1	67		458
31	31	1/4	1/4	3/2	2	2	1/4	1/4	1		2	62		462
31	31	1/2	1/2	3/2	2	2	1/4	1/4	1		-5	61		463
31	31	3/4	3/4	3/2	2	2	1/4	1/4	1		0	60		464
31	31	3/4	3/4	3/2	1	1	1/4	1/4	1		1	67		455
31	31	1	1	3/2	3	1	1/2	1/2	1		-4	44		468
31	31	1	1	3/2	2	2	1/4	1/4	1		5	59		465
31	31	1	1	3/2	1	1	1/4	1/4	1		1	67		456
31	31	1	1	3/2	2	1	1/4	1/4	1	-1	1	67		459
31	31	5/4	5/4	3/2	2	2	1/4	1/4	1		0	60		466
31	31	5/4	5/4	3/2	1	1	1/4	1/4	1		-1	65		457
31	31	5/4	5/4	3/2	2	1	1/4	1/4	1		-1	65		460
32	32	0	0	3/2	3	2	1/2	1/2	1		-1	41		485
32	32	0	0	3/2	3	1	1/4	1/4	1		1	55		479
32	32	0	0	3/2	1	1	1/4	1/4	1		-3	63		469
32	32	0	0	3/2	2	1	1/4	1/4	1		-3	63		474
32	32	1/4	1/4	3/2	3	1	1/4	1/4	1		-4	56		480
32	32	1/4	1/4	3/2	1	1	1/4	1/4	1		2	62		470
32	32	1/4	1/4	3/2	2	1	1/4	1/4	1		2	62		475
32	32	1/2	1/2	3/2	3	2	1	1	1		1	43		486
32	32	1/2	1/2	3/2	3	1	1/4	1/4	1		2	50		481
32	32	1/2	1/2	3/2	1	1	1/2	1/2	1		1	55		471
32	32	1/2	1/2	3/2	2	1	1/2	1/2	1		1	55		476
32	32	3/4	3/4	3/2	3	1	1/4	1/4	1		-3	51		482
32	32	1	1	3/2	3	1	1/4	1/4	1		-1	53		483
32	32	1	1	3/2	1	1	1/4	1/4	1		3	57		472
32	32	1	1	3/2	2	1	1/4	1/4	1		3	57		477
32	32	5/4	5/4	3/2	3	1	1/4	1/4	1		2	50		484
32	32	5/4	5/4	3/2	1	1	1/4	1/4	1		5	59		473
32	32	5/4	5/4	3/2	2	1	1/4	1/4	1		5	59		478
33	33	0	0	4/4	3	3	1/4	1/4	1		0	36		497
33	33	0	0	4/4	3	2	1	1	1		1	43		496
33	33	0	0	4/4	2	1	1/8	1/8	1		1	55		488
33	33	0	0	4/4	3	2	1	1	1		1	55		496
33	33	0	0	4/4	1	1	1/4	1/4	1		0	60		487
33	33	1/8	1/8	4/4	2	1	1/8	1/8	1		0	60		489
33	33	1/4	1/4	4/4	3	3	1/4	1/4	1		1	31		498
33	33	1/4	1/4	4/4	2	1	1/8	1/8	1		0	60		490
33	33	3/8	3/8	4/4	2	1	1/8	1/8	1		2	62		491
33	33	1/2	1/2	4/4	2	1	1/2	1/2	1	1	2	62		492
33	33	5/8	5/8	4/4	3	1	1/8	1/8	1		0	60		493
33	33	3/4	3/4	4/4	3	3	1/4	1/4	1		1	31		499
33	33	3/4	3/4	4/4	3	1	1/8	1/8	1		5	59		494
33	33	7/8	7/8	4/4	3	1	1/8	1/8	1		3	57		495
34	34	0	0	4/4	3	2	1/4	1/4	1		0	36		509
34	34	0	0	4/4	3	1	1/2	1/2	1		5	59		505
34	34	0	0	4/4	2	1	1/8	1/8	1	-1	2	62		500
34	34	1/8	1/8	4/4	2	1	1/8	1/8	1		1	67		501
34	34	1/4	1/4	4/4	3	2	1/4	1/4	1		1	31		510
34	34	1/4	1/4	4/4	2	1	1/8	1/8	1		1	67		502
34	34	3/8	3/8	4/4	2	1	1/8	1/8	1		2	62		503
34	34	1/2	1/2	4/4	2	1	1/2	1/2	1	1	-3	63		504
34	34	5/8	5/8	4/4	3	1	1/8	1/8	1		2	62		506
34	34	3/4	3/4	4/4	3	2	1/4	1/4	1		1	31		511
34	34	3/4	3/4	4/4	3	1	1/8	1/8	1		0	60		507
34	34	7/8	7/8	4/4	3	1	1/8	1/8	1		5	59		508
35	35	0	0	4/4	3	2	1/4	1/4	1		-3	39		522
35	35	0	0	4/4	3	1	1/2	1/2	1	1	0	60		520
35	35	0	0	4/4	2	1	1/8	1/8	1	-1	-3	63		512
35	35	1/8	1/8	4/4	2	1	1/8	1/8	1		1	67		513
35	35	1/4	1/4	4/4	3	2	1/4	1/4	1		0	36		523
35	35	1/4	1/4	4/4	2	1	1/8	1/8	1		-4	68		514
35	35	3/8	3/8	4/4	2	1	1/8	1/8	1		-2	70		515
35	35	1/2	1/2	4/4	3	2	1/4	1/4	1		-1	41		524
35	35	1/2	1/2	4/4	3	1	1/2	1/2	1	-1	0	60		521
35	35	1/2	1/2	4/4	2	1	1/8	1/8	1		0	72		516
35	35	5/8	5/8	4/4	2	1	1/8	1/8	1		-2	70		517
35	35	3/4	3/4	4/4	3	2	1/4	1/4	1		0	36		525
35	35	3/4	3/4	4/4	2	1	1/8	1/8	1		-4	68		518
35	35	7/8	7/8	4/4	2	1	1/8	1/8	1		-1	65		519
36	36	0	0	4/4	3	1	1/4	1/4	1		-3	51		533
36	36	0	0	4/4	2	2	1/2	1/2	1		0	60		531
36	36	0	0	4/4	2	1	1/2	1/2	1	1	1	67		526
36	36	1/4	1/4	4/4	3	1	1/4	1/4	1		0	48		534
36	36	1/2	1/2	4/4	3	1	1/4	1/4	1		2	50		535
36	36	1/2	1/2	4/4	2	2	1/2	1/2	1		5	59		532
36	36	1/2	1/2	4/4	2	1	1/8	1/8	1	-1	1	67		527
36	36	5/8	5/8	4/4	2	1	1/8	1/8	1		-1	65		528
36	36	3/4	3/4	4/4	3	1	1/4	1/4	1		1	43		536
36	36	3/4	3/4	4/4	2	1	1/8	1/8	1		1	67		529
36	36	7/8	7/8	4/4	2	1	1/8	1/8	1		-1	65		530
37	37	0	0	4/4	3	1	1/4	1/4	1		0	48		547
37	37	0	0	4/4	2	2	1/2	1/2	1		0	60		545
37	37	0	0	4/4	2	1	1/8	1/8	1		-1	65		537
37	37	1/8	1/8	4/4	2	1	1/8	1/8	1		-3	63		538
37	37	1/4	1/4	4/4	3	1	1/4	1/4	1		1	43		548
37	37	1/4	1/4	4/4	2	1	1/8	1/8	1		-1	65		539
37	37	3/8	3/8	4/4	2	1	1/8	1/8	1		-3	63		540
37	37	1/2	1/2	4/4	3	1	1/4	1/4	1		5	47		549
37	37	1/2	1/2	4/4	2	2	1/2	1/2	1		1	55		546
37	37	1/2	1/2	4/4	2	1	1/8	1/8	1		-3	63		541
37	37	5/8	5/8	4/4	2	1	1/8	1/8	1		2	62		542
37	37	3/4	3/4	4/4	3	1	1/4	1/4	1		1	43		550
37	37	3/4	3/4	4/4	2	1	1/8	1/8	1		-3	63		543
37	37	7/8	7/8	4/4	2	1	1/8	1/8	1		2	62		544
38	38	0	0	4/4	3	1	1/2	1/2	1		-3	51		564
38	38	0	0	4/4	2	2	1/8	1/8	1		2	62		556
38	38	0	0	4/4	2	1	1/2	1/2	1	1	1	67		551
38	38	1/8	1/8	4/4	2	2	1/8	1/8	1		-5	61		557
38	38	1/4	1/4	4/4	2	2	1/8	1/8	1		-3	63		558
38	38	3/8	3/8	4/4	2	2	1/8	1/8	1		-5	61		559
38	38	1/2	1/2	4/4	3	1	1/2	1/2	1		-4	44		565
38	38	1/2	1/2	4/4	2	2	1/8	1/8	1		-5	61		560
38	38	1/2	1/2	4/4	2	1	1/8	1/8	1	-1	1	67		552
38	38	5/8	5/8	4/4	2	2	1/8	1/8	1		0	60		561
38	38	5/8	5/8	4/4	2	1	1/8	1/8	1		-4	68		553
38	38	3/4	3/4	4/4	2	2	1/8	1/8	1		-2	58		562
38	38	3/4	3/4	4/4	2	1	1/8	1/8	1		-2	70		554
38	38	7/8	7/8	4/4	2	2	1/8	1/8	1		-4	56		563
38	38	7/8	7/8	4/4	2	1	1/8	1/8	1		0	72		555
39	39	0	0	4/4	3	2	1/2	1/2	1		2	50		581
39	39	0	0	4/4	3	1	1/8	1/8	1		1	55		576
39	39	0	0	4/4	2	2	1/2	1/2	1	1	0	60		571
39	39	0	0	4/4	2	1	1/2	1/2	1	1	2	74		566
39	39	1/8	1/8	4/4	3	1	1/8	1/8	1		6	54		577
39	39	1/4	1/4	4/4	3	1	1/8	1/8	1		1	55		578
39	39	3/8	3/8	4/4	3	1	1/8	1/8	1		3	57		579
39	39	1/2	1/2	4/4	3	2	1/2	1/2	1		1	43		582
39	39	1/2	1/2	4/4	3	1	1/2	1/2	1		1	55		580
39	39	1/2	1/2	4/4	2	2	1/8	1/8	1	-1	0	60		572
39	39	1/2	1/2	4/4	2	1	1/8	1/8	1	-1	2	74		567
39	39	5/8	5/8	4/4	2	2	1/8	1/8	1		5	59		573
39	39	5/8	5/8	4/4	2	1	1/8	1/8	1		-3	75		568
39	39	3/4	3/4	4/4	2	2	1/8	1/8	1		3	57		574
39	39	3/4	3/4	4/4	2	1	1/8	1/8	1		-1	77		569
39	39	7/8	7/8	4/4	2	2	1/8	1/8	1		1	55		575
39	39	7/8	7/8	4/4	2	1	1/8	1/8	1		1	79		570
40	40	0	0	3/2	3	2	1/4	1/4	1		0	48		599
40	40	0	0	3/2	1	1	1/4	1/4	1		1	55		583
40	40	0	0	3/2	3	1	1/2	1/2	1		1	55		597
40	40	0	0	3/2	2	1	1/8	1/8	1		-1	77		588
40	40	1/8	1/8	3/2	2	1	1/8	1/8	1		-3	75		589
40	40	1/4	1/4	3/2	3	2	1/4	1/4	1		1	43		600
40	40	1/4	1/4	3/2	1	1	1/4	1/4	1		0	60		584
40	40	1/4	1/4	3/2	2	1	1/8	1/8	1		-3	75		590
40	40	3/8	3/8	3/2	2	1	1/8	1/8	1		2	74		591
40	40	1/2	1/2	3/2	3	2	1/4	1/4	1		0	48		601
40	40	1/2	1/2	3/2	3	1	1	1	1		1	55		598
40	40	1/2	1/2	3/2	1	1	1/4	1/4	1		2	62		585
40	40	1/2	1/2	3/2	2	1	1/2	1/2	1	1	2	74		592
40	40	3/4	3/4	3/2	3	2	1/4	1/4	1		1	43		602
40	40	3/4	3/4	3/2	1	1	1/4	1/4	1		1	67		586
40	40	1	1	3/2	1	1	1/2	1/2	1		2	62		587
40	40	1	1	3/2	2	1	1/8	1/8	1	-1	2	74		593
40	40	9/8	9/8	3/2	2	1	1/8	1/8	1		-3	75		594
40	40	5/4	5/4	3/2	3	2	1/4	1/4	1		1	43		603
40	40	5/4	5/4	3/2	2	1	1/8	1/8	1		-1	77		595
40	40	11/8	11/8	3/2	2	1	1/8	1/8	1		1	79		596
41	41	0	0	3/2	3	2	1/4	1/4	1		0	48		620
41	41	0	0	3/2	1	1	1/4	1/4	1		1	55		604
41	41	0	0	3/2	3	1	1/2	1/2	1		1	55		618
41	41	0	0	3/2	2	1	1/8	1/8	1		-1	77		609
41	41	1/8	1/8	3/2	2	1	1/8	1/8	1		-3	75		610
41	41	1/4	1/4	3/2	3	2	1/4	1/4	1		1	43		621
41	41	1/4	1/4	3/2	1	1	1/4	1/4	1		0	60		605
41	41	1/4	1/4	3/2	2	1	1/8	1/8	1		-3	75		611
41	41	3/8	3/8	3/2	2	1	1/8	1/8	1		2	74		612
41	41	1/2	1/2	3/2	3	2	1/4	1/4	1		0	48		622
41	41	1/2	1/2	3/2	3	1	1	1	1		1	55		619
41	41	1/2	1/2	3/2	1	1	1/4	1/4	1		2	62		606
41	41	1/2	1/2	3/2	2	1	1/2	1/2	1	1	2	74		613
41	41	3/4	3/4	3/2	3	2	1/4	1/4	1		1	43		623
41	41	3/4	3/4	3/2	1	1	1/4	1/4	1		1	67		607
41	41	1	1	3/2	1	1	1/2	1/2	1		2	62		608
41	41	1	1	3/2	2	1	1/8	1/8	1	-1	2	74		614
41	41	9/8	9/8	3/2	2	1	1/8	1/8	1		-3	75		615
41	41	5/4	5/4	3/2	3	2	1/4	1/4	1		1	43		624
41	41	5/4	5/4	3/2	2	1	1/8	1/8	1		-1	77		616
41	41	11/8	11/8	3/2	2	1	1/8	1/8	1		1	79		617
42	42	0	0	4/4	3	1	1/4	1/4	1		0	48		634
42	42	0	0	4/4	2	1	1/8	1/8	1		-1	77		625
42	42	1/8	1/8	4/4	2	1	1/8	1/8	1		-3	75		626
42	42	1/4	1/4	4/4	3	1	1/4	1/4	1		-3	51		635
42	42	1/4	1/4	4/4	2	1	1/8	1/8	1		-1	77		627
42	42	3/8	3/8	4/4	2	1	1/8	1/8	1		1	79		628
42	42	1/2	1/2	4/4	3	1	1/4	1/4	1		-4	56		636
42	42	1/2	1/2	4/4	2	2	1/2	1/2	1	1	0	72		633
42	42	1/2	1/2	4/4	2	1	1/8	1/8	1		0	84		629
42	42	5/8	5/8	4/4	2	1	1/8	1/8	1		-2	82		630
42	42	3/4	3/4	4/4	3	1	1/4	1/4	1		-1	53		637
42	42	3/4	3/4	4/4	2	1	1/8	1/8	1		-4	80		631
42	42	7/8	7/8	4/4	2	1	1/8	1/8	1		-1	77		632
43	43	0	0	4/4	3	1	1/4	1/4	1		-3	51		645
43	43	0	0	4/4	2	2	1/2	1/2	1	-1	0	72		643
43	43	0	0	4/4	2	1	1/2	1/2	1	1	1	79		638
43	43	1/4	1/4	4/4	3	1	1/4	1/4	1		0	48		646
43	43	1/2	1/2	4/4	3	1	1/4	1/4	1		5	47		647
43	43	1/2	1/2	4/4	2	2	1/2	1/2	1		1	67		644
43	43	1/2	1/2	4/4	2	1	1/8	1/8	1	-1	1	79		639
43	43	5/8	5/8	4/4	2	1	1/8	1/8	1		-1	77		640
43	43	3/4	3/4	4/4	3	1	1/4	1/4	1		1	43		648
43	43	3/4	3/4	4/4	2	1	1/8	1/8	1		-3	75		641
43	43	7/8	7/8	4/4	2	1	1/8	1/8	1		2	74		642
44	44	0	0	4/4	1	1	1/4	1/4	1		1	67		649
44	44	0	0	4/4	3	1	1/4	1/4	1		1	67		661
44	44	0	0	4/4	2	1	1/8	1/8	1		-1	77		653
44	44	1/8	1/8	4/4	2	1	1/8	1/8	1		-3	75		654
44	44	1/4	1/4	4/4	3	1	1/4	1/4	1		1	55		662
44	44	1/4	1/4	4/4	1	1	1/4	1/4	1		1	67		650
44	44	1/4	1/4	4/4	2	1	1/8	1/8	1		-1	77		655
44	44	3/8	3/8	4/4	2	1	1/8	1/8	1		-3	75		656
44	44	1/2	1/2	4/4	1	1	1/4	1/4	1		-1	65		651
44	44	1/2	1/2	4/4	3	1	1/4	1/4	1		-1	65		663
44	44	1/2	1/2	4/4	2	1	1/8	1/8	1		-3	75		657
44	44	5/8	5/8	4/4	2	1	1/8	1/8	1		2	74		658
44	44	3/4	3/4	4/4	3	1	1/4	1/4	1		1	55		664
44	44	3/4	3/4	4/4	1	1	1/4	1/4	1		-1	65		652
44	44	3/4	3/4	4/4	2	1	1/8	1/8	1		-3	75		659
44	44	7/8	7/8	4/4	2	1	1/8	1/8	1		2	74		660
45	45	0	0	4/4	3	1	1/4	1/4	1		-3	63		673
45	45	0	0	4/4	1	1	1/2	1/2	1		-3	63		665
45	45	0	0	4/4	2	2	1	1	1		1	67		672
45	45	0	0	4/4	2	1	1/2	1/2	1	1	1	79		667
45	45	1/4	1/4	4/4	3	1	1/4	1/4	1		1	55		674
45	45	1/2	1/2	4/4	3	1	1/4	1/4	1		2	62		675
45	45	1/2	1/2	4/4	1	1	1/2	1/2	1		2	62		666
45	45	1/2	1/2	4/4	2	1	1/8	1/8	1	-1	1	79		668
45	45	5/8	5/8	4/4	2	1	1/8	1/8	1		-4	80		669
45	45	3/4	3/4	4/4	3	1	1/4	1/4	1		1	55		676
45	45	3/4	3/4	4/4	2	1	1/8	1/8	1		-1	77		670
45	45	7/8	7/8	4/4	2	1	1/8	1/8	1		2	74		671
46	46	0	0	4/4	1	1	1/4	1/4	1		1	67		677
46	46	0	0	4/4	3	1	1/4	1/4	1		1	67		689
46	46	0	0	4/4	2	1	1/8	1/8	1		2	74		681
46	46	1/8	1/8	4/4	2	1	1/8	1/8	1		-3	75		682
46	46	1/4	1/4	4/4	3	1	1/4	1/4	1		1	55		690
46	46	1/4	1/4	4/4	1	1	1/4	1/4	1		1	67		678
46	46	1/4	1/4	4/4	2	1	1/8	1/8	1		-1	77		683
46	46	3/8	3/8	4/4	2	1	1/8	1/8	1		1	79		684
46	46	1/2	1/2	4/4	1	1	1/4	1/4	1		-1	65		679
46	46	1/2	1/2	4/4	3	1	1/4	1/4	1		-1	65		691
46	46	1/2	1/2	4/4	2	1	1/8	1/8	1		-2	82		685
46	46	5/8	5/8	4/4	2	1	1/8	1/8	1		-4	80		686
46	46	3/4	3/4	4/4	3	1	1/4	1/4	1		1	55		692
46	46	3/4	3/4	4/4	1	1	1/4	1/4	1		-1	65		680
46	46	3/4	3/4	4/4	2	1	1/8	1/8	1		-1	77		687
46	46	7/8	7/8	4/4	2	1	1/8	1/8	1		-5	73		688
47	47	0	0	4/4	3	1	1/4	1/4	1		-3	63		703
47	47	0	0	4/4	1	1	1/2	1/2	1		-3	63		693
47	47	0	0	4/4	2	1	1/8	1/8	1		-5	73		695
47	47	1/8	1/8	4/4	2	1	1/8	1/8	1		0	72		696
47	47	1/4	1/4	4/4	3	1	1/4	1/4	1		1	55		704
47	47	1/4	1/4	4/4	2	1	1/8	1/8	1		-5	73		697
47	47	3/8	3/8	4/4	2	1	1/8	1/8	1		0	72		698
47	47	1/2	1/2	4/4	3	1	1/4	1/4	1		2	62		705
47	47	1/2	1/2	4/4	1	1	1/2	1/2	1		2	62		694
47	47	1/2	1/2	4/4	2	1	1/8	1/8	1		0	72		699
47	47	5/8	5/8	4/4	2	1	1/8	1/8	1		5	71		700
47	47	3/4	3/4	4/4	3	1	1/4	1/4	1		1	55		706
47	47	3/4	3/4	4/4	2	1	1/8	1/8	1		0	72		701
47	47	7/8	7/8	4/4	2	1	1/8	1/8	1		5	71		702
48	48	0	0	3/2	3	2	3/2	1	3/2		1	55		732
48	48	0	0	3/2	1	1	1/4	1/4	1		2	62		707
48	48	0	0	3/2	3	1	1	1	1	1	2	62		727
48	48	0	0	3/2	2	2	1/2	1/2	1		-2	70		724
48	48	0	0	3/2	2	1	1/8	1/8	1		2	74		712
48	48	1/8	1/8	3/2	2	1	1/8	1/8	1		-3	75		713
48	48	1/4	1/4	3/2	1	1	1/4	1/4	1		1	67		708
48	48	1/4	1/4	3/2	2	1	1/8	1/8	1		-1	77		714
48	48	3/8	3/8	3/2	2	1	1/8	1/8	1		1	79		715
48	48	1/2	1/2	3/2	1	1	1/4	1/4	1		3	69		709
48	48	1/2	1/2	3/2	2	2	1/2	1/2	1		3	69		725
48	48	1/2	1/2	3/2	2	1	1/8	1/8	1		-1	77		716
48	48	5/8	5/8	3/2	2	1	1/8	1/8	1		-3	75		717
48	48	3/4	3/4	3/2	1	1	1/4	1/4	1		2	74		710
48	48	3/4	3/4	3/2	2	1	1/8	1/8	1		-3	75		718
48	48	7/8	7/8	3/2	2	1	1/8	1/8	1		2	74		719
48	48	1	1	3/2	3	1	1/8	1/8	1	-1	2	62		728
48	48	1	1	3/2	2	1	1/8	1/8	1		3	69		720
48	48	1	1	3/2	1	1	1/2	1/2	1		3	69		711
48	48	1	1	3/2	2	2	1/2	1/2	1		2	74		726
48	48	9/8	9/8	3/2	3	1	1/8	1/8	1		3	69		729
48	48	9/8	9/8	3/2	2	1	1/8	1/8	1		0	72		721
48	48	5/4	5/4	3/2	3	1	1/8	1/8	1		3	69		730
48	48	5/4	5/4	3/2	2	1	1/8	1/8	1		0	72		722
48	48	11/8	11/8	3/2	3	1	1/8	1/8	1		-3	63		731
48	48	11/8	11/8	3/2	2	1	1/8	1/8	1		3	69		723
49	49	0	0	3/2	3	2	3/2	1	3/2		1	55		758
49	49	0	0	3/2	1	1	1/4	1/4	1		2	62		733
49	49	0	0	3/2	3	1	1	1	1	1	2	62		753
49	49	0	0	3/2	2	2	1/2	1/2	1		-2	70		750
49	49	0	0	3/2	2	1	1/8	1/8	1		2	74		738
49	49	1/8	1/8	3/2	2	1	1/8	1/8	1		-3	75		739
49	49	1/4	1/4	3/2	1	1	1/4	1/4	1		1	67		734
49	49	1/4	1/4	3/2	2	1	1/8	1/8	1		-1	77		740
49	49	3/8	3/8	3/2	2	1	1/8	1/8	1		1	79		741
49	49	1/2	1/2	3/2	1	1	1/4	1/4	1		3	69		735
49	49	1/2	1/2	3/2	2	2	1/2	1/2	1		3	69		751
49	49	1/2	1/2	3/2	2	1	1/8	1/8	1		-1	77		742
49	49	5/8	5/8	3/2	2	1	1/8	1/8	1		-3	75		743
49	49	3/4	3/4	3/2	1	1	1/4	1/4	1		2	74		736
49	49	3/4	3/4	3/2	2	1	1/8	1/8	1		-3	75		744
49	49	7/8	7/8	3/2	2	1	1/8	1/8	1		2	74		745
49	49	1	1	3/2	3	1	1/8	1/8	1	-1	2	62		754
49	49	1	1	3/2	2	1	1/8	1/8	1		3	69		746
49	49	1	1	3/2	1	1	1/2	1/2	1		3	69		737
49	49	1	1	3/2	2	2	1/2	1/2	1		2	74		752
49	49	9/8	9/8	3/2	3	1	1/8	1/8	1		3	69		755
49	49	9/8	9/8	3/2	2	1	1/8	1/8	1		0	72		747
49	49	5/4	5/4	3/2	3	1	1/8	1/8	1		3	69		756
49	49	5/4	5/4	3/2	2	1	1/8	1/8	1		0	72		748
49	49	11/8	11/8	3/2	3	1	1/8	1/8	1		-3	63		757
49	49	11/8	11/8	3/2	2	1	1/8	1/8	1		3	69		749
50	50	0	0	3/2	3	2	3/2	1	3/2		1	55		782
50	50	0	0	3/2	1	1	1/4	1/4	1		2	62		759
50	50	0	0	3/2	3	1	1/2	1/2	1		2	62		779
50	50	0	0	3/2	2	2	1/2	1/2	1		-2	70		777
50	50	0	0	3/2	2	1	1/8	1/8	1		2	74		765
50	50	1/8	1/8	3/2	2	1	1/8	1/8	1		-3	75		766
50	50	1/4	1/4	3/2	1	1	1/4	1/4	1		-1	65		760
50	50	1/4	1/4	3/2	2	1	1/8	1/8	1		-1	77		767
50	50	3/8	3/8	3/2	2	1	1/8	1/8	1		1	79		768
50	50	1/2	1/2	3/2	1	1	1/4	1/4	1		1	67		761
50	50	1/2	1/2	3/2	3	1	1/2	1/2	1		1	67		780
50	50	1/2	1/2	3/2	2	2	1/2	1/2	1		5	71		778
50	50	1/2	1/2	3/2	2	1	1/8	1/8	1		-3	75		769
50	50	1/2	1/2	3/2	2	1	1/8	1/8	1		-4	80		769
50	50	5/8	5/8	3/2	2	1	1/8	1/8	1		1	79		770
50	50	3/4	3/4	3/2	1	1	1/4	1/4	1		-1	65		762
50	50	3/4	3/4	3/2	2	1	1/8	1/8	1		1	79		771
50	50	7/8	7/8	3/2	2	1	1/8	1/8	1		-1	77		772
50	50	1	1	3/2	1	1	1/4	1/4	1		-3	63		763
50	50	1	1	3/2	3	1	1/2	1/2	1		-1	65		781
50	50	1	1	3/2	2	1	1/8	1/8	1		5	71		773
50	50	1	1	3/2	2	1	1/8	1/8	1		-1	77		773
50	50	9/8	9/8	3/2	2	1	1/8	1/8	1		-3	75		774
50	50	5/4	5/4	3/2	1	1	1/4	1/4	1		2	62		764
50	50	5/4	5/4	3/2	2	1	1/8	1/8	1		-3	75		775
50	50	11/8	11/8	3/2	2	1	1/8	1/8	1		2	74		776
51	51	0	0	3/2	3	2	1	1	1		-4	56		791
51	51	0	0	3/2	1	1	1/2	1/2	1		2	62		783
51	51	0	0	3/2	3	1	1/2	1/2	1		-1	65		789
51	51	0	0	3/2	2	1	1/2	1/2	1		5	71		785
51	51	0	0	3/2	2	1	1/2	1/2	1		2	74		785
51	51	1/2	1/2	3/2	1	1	1/2	1/2	1		0	60		784
51	51	1/2	1/2	3/2	3	1	1/2	1/2	1		-3	63		790
51	51	1/2	1/2	3/2	2	1	1/2	1/2	1		0	72		786
51	51	1	1	3/2	2	1	1/4	1/4	1		0	72		787
51	51	5/4	5/4	3/2	2	1	1/4	1/4	1		-3	75		788
52	52	0	0	3/2	3	2	3/2	1	3/2		-4	56		802
52	52	0	0	3/2	3	1	1/2	1/2	1		4	64		800
52	52	0	0	3/2	2	2	1/2	1/2	1		0	72		798
52	52	0	0	3/2	2	1	1/4	1/4	1		-4	80		792
52	52	1/4	1/4	3/2	2	1	1/4	1/4	1		1	79		793
52	52	1/2	1/2	3/2	3	1	1	1	1		-1	65		801
52	52	1/2	1/2	3/2	2	2	1	1	1		-5	73		799
52	52	1/2	1/2	3/2	2	1	1/4	1/4	1		-1	77		794
52	52	3/4	3/4	3/2	2	1	1/4	1/4	1		-4	80		795
52	52	1	1	3/2	2	1	1/4	1/4	1		-5	85		796
52	52	5/4	5/4	3/2	2	1	1/4	1/4	1		0	84		797
53	53	0	0	3/2	3	2	3/2	1	3/2		-4	56		811
53	53	0	0	3/2	3	1	1	1	1		1	67		808
53	53	0	0	3/2	2	2	3/2	1	3/2		-5	73		807
53	53	0	0	3/2	2	2	3/2	1	3/2		-8	76		807
53	53	0	0	3/2	2	1	1/2	1/2	1		0	84		803
53	53	1/2	1/2	3/2	2	1	1/2	1/2	1		-2	82		804
53	53	1	1	3/2	3	1	1/4	1/4	1		-4	68		809
53	53	1	1	3/2	2	1	1/4	1/4	1		-1	77		805
53	53	1	1	3/2	2	1	1/4	1/4	1		-4	80		805
53	53	5/4	5/4	3/2	3	1	1/4	1/4	1		1	67		810
53	53	5/4	5/4	3/2	2	1	1/4	1/4	1		-8	76		806
53	53	5/4	5/4	3/2	2	1	1/4	1/4	1		-2	82		806
54	54	0	0	3/2	3	2	1	1	1		-4	56		823
54	54	0	0	3/2	3	1	1/2	1/2	1		-8	64		821
54	54	0	0	3/2	2	3	1/2	1/2	1		2	74		819
54	54	0	0	3/2	2	2	1	1	1		-4	80		818
54	54	0	0	3/2	2	1	1/2	1/2	1		5	83		814
54	54	1/2	1/2	3/2	3	1	1/2	1/2	1		-3	63		822
54	54	1/2	1/2	3/2	2	3	1/2	1/2	1		-3	75		820
54	54	1/2	1/2	3/2	2	1	1/2	1/2	1		0	84		815
54	54	1	1	3/2	1	1	1/4	1/4	1		-4	68		812
54	54	1	1	3/2	2	1	1/4	1/4	1		-4	80		816
54	54	5/4	5/4	3/2	1	1	1/4	1/4	1		-2	70		813
54	54	5/4	5/4	3/2	2	1	1/4	1/4	1		-2	82		817
55	55	0	0	3/2	3	2	1	1	1		1	55		834
55	55	0	0	3/2	3	2	1	1	1		-2	58		834
55	55	0	0	3/2	3	1	1/2	1/2	1		-1	65		831
55	55	0	0	3/2	2	2	1	1	1		-2	70		830
55	55	0	0	3/2	1	1	1/2	1/2	1		5	71		824
55	55	0	0	3/2	2	1	1/2	1/2	1		5	83		828
55	55	1/2	1/2	3/2	3	1	1/2	1/2	1		4	64		832
55	55	1/2	1/2	3/2	1	1	1/2	1/2	1		0	72		825
55	55	1/2	1/2	3/2	2	1	1/2	1/2	1		0	84		829
55	55	1	1	3/2	3	2	1/2	1/2	1		-6	54		835
55	55	1	1	3/2	3	1	1/2	1/2	1		-3	63		833
55	55	1	1	3/2	1	1	1/4	1/4	1		-5	73		826
55	55	5/4	5/4	3/2	1	1	1/4	1/4	1		-3	75		827
56	56	0	0	3/2	3	1	1	1	1		-1	29		846
56	56	0	0	3/2	3	1	1	1	1		-1	41		846
56	56	0	0	3/2	2	2	1	1	1	1	3	57		843
56	56	0	0	3/2	2	1	3/2	1	3/2		-3	63		842
56	56	0	0	3/2	1	1	1/4	1/4	1		-1	77		836
56	56	1/4	1/4	3/2	1	1	1/4	1/4	1		4	76		837
56	56	1/2	1/2	3/2	1	1	1/4	1/4	1		-1	77		838
56	56	3/4	3/4	3/2	1	1	1/4	1/4	1		-3	75		839
56	56	1	1	3/2	3	1	1/2	1/2	1		-6	30		847
56	56	1	1	3/2	3	1	1/2	1/2	1		-6	42		847
56	56	1	1	3/2	2	2	1/4	1/4	1	-1	3	57		844
56	56	1	1	3/2	1	1	1/4	1/4	1		-3	75		840
56	56	5/4	5/4	3/2	2	2	1/4	1/4	1		-2	58		845
56	56	5/4	5/4	3/2	1	1	1/4	1/4	1		-5	73		841
57	57	0	0	3/2	3	1	3/2	1	3/2		1	31		857
57	57	0	0	3/2	3	1	3/2	1	3/2		1	43		857
57	57	0	0	3/2	2	1	1/2	1/2	1		-2	58		854
57	57	0	0	3/2	2	1	1/2	1/2	1		-3	63		854
57	57	0	0	3/2	1	1	1/4	1/4	1		-5	73		848
57	57	1/4	1/4	3/2	1	1	1/4	1/4	1		0	72		849
57	57	1/2	1/2	3/2	2	1	1/2	1/2	1		-5	61		855
57	57	1/2	1/2	3/2	2	1	1/2	1/2	1		4	64		855
57	57	1/2	1/2	3/2	1	1	1/4	1/4	1		-5	73		850
57	57	3/4	3/4	3/2	1	1	1/4	1/4	1		0	72		851
57	57	1	1	3/2	2	1	1/2	1/2	1		2	62		856
57	57	1	1	3/2	2	1	1/2	1/2	1		-1	65		856
57	57	1	1	3/2	1	1	1/4	1/4	1		0	72		852
57	57	5/4	5/4	3/2	1	1	1/4	1/4	1		-2	70		853
58	58	0	0	4/4	3	1	3/4	1/2	3/2		1	31		863
58	58	0	0	4/4	3	1	3/4	1/2	3/2		1	43		863
58	58	0	0	4/4	2	1	1/2	1/2	1		-3	63		861
58	58	0	0	4/4	2	1	1/2	1/2	1		6	66		861
58	58	0	0	4/4	1	1	1/4	1/4	1		-2	70		858
58	58	1/4	1/4	4/4	1	1	1/4	1/4	1		-4	68		859
58	58	1/2	1/2	4/4	2	1	1/2	1/2	1	1	4	64		862
58	58	1/2	1/2	4/4	1	1	1/2	1/2	1	1	1	67		860
58	58	1/2	1/2	4/4	2	1	1/2	1/2	1	1	1	67		862
58	58	3/4	3/4	4/4	3	1	1/4	1/4	1		6	30		864
58	58	3/4	3/4	4/4	3	1	1/4	1/4	1		6	42		864
59	59	0	0	4/4	3	1	1	1	1		1	31		873
59	59	0	0	4/4	3	1	1	1	1		1	43		873
59	59	0	0	4/4	2	1	1/4	1/4	1	-1	4	64		869
59	59	0	0	4/4	1	1	1/4	1/4	1	-1	1	67		865
59	59	0	0	4/4	2	1	1/4	1/4	1	-1	1	67		869
59	59	1/4	1/4	4/4	2	1	1/4	1/4	1		7	61		870
59	59	1/4	1/4	4/4	2	1	1/4	1/4	1		4	64		870
59	59	1/4	1/4	4/4	1	1	1/4	1/4	1		-4	68		866
59	59	1/2	1/2	4/4	2	1	1/4	1/4	1		2	62		871
59	59	1/2	1/2	4/4	1	1	1/4	1/4	1		-1	65		867
59	59	1/2	1/2	4/4	2	1	1/4	1/4	1		-1	65		871
59	59	3/4	3/4	4/4	2	1	1/4	1/4	1		5	59		872
59	59	3/4	3/4	4/4	1	1	1/4	1/4	1		2	62		868
59	59	3/4	3/4	4/4	2	1	1/4	1/4	1		2	62		872
60	60	0	0	3/2	3	1	1	1	1		1	31		884
60	60	0	0	3/2	3	1	1	1	1		1	43		884
60	60	0	0	3/2	2	1	1/4	1/4	1		-3	63		878
60	60	0	0	3/2	2	1	1/4	1/4	1		1	67		878
60	60	0	0	3/2	1	1	3/4	1/2	3/2		1	67		874
60	60	1/4	1/4	3/2	2	1	1/4	1/4	1		2	62		879
60	60	1/4	1/4	3/2	2	1	1/4	1/4	1		6	66		879
60	60	1/2	1/2	3/2	2	1	1/4	1/4	1		-5	61		880
60	60	1/2	1/2	3/2	2	1	1/4	1/4	1		-1	65		880
60	60	3/4	3/4	3/2	2	1	1/4	1/4	1		0	60		881
60	60	3/4	3/4	3/2	2	1	1/4	1/4	1		4	64		881
60	60	3/4	3/4	3/2	1	1	1/4	1/4	1		-4	68		875
60	60	1	1	3/2	3	1	1/2	1/2	1		-1	29		885
60	60	1	1	3/2	3	1	1/2	1/2	1		-1	41		885
60	60	1	1	3/2	2	1	1/4	1/4	1		-7	59		882
60	60	1	1	3/2	2	1	1/4	1/4	1		-3	63		882
60	60	1	1	3/2	1	1	1/4	1/4	1		-1	65		876
60	60	5/4	5/4	3/2	2	1	1/4	1/4	1		-4	56		883
60	60	5/4	5/4	3/2	1	1	1/4	1/4	1		-5	61		877
60	60	5/4	5/4	3/2	2	1	1/4	1/4	1		-5	61		883
61	61	0	0	3/2	3	3	3/2	1	3/2		1	43		897
61	61	0	0	3/2	3	2	1	1	1		-3	51		895
61	61	0	0	3/2	3	1	1	1	1	1	1	55		892
61	61	0	0	3/2	1	1	1/4	1/4	1		-5	61		886
61	61	1/4	1/4	3/2	1	1	1/4	1/4	1		0	60		887
61	61	1/2	1/2	3/2	1	1	1/4	1/4	1		-5	61		888
61	61	3/4	3/4	3/2	1	1	1/4	1/4	1		0	60		889
61	61	1	1	3/2	3	2	1/2	1/2	1		2	50		896
61	61	1	1	3/2	3	1	1/4	1/4	1	-1	1	55		893
61	61	1	1	3/2	1	1	1/4	1/4	1		0	60		890
61	61	5/4	5/4	3/2	1	1	1/4	1/4	1		5	59		891
61	61	5/4	5/4	3/2	3	1	1/4	1/4	1		5	59		894
62	62	0	0	3/2	3	1	1	1	1		-3	51		907
62	62	0	0	3/2	2	1	1/4	1/4	1		-3	63		901
62	62	0	0	3/2	1	1	1	1	1	1	1	67		898
62	62	1/4	1/4	3/2	2	1	1/4	1/4	1		2	62		902
62	62	1/2	1/2	3/2	2	1	1/4	1/4	1		-5	61		903
62	62	3/4	3/4	3/2	2	1	1/4	1/4	1		0	60		904
62	62	1	1	3/2	3	1	1/2	1/2	1		-4	44		908
62	62	1	1	3/2	2	1	1/4	1/4	1		5	59		905
62	62	1	1	3/2	1	1	1/4	1/4	1	-1	1	67		899
62	62	5/4	5/4	3/2	2	1	1/4	1/4	1		0	60		906
62	62	5/4	5/4	3/2	1	1	1/4	1/4	1		-1	65		900
63	63	0	0	3/2	3	2	1/2	1/2	1		-1	41		920
63	63	0	0	3/2	3	1	1/4	1/4	1		1	55		914
63	63	0	0	3/2	1	1	1/4	1/4	1		-3	63		909
63	63	1/4	1/4	3/2	3	1	1/4	1/4	1		-4	56		915
63	63	1/4	1/4	3/2	1	1	1/4	1/4	1		2	62		910
63	63	1/2	1/2	3/2	3	2	1	1	1		1	43		921
63	63	1/2	1/2	3/2	3	1	1/4	1/4	1		2	50		916
63	63	1/2	1/2	3/2	1	1	1/2	1/2	1		1	55		911
63	63	3/4	3/4	3/2	3	1	1/4	1/4	1		-3	51		917
63	63	1	1	3/2	3	1	1/4	1/4	1		-1	53		918
63	63	1	1	3/2	1	1	1/4	1/4	1		3	57		912
63	63	5/4	5/4	3/2	3	1	1/4	1/4	1		2	50		919
63	63	5/4	5/4	3/2	1	1	1/4	1/4	1		5	59		913
64	64	0	0	3/2	3	2	1/4	1/4	1		0	36		938
64	64	0	0	3/2	3	2	1/4	1/4	1		0	48		938
64	64	0	0	3/2	2	1	1/8	1/8	1		1	55		923
64	64	0	0	3/2	3	1	1/2	1/2	1		1	55		936
64	64	0	0	3/2	1	1	1/2	1/2	1		0	60		922
64	64	1/8	1/8	3/2	2	1	1/8	1/8	1		0	60		924
64	64	1/4	1/4	3/2	3	2	1/4	1/4	1		1	43		939
64	64	1/4	1/4	3/2	2	1	1/8	1/8	1		0	60		925
64	64	3/8	3/8	3/2	2	1	1/8	1/8	1		2	62		926
64	64	1/2	1/2	3/2	3	2	1/4	1/4	1		0	36		940
64	64	1/2	1/2	3/2	3	2	1/4	1/4	1		0	48		940
64	64	1/2	1/2	3/2	3	1	1	1	1		1	55		937
64	64	1/2	1/2	3/2	2	2	1/2	1/2	1	1	2	62		934
64	64	5/8	5/8	3/2	2	1	1/8	1/8	1		0	60		927
64	64	3/4	3/4	3/2	3	2	1/4	1/4	1		1	43		941
64	64	3/4	3/4	3/2	2	1	1/8	1/8	1		5	59		928
64	64	7/8	7/8	3/2	2	1	1/8	1/8	1		3	57		929
64	64	1	1	3/2	3	2	1/4	1/4	1		0	36		942
64	64	1	1	3/2	3	2	1/4	1/4	1		0	48		942
64	64	1	1	3/2	2	2	1/2	1/2	1		5	59		935
64	64	1	1	3/2	2	1	1/8	1/8	1	-1	2	62		930
64	64	9/8	9/8	3/2	2	1	1/8	1/8	1		1	67		931
64	64	5/4	5/4	3/2	3	2	1/4	1/4	1		1	43		943
64	64	5/4	5/4	3/2	2	1	1/8	1/8	1		1	67		932
64	64	11/8	11/8	3/2	2	1	1/8	1/8	1		2	62		933
65	65	0	0	4/4	3	3	1/4	1/4	1		0	36		955
65	65	0	0	4/4	3	3	1/4	1/4	1		0	48		955
65	65	0	0	4/4	3	1	1/8	1/8	1		1	55		946
65	65	0	0	4/4	3	2	1/2	1/2	1		1	55		953
65	65	0	0	4/4	2	1	1/2	1/2	1		-3	63		944
65	65	1/8	1/8	4/4	3	1	1/8	1/8	1		0	60		947
65	65	1/4	1/4	4/4	3	3	1/4	1/4	1		1	43		956
65	65	1/4	1/4	4/4	3	1	1/8	1/8	1		0	60		948
65	65	3/8	3/8	4/4	3	1	1/8	1/8	1		2	62		949
65	65	1/2	1/2	4/4	3	3	1/4	1/4	1		0	36		957
65	65	1/2	1/2	4/4	3	3	1/4	1/4	1		0	48		957
65	65	1/2	1/2	4/4	3	2	1/2	1/2	1		1	55		954
65	65	1/2	1/2	4/4	2	1	1/2	1/2	1	1	2	62		945
65	65	5/8	5/8	4/4	3	1	1/8	1/8	1		0	60		950
65	65	3/4	3/4	4/4	3	3	1/4	1/4	1		1	43		958
65	65	3/4	3/4	4/4	3	1	1/8	1/8	1		5	59		951
65	65	7/8	7/8	4/4	3	1	1/8	1/8	1		3	57		952
66	66	0	0	4/4	3	2	1/2	1/2	1		0	36		964
66	66	0	0	4/4	3	2	1/2	1/2	1		0	48		964
66	66	0	0	4/4	3	1	1	1	1		5	59		963
66	66	0	0	4/4	2	1	1/4	1/4	1	-1	2	62		959
66	66	1/4	1/4	4/4	2	1	1/4	1/4	1		1	67		960
66	66	1/2	1/2	4/4	3	2	1/2	1/2	1	1	1	43		965
66	66	1/2	1/2	4/4	2	1	1/4	1/4	1		1	67		961
66	66	3/4	3/4	4/4	2	1	1/4	1/4	1		2	62		962
67	67	0	0	4/4	3	3	1/8	1/8	1	-1	1	43		971
67	67	0	0	4/4	3	1	1/4	1/4	1		1	55		968
67	67	0	0	4/4	3	2	1	1	1		1	55		970
67	67	0	0	4/4	2	1	3/4	1/2	3/2		-3	63		966
67	67	1/8	1/8	4/4	3	3	1/8	1/8	1		0	48		972
67	67	1/4	1/4	4/4	3	3	1/8	1/8	1		0	48		973
67	67	1/4	1/4	4/4	3	1	3/4	1/2	3/2	1	0	60		969
67	67	3/8	3/8	4/4	3	3	1/8	1/8	1		2	50		974
67	67	1/2	1/2	4/4	3	3	1/8	1/8	1		2	50		975
67	67	5/8	5/8	4/4	3	3	1/8	1/8	1		-3	51		976
67	67	3/4	3/4	4/4	3	3	1/8	1/8	1		-3	51		977
67	67	3/4	3/4	4/4	2	1	1/4	1/4	1		-4	68		967
67	67	7/8	7/8	4/4	3	3	1/8	1/8	1		1	55		978
68	68	0	0	4/4	3	2	1	1	1	1	1	55		984
68	68	0	0	4/4	3	1	1/2	1/2	1	-1	0	60		982
68	68	0	0	4/4	2	1	1/4	1/4	1		-4	68		979
68	68	1/4	1/4	4/4	2	1	1/4	1/4	1		-3	63		980
68	68	1/2	1/2	4/4	2	1	1/2	1/2	1	1	-3	63		981
68	68	3/4	3/4	4/4	3	1	1/4	1/4	1		0	60		983
69	69	0	0	4/4	3	2	1/4	1/4	1	-1	1	55		990
69	69	0	0	4/4	3	1	1/4	1/4	1		5	59		987
69	69	0	0	4/4	2	1	1/2	1/2	1	-1	-3	63		985
69	69	1/4	1/4	4/4	3	1	1/4	1/4	1		3	57		988
69	69	1/2	1/2	4/4	3	1	1/2	1/2	1	1	5	59		989
69	69	1/2	1/2	4/4	2	1	1/2	1/2	1	1	2	62		986
70	70	0	0	4/4	3	2	1	1	1		1	31		993
70	70	0	0	4/4	3	1	1	1	1	-1	5	59		992
70	70	0	0	4/4	2	1	1	1	1	-1	2	62		991
