mc	mn	quarterbeats	duration_qb	mc_onset	mn_onset	timesig	staff	voice	duration	nominal_duration	scalar	tied	tpc	midi	name	octave	chord_id
1	1	0	1.0	0	0	4/4	3	2	1/4	1/4	1		0	48	C3	3	9
1	1	0	0.5	0	0	4/4	2	1	1/8	1/8	1		1	55	G3	3	0
1	1	0	2.0	0	0	4/4	3	1	1/2	1/2	1		1	55	G3	3	5
1	1	1/2	0.5	1/8	1/8	4/4	2	1	1/8	1/8	1		0	60	C4	4	1
1	1	1	1.0	1/4	1/4	4/4	3	2	1/4	1/4	1		1	43	G2	2	10
1	1	1	0.5	1/4	1/4	4/4	2	1	1/8	1/8	1		0	60	C4	4	2
1	1	3/2	0.5	3/8	3/8	4/4	2	1	1/8	1/8	1		2	62	D4	4	3
1	1	2	2.0	1/2	1/2	4/4	2	1	1/2	1/2	1	1	2	62	D4	4	4
1	1	5/2	0.5	5/8	5/8	4/4	3	1	1/8	1/8	1		0	60	C4	4	6
1	1	3	1.0	3/4	3/4	4/4	3	2	1/4	1/4	1		1	43	G2	2	11
1	1	3	0.5	3/4	3/4	4/4	3	1	1/8	1/8	1		5	59	B3	3	7
1	1	7/2	0.5	7/8	7/8	4/4	3	1	1/8	1/8	1		3	57	A3	3	8
2	2	4	1.0	0	0	4/4	3	2	1/4	1/4	1		1	55	G3	3	22
2	2	4	2.0	0	0	4/4	3	1	1/2	1/2	1	1	5	59	B3	3	17
2	2	4	0.5	0	0	4/4	2	1	1/8	1/8	1	-1	2	62	D4	4	12
2	2	9/2	0.5	1/8	1/8	4/4	2	1	1/8	1/8	1		1	67	G4	4	13
2	2	5	1.0	1/4	1/4	4/4	3	2	1/4	1/4	1		1	43	G2	2	23
2	2	5	0.5	1/4	1/4	4/4	2	1	1/8	1/8	1		1	67	G4	4	14
2	2	11/2	0.5	3/8	3/8	4/4	2	1	1/8	1/8	1		2	62	D4	4	15
2	2	6	0.5	1/2	1/2	4/4	3	1	1/8	1/8	1	-1	5	59	B3	3	18
2	2	6	2.0	1/2	1/2	4/4	2	1	1/2	1/2	1	1	-3	63	Eb4	4	16
2	2	13/2	0.5	5/8	5/8	4/4	3	1	1/8	1/8	1		2	62	D4	4	19
2	2	7	1.0	3/4	3/4	4/4	3	2	1/4	1/4	1		1	43	G2	2	24
2	2	7	0.5	3/4	3/4	4/4	3	1	1/8	1/8	1		0	60	C4	4	20
2	2	15/2	0.5	7/8	7/8	4/4	3	1	1/8	1/8	1		5	59	B3	3	21
3	3	8	1.0	0	0	4/4	3	2	1/4	1/4	1		-3	51	Eb3	3	34
3	3	8	4.0	0	0	4/4	3	1	1	1	1	1	0	60	C4	4	33
3	3	8	0.5	0	0	4/4	2	1	1/8	1/8	1	-1	-3	63	Eb4	4	25
3	3	17/2	0.5	1/8	1/8	4/4	2	1	1/8	1/8	1		1	67	G4	4	26
3	3	9	1.0	1/4	1/4	4/4	3	2	1/4	1/4	1		0	48	C3	3	35
3	3	9	0.5	1/4	1/4	4/4	2	1	1/8	1/8	1		-4	68	Ab4	4	27
3	3	19/2	0.5	3/8	3/8	4/4	2	1	1/8	1/8	1		-2	70	Bb4	4	28
3	3	10	1.0	1/2	1/2	4/4	3	2	1/4	1/4	1		-1	53	F3	3	36
3	3	10	0.5	1/2	1/2	4/4	2	1	1/8	1/8	1		0	72	C5	5	29
3	3	21/2	0.5	5/8	5/8	4/4	2	1	1/8	1/8	1		-2	70	Bb4	4	30
3	3	11	1.0	3/4	3/4	4/4	3	2	1/4	1/4	1		0	48	C3	3	37
3	3	11	0.5	3/4	3/4	4/4	2	1	1/8	1/8	1		-4	68	Ab4	4	31
3	3	23/2	0.5	7/8	7/8	4/4	2	1	1/8	1/8	1		-1	65	F4	4	32
4	4	12	1.0	0	0	4/4	3	2	1/4	1/4	1		-3	51	Eb3	3	45
4	4	12	2.0	0	0	4/4	3	1	1/2	1/2	1	-1	0	60	C4	4	43
4	4	12	2.0	0	0	4/4	2	1	1/2	1/2	1	1	1	67	G4	4	38
4	4	13	1.0	1/4	1/4	4/4	3	2	1/4	1/4	1		0	48	C3	3	46
4	4	14	1.0	1/2	1/2	4/4	3	2	1/4	1/4	1		2	50	D3	3	47
4	4	14	2.0	1/2	1/2	4/4	3	1	1/2	1/2	1		5	59	B3	3	44
4	4	14	0.5	1/2	1/2	4/4	2	1	1/8	1/8	1	-1	1	67	G4	4	39
4	4	29/2	0.5	5/8	5/8	4/4	2	1	1/8	1/8	1		-1	65	F4	4	40
4	4	15	1.0	3/4	3/4	4/4	3	2	1/4	1/4	1		1	43	G2	2	48
4	4	15	0.5	3/4	3/4	4/4	2	1	1/8	1/8	1		-3	63	Eb4	4	41
4	4	31/2	0.5	7/8	7/8	4/4	2	1	1/8	1/8	1		2	62	D4	4	42
5	5	16	1.0	0	0	4/4	3	2	1/4	1/4	1		0	48	C3	3	59
5	5	16	2.0	0	0	4/4	3	1	1/2	1/2	1		0	60	C4	4	57
5	5	16	0.5	0	0	4/4	2	1	1/8	1/8	1		-1	65	F4	4	49
5	5	33/2	0.5	1/8	1/8	4/4	2	1	1/8	1/8	1		-3	63	Eb4	4	50
5	5	17	1.0	1/4	1/4	4/4	3	2	1/4	1/4	1		1	43	G2	2	60
5	5	17	0.5	1/4	1/4	4/4	2	1	1/8	1/8	1		-1	65	F4	4	51
5	5	35/2	0.5	3/8	3/8	4/4	2	1	1/8	1/8	1		-3	63	Eb4	4	52
5	5	18	1.0	1/2	1/2	4/4	3	2	1/4	1/4	1		5	47	B2	2	61
5	5	18	2.0	1/2	1/2	4/4	3	1	1/2	1/2	1		1	55	G3	3	58
5	5	18	0.5	1/2	1/2	4/4	2	1	1/8	1/8	1		-3	63	Eb4	4	53
5	5	37/2	0.5	5/8	5/8	4/4	2	1	1/8	1/8	1		2	62	D4	4	54
5	5	19	1.0	3/4	3/4	4/4	3	2	1/4	1/4	1		1	43	G2	2	62
5	5	19	0.5	3/4	3/4	4/4	2	1	1/8	1/8	1		-3	63	Eb4	4	55
5	5	39/2	0.5	7/8	7/8	4/4	2	1	1/8	1/8	1		2	62	D4	4	56
6	6	20	2.0	0	0	4/4	3	1	1/2	1/2	1		-3	51	Eb3	3	76
6	6	20	0.5	0	0	4/4	2	2	1/8	1/8	1		2	62	D4	4	68
6	6	20	2.0	0	0	4/4	2	1	1/2	1/2	1	1	1	67	G4	4	63
6	6	41/2	0.5	1/8	1/8	4/4	2	2	1/8	1/8	1		-5	61	Db4	4	69
6	6	21	0.5	1/4	1/4	4/4	2	2	1/8	1/8	1		-3	63	Eb4	4	70
6	6	43/2	0.5	3/8	3/8	4/4	2	2	1/8	1/8	1		-5	61	Db4	4	71
6	6	22	2.0	1/2	1/2	4/4	3	1	1/2	1/2	1		-4	44	Ab2	2	77
6	6	22	0.5	1/2	1/2	4/4	2	2	1/8	1/8	1		-5	61	Db4	4	72
6	6	22	0.5	1/2	1/2	4/4	2	1	1/8	1/8	1	-1	1	67	G4	4	64
6	6	45/2	0.5	5/8	5/8	4/4	2	2	1/8	1/8	1		0	60	C4	4	73
6	6	45/2	0.5	5/8	5/8	4/4	2	1	1/8	1/8	1		-4	68	Ab4	4	65
6	6	23	0.5	3/4	3/4	4/4	2	2	1/8	1/8	1		-2	58	Bb3	3	74
6	6	23	0.5	3/4	3/4	4/4	2	1	1/8	1/8	1		-2	70	Bb4	4	66
6	6	47/2	0.5	7/8	7/8	4/4	2	2	1/8	1/8	1		-4	56	Ab3	3	75
6	6	47/2	0.5	7/8	7/8	4/4	2	1	1/8	1/8	1		0	72	C5	5	67
7	7	24	2.0	0	0	4/4	3	2	1/2	1/2	1		2	50	D3	3	93
7	7	24	0.5	0	0	4/4	3	1	1/8	1/8	1		1	55	G3	3	88
7	7	24	2.0	0	0	4/4	2	2	1/2	1/2	1	1	0	60	C4	4	83
7	7	24	2.0	0	0	4/4	2	1	1/2	1/2	1	1	2	74	D5	5	78
7	7	49/2	0.5	1/8	1/8	4/4	3	1	1/8	1/8	1		6	54	F#3	3	89
7	7	25	0.5	1/4	1/4	4/4	3	1	1/8	1/8	1		1	55	G3	3	90
7	7	51/2	0.5	3/8	3/8	4/4	3	1	1/8	1/8	1		3	57	A3	3	91
7	7	26	2.0	1/2	1/2	4/4	3	2	1/2	1/2	1		1	43	G2	2	94
7	7	26	2.0	1/2	1/2	4/4	3	1	1/2	1/2	1		1	55	G3	3	92
7	7	26	0.5	1/2	1/2	4/4	2	2	1/8	1/8	1	-1	0	60	C4	4	84
7	7	26	0.5	1/2	1/2	4/4	2	1	1/8	1/8	1	-1	2	74	D5	5	79
7	7	53/2	0.5	5/8	5/8	4/4	2	2	1/8	1/8	1		5	59	B3	3	85
7	7	53/2	0.5	5/8	5/8	4/4	2	1	1/8	1/8	1		-3	75	Eb5	5	80
7	7	27	0.5	3/4	3/4	4/4	2	2	1/8	1/8	1		3	57	A3	3	86
7	7	27	0.5	3/4	3/4	4/4	2	1	1/8	1/8	1		-1	77	F5	5	81
7	7	55/2	0.5	7/8	7/8	4/4	2	2	1/8	1/8	1		1	55	G3	3	87
7	7	55/2	0.5	7/8	7/8	4/4	2	1	1/8	1/8	1		1	79	G5	5	82
8	8	28	1.0	0	0	3/2	3	2	1/4	1/4	1		0	48	C3	3	116
8	8	28	1.0	0	0	3/2	1	1	1/4	1/4	1		1	55	G3	3	95
8	8	28	2.0	0	0	3/2	3	1	1/2	1/2	1	1	1	55	G3	3	110
8	8	28	6.0	0	0	3/2	2	2	3/2	1	3/2		1	67	G4	4	109
8	8	28	0.5	0	0	3/2	2	1	1/8	1/8	1		-1	77	F5	5	100
8	8	57/2	0.5	1/8	1/8	3/2	2	1	1/8	1/8	1		-3	75	Eb5	5	101
8	8	29	1.0	1/4	1/4	3/2	3	2	1/4	1/4	1		1	43	G2	2	117
8	8	29	1.0	1/4	1/4	3/2	1	1	1/4	1/4	1		0	60	C4	4	96
8	8	29	0.5	1/4	1/4	3/2	2	1	1/8	1/8	1		-3	75	Eb5	5	102
8	8	59/2	0.5	3/8	3/8	3/2	2	1	1/8	1/8	1		2	74	D5	5	103
8	8	30	0.5	1/2	1/2	3/2	3	1	1/8	1/8	1	-1	1	55	G3	3	111
8	8	30	1.0	1/2	1/2	3/2	1	1	1/4	1/4	1		2	62	D4	4	97
8	8	30	2.0	1/2	1/2	3/2	2	1	1/2	1/2	1	1	2	74	D5	5	104
8	8	61/2	0.5	5/8	5/8	3/2	3	1	1/8	1/8	1		0	60	C4	4	112
8	8	31	0.5	3/4	3/4	3/2	3	1	1/8	1/8	1		5	59	B3	3	113
8	8	31	1.0	3/4	3/4	3/2	1	1	1/4	1/4	1		1	67	G4	4	98
8	8	63/2	0.5	7/8	7/8	3/2	3	1	1/8	1/8	1		3	57	A3	3	114
8	8	32	2.0	1	1	3/2	3	1	1/2	1/2	1		5	59	B3	3	115
8	8	32	2.0	1	1	3/2	1	1	1/2	1/2	1		2	62	D4	4	99
8	8	32	0.5	1	1	3/2	2	1	1/8	1/8	1	-1	2	74	D5	5	105
8	8	65/2	0.5	9/8	9/8	3/2	2	1	1/8	1/8	1		-3	75	Eb5	5	106
8	8	33	1.0	5/4	5/4	3/2	3	2	1/4	1/4	1		1	43	G2	2	118
8	8	33	0.5	5/4	5/4	3/2	2	1	1/8	1/8	1		-1	77	F5	5	107
8	8	67/2	0.5	11/8	11/8	3/2	2	1	1/8	1/8	1		1	79	G5	5	108
9	9	34	1.0	0	0	3/2	3	2	1/4	1/4	1		0	48	C3	3	140
9	9	34	1.0	0	0	3/2	1	1	1/4	1/4	1		1	55	G3	3	119
9	9	34	2.0	0	0	3/2	3	1	1/2	1/2	1	1	1	55	G3	3	134
9	9	34	6.0	0	0	3/2	2	2	3/2	1	3/2		1	67	G4	4	133
9	9	34	0.5	0	0	3/2	2	1	1/8	1/8	1		-1	77	F5	5	124
9	9	69/2	0.5	1/8	1/8	3/2	2	1	1/8	1/8	1		-3	75	Eb5	5	125
9	9	35	1.0	1/4	1/4	3/2	3	2	1/4	1/4	1		1	43	G2	2	141
9	9	35	1.0	1/4	1/4	3/2	1	1	1/4	1/4	1		0	60	C4	4	120
9	9	35	0.5	1/4	1/4	3/2	2	1	1/8	1/8	1		-3	75	Eb5	5	126
9	9	71/2	0.5	3/8	3/8	3/2	2	1	1/8	1/8	1		2	74	D5	5	127
9	9	36	0.5	1/2	1/2	3/2	3	1	1/8	1/8	1	-1	1	55	G3	3	135
9	9	36	1.0	1/2	1/2	3/2	1	1	1/4	1/4	1		2	62	D4	4	121
9	9	36	2.0	1/2	1/2	3/2	2	1	1/2	1/2	1	1	2	74	D5	5	128
9	9	73/2	0.5	5/8	5/8	3/2	3	1	1/8	1/8	1		0	60	C4	4	136
9	9	37	0.5	3/4	3/4	3/2	3	1	1/8	1/8	1		5	59	B3	3	137
9	9	37	1.0	3/4	3/4	3/2	1	1	1/4	1/4	1		1	67	G4	4	122
9	9	75/2	0.5	7/8	7/8	3/2	3	1	1/8	1/8	1		3	57	A3	3	138
9	9	38	2.0	1	1	3/2	3	1	1/2	1/2	1		5	59	B3	3	139
9	9	38	2.0	1	1	3/2	1	1	1/2	1/2	1		2	62	D4	4	123
9	9	38	0.5	1	1	3/2	2	1	1/8	1/8	1	-1	2	74	D5	5	129
9	9	77/2	0.5	9/8	9/8	3/2	2	1	1/8	1/8	1		-3	75	Eb5	5	130
9	9	39	1.0	5/4	5/4	3/2	3	2	1/4	1/4	1		1	43	G2	2	142
9	9	39	0.5	5/4	5/4	3/2	2	1	1/8	1/8	1		-1	77	F5	5	131
9	9	79/2	0.5	11/8	11/8	3/2	2	1	1/8	1/8	1		1	79	G5	5	132
10	10	40	1.0	0	0	4/4	3	1	1/4	1/4	1		1	55	G3	3	152
10	10	40	0.5	0	0	4/4	2	1	1/8	1/8	1		-1	77	F5	5	143
10	10	81/2	0.5	1/8	1/8	4/4	2	1	1/8	1/8	1		-3	75	Eb5	5	144
10	10	41	1.0	1/4	1/4	4/4	3	1	1/4	1/4	1		0	48	C3	3	153
10	10	41	0.5	1/4	1/4	4/4	2	1	1/8	1/8	1		-1	77	F5	5	145
10	10	83/2	0.5	3/8	3/8	4/4	2	1	1/8	1/8	1		1	79	G5	5	146
10	10	42	1.0	1/2	1/2	4/4	3	1	1/4	1/4	1		-4	56	Ab3	3	154
10	10	42	2.0	1/2	1/2	4/4	2	2	1/2	1/2	1	1	0	72	C5	5	151
10	10	42	0.5	1/2	1/2	4/4	2	1	1/8	1/8	1		0	84	C6	6	147
10	10	85/2	0.5	5/8	5/8	4/4	2	1	1/8	1/8	1		-2	82	Bb5	5	148
10	10	43	1.0	3/4	3/4	4/4	3	1	1/4	1/4	1		-1	53	F3	3	155
10	10	43	0.5	3/4	3/4	4/4	2	1	1/8	1/8	1		-4	80	Ab5	5	149
10	10	87/2	0.5	7/8	7/8	4/4	2	1	1/8	1/8	1		-1	77	F5	5	150
11	11	44	1.0	0	0	4/4	3	1	1/4	1/4	1		-3	51	Eb3	3	163
11	11	44	2.0	0	0	4/4	2	2	1/2	1/2	1	-1	0	72	C5	5	161
11	11	44	2.0	0	0	4/4	2	1	1/2	1/2	1	1	1	79	G5	5	156
11	11	45	1.0	1/4	1/4	4/4	3	1	1/4	1/4	1		0	48	C3	3	164
11	11	46	1.0	1/2	1/2	4/4	3	1	1/4	1/4	1		2	50	D3	3	165
11	11	46	2.0	1/2	1/2	4/4	2	2	1/2	1/2	1	1	1	67	G4	4	162
11	11	46	0.5	1/2	1/2	4/4	2	1	1/8	1/8	1	-1	1	79	G5	5	157
11	11	93/2	0.5	5/8	5/8	4/4	2	1	1/8	1/8	1		-1	77	F5	5	158
11	11	47	1.0	3/4	3/4	4/4	3	1	1/4	1/4	1		1	43	G2	2	166
11	11	47	0.5	3/4	3/4	4/4	2	1	1/8	1/8	1		-3	75	Eb5	5	159
11	11	95/2	0.5	7/8	7/8	4/4	2	1	1/8	1/8	1		2	74	D5	5	160
12	12	48	1.0	0	0	4/4	3	1	1/4	1/4	1		0	48	C3	3	180
12	12	48	1.0	0	0	4/4	1	1	1/4	1/4	1		1	67	G4	4	167
12	12	48	4.0	0	0	4/4	2	2	1	1	1	-1	1	67	G4	4	179
12	12	48	0.5	0	0	4/4	2	1	1/8	1/8	1		-1	77	F5	5	171
12	12	97/2	0.5	1/8	1/8	4/4	2	1	1/8	1/8	1		-3	75	Eb5	5	172
12	12	49	1.0	1/4	1/4	4/4	3	1	1/4	1/4	1		1	43	G2	2	181
12	12	49	1.0	1/4	1/4	4/4	1	1	1/4	1/4	1		1	67	G4	4	168
12	12	49	0.5	1/4	1/4	4/4	2	1	1/8	1/8	1		-1	77	F5	5	173
12	12	99/2	0.5	3/8	3/8	4/4	2	1	1/8	1/8	1		-3	75	Eb5	5	174
12	12	50	1.0	1/2	1/2	4/4	3	1	1/4	1/4	1		1	55	G3	3	182
12	12	50	1.0	1/2	1/2	4/4	1	1	1/4	1/4	1		-1	65	F4	4	169
12	12	50	0.5	1/2	1/2	4/4	2	1	1/8	1/8	1		-3	75	Eb5	5	175
12	12	101/2	0.5	5/8	5/8	4/4	2	1	1/8	1/8	1		2	74	D5	5	176
12	12	51	1.0	3/4	3/4	4/4	3	1	1/4	1/4	1		1	43	G2	2	183
12	12	51	1.0	3/4	3/4	4/4	1	1	1/4	1/4	1		-1	65	F4	4	170
12	12	51	0.5	3/4	3/4	4/4	2	1	1/8	1/8	1		-3	75	Eb5	5	177
12	12	103/2	0.5	7/8	7/8	4/4	2	1	1/8	1/8	1		2	74	D5	5	178
13	13	52	1.0	0	0	4/4	3	1	1/4	1/4	1		0	48	C3	3	192
13	13	52	2.0	0	0	4/4	1	1	1/2	1/2	1		-3	63	Eb4	4	184
13	13	52	4.0	0	0	4/4	2	2	1	1	1		1	67	G4	4	191
13	13	52	2.0	0	0	4/4	2	1	1/2	1/2	1	1	1	79	G5	5	186
13	13	53	1.0	1/4	1/4	4/4	3	1	1/4	1/4	1		1	43	G2	2	193
13	13	54	1.0	1/2	1/2	4/4	3	1	1/4	1/4	1		5	47	B2	2	194
13	13	54	2.0	1/2	1/2	4/4	1	1	1/2	1/2	1		2	62	D4	4	185
13	13	54	0.5	1/2	1/2	4/4	2	1	1/8	1/8	1	-1	1	79	G5	5	187
13	13	109/2	0.5	5/8	5/8	4/4	2	1	1/8	1/8	1		-4	80	Ab5	5	188
13	13	55	1.0	3/4	3/4	4/4	3	1	1/4	1/4	1		1	43	G2	2	195
13	13	55	0.5	3/4	3/4	4/4	2	1	1/8	1/8	1		1	79	G5	5	189
13	13	111/2	0.5	7/8	7/8	4/4	2	1	1/8	1/8	1		-1	77	F5	5	190
14	14	56	1.0	0	0	4/4	3	1	1/4	1/4	1		0	48	C3	3	210
14	14	56	1.0	0	0	4/4	1	1	1/4	1/4	1		1	67	G4	4	196
14	14	56	2.0	0	0	4/4	2	2	1/2	1/2	1		1	67	G4	4	208
14	14	56	0.5	0	0	4/4	2	1	1/8	1/8	1		2	74	D5	5	200
14	14	113/2	0.5	1/8	1/8	4/4	2	1	1/8	1/8	1		-3	75	Eb5	5	201
14	14	57	1.0	1/4	1/4	4/4	3	1	1/4	1/4	1		1	43	G2	2	211
14	14	57	1.0	1/4	1/4	4/4	1	1	1/4	1/4	1		1	67	G4	4	197
14	14	57	0.5	1/4	1/4	4/4	2	1	1/8	1/8	1		-1	77	F5	5	202
14	14	115/2	0.5	3/8	3/8	4/4	2	1	1/8	1/8	1		1	79	G5	5	203
14	14	58	1.0	1/2	1/2	4/4	3	1	1/4	1/4	1		-1	53	F3	3	212
14	14	58	1.0	1/2	1/2	4/4	1	1	1/4	1/4	1		-1	65	F4	4	198
14	14	58	2.0	1/2	1/2	4/4	2	2	1/2	1/2	1		-4	68	Ab4	4	209
14	14	58	0.5	1/2	1/2	4/4	2	1	1/8	1/8	1		-2	82	Bb5	5	204
14	14	117/2	0.5	5/8	5/8	4/4	2	1	1/8	1/8	1		-4	80	Ab5	5	205
14	14	59	1.0	3/4	3/4	4/4	3	1	1/4	1/4	1		-1	41	F2	2	213
14	14	59	1.0	3/4	3/4	4/4	1	1	1/4	1/4	1		-1	65	F4	4	199
14	14	59	0.5	3/4	3/4	4/4	2	1	1/8	1/8	1		-1	77	F5	5	206
14	14	119/2	0.5	7/8	7/8	4/4	2	1	1/8	1/8	1		-5	73	Db5	5	207
15	15	60	4.0	0	0	4/4	3	1	1	1	1		1	55	G3	3	225
15	15	60	2.0	0	0	4/4	1	1	1/2	1/2	1		-3	63	Eb4	4	214
15	15	60	4.0	0	0	4/4	2	2	1	1	1		1	67	G4	4	224
15	15	60	0.5	0	0	4/4	2	1	1/8	1/8	1		-5	73	Db5	5	216
15	15	121/2	0.5	1/8	1/8	4/4	2	1	1/8	1/8	1		0	72	C5	5	217
15	15	61	0.5	1/4	1/4	4/4	2	1	1/8	1/8	1		-5	73	Db5	5	218
15	15	123/2	0.5	3/8	3/8	4/4	2	1	1/8	1/8	1		0	72	C5	5	219
15	15	62	2.0	1/2	1/2	4/4	1	1	1/2	1/2	1		2	62	D4	4	215
15	15	62	0.5	1/2	1/2	4/4	2	1	1/8	1/8	1		0	72	C5	5	220
15	15	125/2	0.5	5/8	5/8	4/4	2	1	1/8	1/8	1		5	71	B4	4	221
15	15	63	0.5	3/4	3/4	4/4	2	1	1/8	1/8	1		0	72	C5	5	222
15	15	127/2	0.5	7/8	7/8	4/4	2	1	1/8	1/8	1		5	71	B4	4	223
16	16	64	2.0	0	0	3/2	3	1	1/2	1/2	1		-3	51	Eb3	3	244
16	16	64	0.5	0	0	3/2	2	2	1/8	1/8	1		-7	71	Cb5	5	232
16	16	64	2.0	0	0	3/2	2	1	1/2	1/2	1	1	1	79	G5	5	226
16	16	129/2	0.5	1/8	1/8	3/2	2	2	1/8	1/8	1		-2	70	Bb4	4	233
16	16	65	0.5	1/4	1/4	3/2	2	2	1/8	1/8	1		-7	71	Cb5	5	234
16	16	131/2	0.5	3/8	3/8	3/2	2	2	1/8	1/8	1		-5	73	Db5	5	235
16	16	66	2.0	1/2	1/2	3/2	3	1	1/2	1/2	1		-4	56	Ab3	3	245
16	16	66	0.5	1/2	1/2	3/2	2	2	1/8	1/8	1		-5	73	Db5	5	236
16	16	66	0.5	1/2	1/2	3/2	2	1	1/8	1/8	1	-1	1	79	G5	5	227
16	16	133/2	0.5	5/8	5/8	3/2	2	2	1/8	1/8	1		0	72	C5	5	237
16	16	133/2	0.5	5/8	5/8	3/2	2	1	1/8	1/8	1		-4	80	Ab5	5	228
16	16	67	0.5	3/4	3/4	3/2	2	2	1/8	1/8	1		-2	70	Bb4	4	238
16	16	67	0.5	3/4	3/4	3/2	2	1	1/8	1/8	1		-2	82	Bb5	5	229
16	16	135/2	0.5	7/8	7/8	3/2	2	2	1/8	1/8	1		-4	68	Ab4	4	239
16	16	135/2	0.5	7/8	7/8	3/2	2	1	1/8	1/8	1		0	84	C6	6	230
16	16	68	2.0	1	1	3/2	3	1	1/2	1/2	1		2	50	D3	3	246
16	16	68	0.5	1	1	3/2	2	2	1/8	1/8	1		1	67	G4	4	240
16	16	68	2.0	1	1	3/2	2	1	1/2	1/2	1		2	86	D6	6	231
16	16	137/2	0.5	9/8	9/8	3/2	2	2	1/8	1/8	1		6	66	F#4	4	241
16	16	69	0.5	5/4	5/4	3/2	2	2	1/8	1/8	1		1	67	G4	4	242
16	16	139/2	0.5	11/8	11/8	3/2	2	2	1/8	1/8	1		3	69	A4	4	243
17	17	70	1.0	0	0	3/2	3	1	1/4	1/4	1		1	55	G3	3	270
17	17	70	1.0	0	0	3/2	1	1	1/4	1/4	1		2	62	D4	4	247
17	17	70	0.5	0	0	3/2	2	2	1/8	1/8	1		3	69	A4	4	261
17	17	70	0.5	0	0	3/2	2	1	1/8	1/8	1		2	74	D5	5	252
17	17	141/2	0.5	1/8	1/8	3/2	2	2	1/8	1/8	1		1	67	G4	4	262
17	17	141/2	0.5	1/8	1/8	3/2	2	1	1/8	1/8	1		-3	75	Eb5	5	253
17	17	71	1.0	1/4	1/4	3/2	3	1	1/4	1/4	1		2	50	D3	3	271
17	17	71	0.5	1/4	1/4	3/2	2	2	1/8	1/8	1		-1	65	F4	4	263
17	17	71	1.0	1/4	1/4	3/2	1	1	1/4	1/4	1		1	67	G4	4	248
17	17	71	0.5	1/4	1/4	3/2	2	1	1/8	1/8	1		-1	77	F5	5	254
17	17	143/2	0.5	3/8	3/8	3/2	2	2	1/8	1/8	1		-3	63	Eb4	4	264
17	17	143/2	0.5	3/8	3/8	3/2	2	1	1/8	1/8	1		1	79	G5	5	255
17	17	72	2.0	1/2	1/2	3/2	2	2	1/2	1/2	1	1	2	62	D4	4	265
17	17	72	1.0	1/2	1/2	3/2	1	1	1/4	1/4	1		3	69	A4	4	249
17	17	72	0.5	1/2	1/2	3/2	2	1	1/8	1/8	1		-1	77	F5	5	256
17	17	145/2	0.5	5/8	5/8	3/2	2	1	1/8	1/8	1		-3	75	Eb5	5	257
17	17	73	1.0	3/4	3/4	3/2	3	1	1/4	1/4	1		2	50	D3	3	272
17	17	73	1.0	3/4	3/4	3/2	1	1	1/4	1/4	1		2	74	D5	5	250
17	17	73	0.5	3/4	3/4	3/2	2	1	1/8	1/8	1		-3	75	Eb5	5	258
17	17	147/2	0.5	7/8	7/8	3/2	2	1	1/8	1/8	1		2	74	D5	5	259
17	17	74	0.5	1	1	3/2	2	2	1/8	1/8	1	-1	2	62	D4	4	266
17	17	74	2.0	1	1	3/2	1	1	1/2	1/2	1		3	69	A4	4	251
17	17	74	2.0	1	1	3/2	2	1	1/2	1/2	1	1	2	74	D5	5	260
17	17	149/2	0.5	9/8	9/8	3/2	2	2	1/8	1/8	1		-3	63	Eb4	4	267
17	17	75	1.0	5/4	5/4	3/2	3	1	1/4	1/4	1		2	50	D3	3	273
17	17	75	0.5	5/4	5/4	3/2	2	2	1/8	1/8	1		-1	65	F4	4	268
17	17	151/2	0.5	11/8	11/8	3/2	2	2	1/8	1/8	1		1	67	G4	4	269
18	18	76	1.0	0	0	3/2	3	1	1/4	1/4	1		1	55	G3	3	297
18	18	76	1.0	0	0	3/2	1	1	1/4	1/4	1		2	62	D4	4	274
18	18	76	0.5	0	0	3/2	2	2	1/8	1/8	1		3	69	A4	4	288
18	18	76	0.5	0	0	3/2	2	1	1/8	1/8	1	-1	2	74	D5	5	279
18	18	153/2	0.5	1/8	1/8	3/2	2	2	1/8	1/8	1		1	67	G4	4	289
18	18	153/2	0.5	1/8	1/8	3/2	2	1	1/8	1/8	1		-3	75	Eb5	5	280
18	18	77	1.0	1/4	1/4	3/2	3	1	1/4	1/4	1		2	50	D3	3	298
18	18	77	0.5	1/4	1/4	3/2	2	2	1/8	1/8	1		-1	65	F4	4	290
18	18	77	1.0	1/4	1/4	3/2	1	1	1/4	1/4	1		1	67	G4	4	275
18	18	77	0.5	1/4	1/4	3/2	2	1	1/8	1/8	1		-1	77	F5	5	281
18	18	155/2	0.5	3/8	3/8	3/2	2	2	1/8	1/8	1		-3	63	Eb4	4	291
18	18	155/2	0.5	3/8	3/8	3/2	2	1	1/8	1/8	1		1	79	G5	5	282
18	18	78	2.0	1/2	1/2	3/2	2	2	1/2	1/2	1	1	2	62	D4	4	292
18	18	78	1.0	1/2	1/2	3/2	1	1	1/4	1/4	1		3	69	A4	4	276
18	18	78	0.5	1/2	1/2	3/2	2	1	1/8	1/8	1		-1	77	F5	5	283
18	18	157/2	0.5	5/8	5/8	3/2	2	1	1/8	1/8	1		-3	75	Eb5	5	284
18	18	79	1.0	3/4	3/4	3/2	3	1	1/4	1/4	1		2	50	D3	3	299
18	18	79	1.0	3/4	3/4	3/2	1	1	1/4	1/4	1		2	74	D5	5	277
18	18	79	0.5	3/4	3/4	3/2	2	1	1/8	1/8	1		-3	75	Eb5	5	285
18	18	159/2	0.5	7/8	7/8	3/2	2	1	1/8	1/8	1		2	74	D5	5	286
18	18	80	0.5	1	1	3/2	2	2	1/8	1/8	1	-1	2	62	D4	4	293
18	18	80	2.0	1	1	3/2	1	1	1/2	1/2	1		3	69	A4	4	278
18	18	80	2.0	1	1	3/2	2	1	1/2	1/2	1		2	74	D5	5	287
18	18	161/2	0.5	9/8	9/8	3/2	2	2	1/8	1/8	1		0	60	C4	4	294
18	18	81	1.0	5/4	5/4	3/2	3	1	1/4	1/4	1		2	50	D3	3	300
18	18	81	0.5	5/4	5/4	3/2	2	2	1/8	1/8	1		-2	58	Bb3	3	295
18	18	163/2	0.5	11/8	11/8	3/2	2	2	1/8	1/8	1		3	57	A3	3	296
19	19	82	4.0	0	0	3/2	3	2	1	1	1		1	43	G2	2	311
19	19	82	2.0	0	0	3/2	3	1	1/2	1/2	1		-2	58	Bb3	3	307
19	19	82	1.0	0	0	3/2	2	1	1/4	1/4	1		2	62	D4	4	301
19	19	83	1.0	1/4	1/4	3/2	2	1	1/4	1/4	1		-1	65	F4	4	302
19	19	84	2.0	1/2	1/2	3/2	3	1	1/2	1/2	1		5	59	B3	3	308
19	19	84	1.0	1/2	1/2	3/2	2	1	1/4	1/4	1		-3	63	Eb4	4	303
19	19	84	1.0	1/2	1/2	3/2	2	1	1/4	1/4	1		1	67	G4	4	303
19	19	85	1.0	3/4	3/4	3/2	2	1	1/4	1/4	1		2	62	D4	4	304
19	19	85	1.0	3/4	3/4	3/2	2	1	1/4	1/4	1		-1	65	F4	4	304
19	19	86	1.0	1	1	3/2	3	1	1/4	1/4	1		1	55	G3	3	309
19	19	86	1.0	1	1	3/2	2	1	1/4	1/4	1		0	60	C4	4	305
19	19	86	1.0	1	1	3/2	2	1	1/4	1/4	1		-3	63	Eb4	4	305
19	19	87	1.0	5/4	5/4	3/2	3	1	1/4	1/4	1		-1	53	F3	3	310
19	19	87	1.0	5/4	5/4	3/2	3	1	1/4	1/4	1		5	59	B3	3	310
19	19	87	1.0	5/4	5/4	3/2	2	1	1/4	1/4	1		2	62	D4	4	306
20	20	88	4.0	0	0	3/2	3	2	1	1	1		-4	44	Ab2	2	318
20	20	88	2.0	0	0	3/2	3	1	1/2	1/2	1		-1	53	F3	3	316
20	20	88	2.0	0	0	3/2	3	1	1/2	1/2	1		5	59	B3	3	316
20	20	88	2.0	0	0	3/2	2	1	1/2	1/2	1		2	62	D4	4	312
20	20	90	2.0	1/2	1/2	3/2	3	1	1/2	1/2	1		-3	51	Eb3	3	317
20	20	90	2.0	1/2	1/2	3/2	3	1	1/2	1/2	1		-4	56	Ab3	3	317
20	20	90	2.0	1/2	1/2	3/2	2	1	1/2	1/2	1		0	60	C4	4	313
20	20	92	1.0	1	1	3/2	2	1	1/4	1/4	1		-3	63	Eb4	4	314
20	20	93	1.0	5/4	5/4	3/2	2	1	1/4	1/4	1		1	67	G4	4	315
21	21	94	6.0	0	0	3/2	3	2	3/2	1	3/2		-4	44	Ab2	2	332
21	21	94	2.0	0	0	3/2	3	1	1/2	1/2	1		4	52	E3	3	330
21	21	94	6.0	0	0	3/2	2	2	3/2	1	3/2		-5	61	Db4	4	329
21	21	94	1.0	0	0	3/2	2	1	1/4	1/4	1		-4	68	Ab4	4	323
21	21	95	1.0	1/4	1/4	3/2	2	1	1/4	1/4	1		1	67	G4	4	324
21	21	96	4.0	1/2	1/2	3/2	3	1	1	1	1		-1	53	F3	3	331
21	21	96	1.0	1/2	1/2	3/2	1	1	1/4	1/4	1		-1	65	F4	4	319
21	21	96	1.0	1/2	1/2	3/2	2	1	1/4	1/4	1		-1	65	F4	4	325
21	21	97	1.0	3/4	3/4	3/2	2	1	1/4	1/4	1		-3	63	Eb4	4	326
21	21	97	1.0	3/4	3/4	3/2	1	1	1/4	1/4	1		-4	68	Ab4	4	320
21	21	98	1.0	1	1	3/2	2	1	1/4	1/4	1		-5	61	Db4	4	327
21	21	98	1.0	1	1	3/2	1	1	1/4	1/4	1		-5	73	Db5	5	321
21	21	99	1.0	5/4	5/4	3/2	2	1	1/4	1/4	1		-1	65	F4	4	328
21	21	99	1.0	5/4	5/4	3/2	1	1	1/4	1/4	1		0	72	C5	5	322
22	22	100	4.0	0	0	3/2	3	1	1	1	1		-4	44	Ab2	2	342
22	22	100	4.0	0	0	3/2	3	1	1	1	1		1	55	G3	3	342
22	22	100	6.0	0	0	3/2	2	2	3/2	1	3/2		-5	61	Db4	4	341
22	22	100	6.0	0	0	3/2	2	2	3/2	1	3/2		-8	64	Fb4	4	341
22	22	100	2.0	0	0	3/2	1	1	1/2	1/2	1		0	72	C5	5	333
22	22	100	2.0	0	0	3/2	2	1	1/2	1/2	1		0	72	C5	5	337
22	22	102	2.0	1/2	1/2	3/2	1	1	1/2	1/2	1		-2	70	Bb4	4	334
22	22	102	2.0	1/2	1/2	3/2	2	1	1/2	1/2	1		-2	70	Bb4	4	338
22	22	104	1.0	1	1	3/2	3	1	1/4	1/4	1		-1	53	F3	3	343
22	22	104	1.0	1	1	3/2	2	1	1/4	1/4	1		-1	65	F4	4	339
22	22	104	1.0	1	1	3/2	1	1	1/4	1/4	1		-4	68	Ab4	4	335
22	22	104	1.0	1	1	3/2	2	1	1/4	1/4	1		-4	68	Ab4	4	339
22	22	105	1.0	5/4	5/4	3/2	3	1	1/4	1/4	1		-8	52	Fb3	3	344
22	22	105	1.0	5/4	5/4	3/2	2	1	1/4	1/4	1		1	67	G4	4	340
22	22	105	1.0	5/4	5/4	3/2	1	1	1/4	1/4	1		-2	70	Bb4	4	336
22	22	105	1.0	5/4	5/4	3/2	2	1	1/4	1/4	1		-2	70	Bb4	4	340
23	23	106	4.0	0	0	3/2	3	2	1	1	1		-4	44	Ab2	2	358
23	23	106	2.0	0	0	3/2	3	1	1/2	1/2	1		-8	52	Fb3	3	356
23	23	106	2.0	0	0	3/2	2	3	1/2	1/2	1		2	62	D4	4	354
23	23	106	4.0	0	0	3/2	2	2	1	1	1		-4	68	Ab4	4	353
23	23	106	2.0	0	0	3/2	1	1	1/2	1/2	1		5	71	B4	4	345
23	23	106	2.0	0	0	3/2	2	1	1/2	1/2	1		5	71	B4	4	349
23	23	108	2.0	1/2	1/2	3/2	3	1	1/2	1/2	1		-3	51	Eb3	3	357
23	23	108	2.0	1/2	1/2	3/2	2	3	1/2	1/2	1		-3	63	Eb4	4	355
23	23	108	2.0	1/2	1/2	3/2	1	1	1/2	1/2	1		0	72	C5	5	346
23	23	108	2.0	1/2	1/2	3/2	2	1	1/2	1/2	1		0	72	C5	5	350
23	23	110	1.0	1	1	3/2	1	1	1/4	1/4	1		-4	68	Ab4	4	347
23	23	110	1.0	1	1	3/2	2	1	1/4	1/4	1		-4	68	Ab4	4	351
23	23	111	1.0	5/4	5/4	3/2	1	1	1/4	1/4	1		-2	70	Bb4	4	348
23	23	111	1.0	5/4	5/4	3/2	2	1	1/4	1/4	1		-2	70	Bb4	4	352
24	24	112	4.0	0	0	3/2	3	2	1	1	1		1	43	G2	2	370
24	24	112	6.0	0	0	3/2	3	1	3/2	1	3/2		-2	58	Bb3	3	369
24	24	112	4.0	0	0	3/2	2	2	1	1	1		4	64	E4	4	367
24	24	112	2.0	0	0	3/2	1	1	1/2	1/2	1		5	71	B4	4	359
24	24	112	2.0	0	0	3/2	2	1	1/2	1/2	1		5	71	B4	4	363
24	24	114	2.0	1/2	1/2	3/2	1	1	1/2	1/2	1		0	72	C5	5	360
24	24	114	2.0	1/2	1/2	3/2	2	1	1/2	1/2	1		0	72	C5	5	364
24	24	116	2.0	1	1	3/2	3	2	1/2	1/2	1		-6	42	Gb2	2	371
24	24	116	2.0	1	1	3/2	2	2	1/2	1/2	1		-3	63	Eb4	4	368
24	24	116	1.0	1	1	3/2	1	1	1/4	1/4	1		-5	73	Db5	5	361
24	24	116	1.0	1	1	3/2	2	1	1/4	1/4	1		-5	73	Db5	5	365
24	24	117	1.0	5/4	5/4	3/2	1	1	1/4	1/4	1		-3	75	Eb5	5	362
24	24	117	1.0	5/4	5/4	3/2	2	1	1/4	1/4	1		-3	75	Eb5	5	366
25	25	118	4.0	0	0	3/2	3	2	1	1	1		-1	41	F2	2	388
25	25	118	4.0	0	0	3/2	3	1	1	1	1		3	57	A3	3	385
25	25	118	6.0	0	0	3/2	2	2	3/2	1	3/2	1	-3	63	Eb4	4	384
25	25	118	1.0	0	0	3/2	1	1	1/4	1/4	1		-1	77	F5	5	372
25	25	118	1.0	0	0	3/2	2	1	1/4	1/4	1		-1	77	F5	5	378
25	25	119	1.0	1/4	1/4	3/2	1	1	1/4	1/4	1		4	76	E5	5	373
25	25	119	1.0	1/4	1/4	3/2	2	1	1/4	1/4	1		4	76	E5	5	379
25	25	120	1.0	1/2	1/2	3/2	1	1	1/4	1/4	1		-1	77	F5	5	374
25	25	120	1.0	1/2	1/2	3/2	2	1	1/4	1/4	1		-1	77	F5	5	380
25	25	121	1.0	3/4	3/4	3/2	1	1	1/4	1/4	1		-3	75	Eb5	5	375
25	25	121	1.0	3/4	3/4	3/2	2	1	1/4	1/4	1		-3	75	Eb5	5	381
25	25	122	2.0	1	1	3/2	3	2	1/2	1/2	1		-6	42	Gb2	2	389
25	25	122	1.0	1	1	3/2	3	1	1/4	1/4	1		3	57	A3	3	386
25	25	122	1.0	1	1	3/2	1	1	1/4	1/4	1		-3	75	Eb5	5	376
25	25	122	1.0	1	1	3/2	2	1	1/4	1/4	1		-3	75	Eb5	5	382
25	25	123	1.0	5/4	5/4	3/2	3	1	1/4	1/4	1		-2	58	Bb3	3	387
25	25	123	1.0	5/4	5/4	3/2	1	1	1/4	1/4	1		-5	73	Db5	5	377
25	25	123	1.0	5/4	5/4	3/2	2	1	1/4	1/4	1		-5	73	Db5	5	383
26	26	124	6.0	0	0	3/2	3	2	3/2	1	3/2		1	43	G2	2	407
26	26	124	2.0	0	0	3/2	3	1	1/2	1/2	1		-2	58	Bb3	3	405
26	26	124	2.0	0	0	3/2	2	2	1/2	1/2	1	-1	-3	63	Eb4	4	402
26	26	124	1.0	0	0	3/2	1	1	1/4	1/4	1		-5	73	Db5	5	390
26	26	124	1.0	0	0	3/2	2	1	1/4	1/4	1		-5	73	Db5	5	396
26	26	125	1.0	1/4	1/4	3/2	1	1	1/4	1/4	1		0	72	C5	5	391
26	26	125	1.0	1/4	1/4	3/2	2	1	1/4	1/4	1		0	72	C5	5	397
26	26	126	4.0	1/2	1/2	3/2	3	1	1	1	1		-5	61	Db4	4	406
26	26	126	2.0	1/2	1/2	3/2	2	2	1/2	1/2	1		4	64	E4	4	403
26	26	126	1.0	1/2	1/2	3/2	1	1	1/4	1/4	1		-5	73	Db5	5	392
26	26	126	1.0	1/2	1/2	3/2	2	1	1/4	1/4	1		-5	73	Db5	5	398
26	26	127	1.0	3/4	3/4	3/2	1	1	1/4	1/4	1		0	72	C5	5	393
26	26	127	1.0	3/4	3/4	3/2	2	1	1/4	1/4	1		0	72	C5	5	399
26	26	128	2.0	1	1	3/2	2	2	1/2	1/2	1		-1	65	F4	4	404
26	26	128	1.0	1	1	3/2	1	1	1/4	1/4	1		0	72	C5	5	394
26	26	128	1.0	1	1	3/2	2	1	1/4	1/4	1		0	72	C5	5	400
26	26	129	1.0	5/4	5/4	3/2	1	1	1/4	1/4	1		-2	70	Bb4	4	395
26	26	129	1.0	5/4	5/4	3/2	2	1	1/4	1/4	1		-2	70	Bb4	4	401
27	27	130	3.0	0	0	4/4	3	1	3/4	1/2	3/2	1	1	43	G2	2	416
27	27	130	2.0	0	0	4/4	2	2	1/2	1/2	1		2	62	D4	4	414
27	27	130	1.0	0	0	4/4	2	1	1/4	1/4	1		-1	65	F4	4	411
27	27	130	1.0	0	0	4/4	1	1	1/4	1/4	1		-2	70	Bb4	4	408
27	27	131	1.0	1/4	1/4	4/4	2	1	1/4	1/4	1		6	66	F#4	4	412
27	27	131	1.0	1/4	1/4	4/4	1	1	1/4	1/4	1		-4	68	Ab4	4	409
27	27	132	2.0	1/2	1/2	4/4	2	2	1/2	1/2	1	1	-3	63	Eb4	4	415
27	27	132	2.0	1/2	1/2	4/4	1	1	1/2	1/2	1	1	1	67	G4	4	410
27	27	132	2.0	1/2	1/2	4/4	2	1	1/2	1/2	1	1	1	67	G4	4	413
27	27	133	1.0	3/4	3/4	4/4	3	1	1/4	1/4	1		6	42	F#2	2	417
28	28	134	4.0	0	0	4/4	3	1	1	1	1	-1	1	43	G2	2	426
28	28	134	1.0	0	0	4/4	2	1	1/4	1/4	1	-1	-3	63	Eb4	4	422
28	28	134	1.0	0	0	4/4	1	1	1/4	1/4	1	-1	1	67	G4	4	418
28	28	134	1.0	0	0	4/4	2	1	1/4	1/4	1	-1	1	67	G4	4	422
28	28	135	1.0	1/4	1/4	4/4	2	1	1/4	1/4	1		7	61	C#4	4	423
28	28	135	1.0	1/4	1/4	4/4	2	1	1/4	1/4	1		4	64	E4	4	423
28	28	135	1.0	1/4	1/4	4/4	1	1	1/4	1/4	1		-4	68	Ab4	4	419
28	28	136	1.0	1/2	1/2	4/4	2	1	1/4	1/4	1		2	62	D4	4	424
28	28	136	1.0	1/2	1/2	4/4	1	1	1/4	1/4	1		-1	65	F4	4	420
28	28	136	1.0	1/2	1/2	4/4	2	1	1/4	1/4	1		-1	65	F4	4	424
28	28	137	1.0	3/4	3/4	4/4	2	1	1/4	1/4	1		5	59	B3	3	425
28	28	137	1.0	3/4	3/4	4/4	1	1	1/4	1/4	1		2	62	D4	4	421
28	28	137	1.0	3/4	3/4	4/4	2	1	1/4	1/4	1		2	62	D4	4	425
29	29	138	3.0	0	0	3/2	3	1	3/4	1/2	3/2		1	43	G2	2	436
29	29	138	1.0	0	0	3/2	2	1	1/4	1/4	1		-3	63	Eb4	4	431
29	29	138	1.0	0	0	3/2	2	1	1/4	1/4	1		1	67	G4	4	431
29	29	138	3.0	0	0	3/2	1	1	3/4	1/2	3/2		1	67	G4	4	427
29	29	139	1.0	1/4	1/4	3/2	2	1	1/4	1/4	1		2	62	D4	4	432
29	29	139	1.0	1/4	1/4	3/2	2	1	1/4	1/4	1		6	66	F#4	4	432
29	29	140	1.0	1/2	1/2	3/2	2	1	1/4	1/4	1		-5	61	Db4	4	433
29	29	140	1.0	1/2	1/2	3/2	2	1	1/4	1/4	1		-1	65	F4	4	433
29	29	141	1.0	3/4	3/4	3/2	3	1	1/4	1/4	1		6	42	F#2	2	437
29	29	141	1.0	3/4	3/4	3/2	2	1	1/4	1/4	1		0	60	C4	4	434
29	29	141	1.0	3/4	3/4	3/2	2	1	1/4	1/4	1		-3	63	Eb4	4	434
29	29	141	1.0	3/4	3/4	3/2	1	1	1/4	1/4	1		-4	68	Ab4	4	428
29	29	142	2.0	1	1	3/2	3	1	1/2	1/2	1		-1	41	F2	2	438
29	29	142	2.0	1	1	3/2	2	1	1/2	1/2	1		-4	56	Ab3	3	435
29	29	142	2.0	1	1	3/2	2	1	1/2	1/2	1		-5	61	Db4	4	435
29	29	142	1.0	1	1	3/2	1	1	1/4	1/4	1		-1	65	F4	4	429
29	29	143	1.0	5/4	5/4	3/2	1	1	1/4	1/4	1		-5	61	Db4	4	430
30	30	144	4.0	0	0	3/2	3	1	1	1	1		1	43	G2	2	451
30	30	144	4.0	0	0	3/2	3	1	1	1	1		-3	51	Eb3	3	451
30	30	144	6.0	0	0	3/2	3	2	3/2	1	3/2		1	55	G3	3	453
30	30	144	1.0	0	0	3/2	1	1	1/4	1/4	1		-5	61	Db4	4	439
30	30	144	1.0	0	0	3/2	2	1	1/4	1/4	1		-5	61	Db4	4	445
30	30	145	1.0	1/4	1/4	3/2	1	1	1/4	1/4	1		0	60	C4	4	440
30	30	145	1.0	1/4	1/4	3/2	2	1	1/4	1/4	1		0	60	C4	4	446
30	30	146	1.0	1/2	1/2	3/2	1	1	1/4	1/4	1		-5	61	Db4	4	441
30	30	146	1.0	1/2	1/2	3/2	2	1	1/4	1/4	1		-5	61	Db4	4	447
30	30	147	1.0	3/4	3/4	3/2	1	1	1/4	1/4	1		0	60	C4	4	442
30	30	147	1.0	3/4	3/4	3/2	2	1	1/4	1/4	1		0	60	C4	4	448
30	30	148	2.0	1	1	3/2	3	1	1/2	1/2	1		1	31	G1	1	452
30	30	148	2.0	1	1	3/2	3	1	1/2	1/2	1		2	50	D3	3	452
30	30	148	1.0	1	1	3/2	1	1	1/4	1/4	1		0	60	C4	4	443
30	30	148	1.0	1	1	3/2	2	1	1/4	1/4	1		0	60	C4	4	449
30	30	149	1.0	5/4	5/4	3/2	1	1	1/4	1/4	1		5	59	B3	3	444
30	30	149	1.0	5/4	5/4	3/2	2	1	1/4	1/4	1		5	59	B3	3	450
31	31	150	4.0	0	0	3/2	3	1	1	1	1		-3	51	Eb3	3	467
31	31	150	1.0	0	0	3/2	2	2	1/4	1/4	1		-3	63	Eb4	4	461
31	31	150	3.0	0	0	3/2	1	1	3/4	1/2	3/2		1	67	G4	4	454
31	31	150	4.0	0	0	3/2	2	1	1	1	1	1	1	67	G4	4	458
31	31	151	1.0	1/4	1/4	3/2	2	2	1/4	1/4	1		2	62	D4	4	462
31	31	152	1.0	1/2	1/2	3/2	2	2	1/4	1/4	1		-5	61	Db4	4	463
31	31	153	1.0	3/4	3/4	3/2	2	2	1/4	1/4	1		0	60	C4	4	464
31	31	153	1.0	3/4	3/4	3/2	1	1	1/4	1/4	1		1	67	G4	4	455
31	31	154	2.0	1	1	3/2	3	1	1/2	1/2	1		-4	44	Ab2	2	468
31	31	154	1.0	1	1	3/2	2	2	1/4	1/4	1		5	59	B3	3	465
31	31	154	1.0	1	1	3/2	1	1	1/4	1/4	1		1	67	G4	4	456
31	31	154	1.0	1	1	3/2	2	1	1/4	1/4	1	-1	1	67	G4	4	459
31	31	155	1.0	5/4	5/4	3/2	2	2	1/4	1/4	1		0	60	C4	4	466
31	31	155	1.0	5/4	5/4	3/2	1	1	1/4	1/4	1		-1	65	F4	4	457
31	31	155	1.0	5/4	5/4	3/2	2	1	1/4	1/4	1		-1	65	F4	4	460
32	32	156	2.0	0	0	3/2	3	2	1/2	1/2	1		-1	41	F2	2	485
32	32	156	1.0	0	0	3/2	3	1	1/4	1/4	1		1	55	G3	3	479
32	32	156	1.0	0	0	3/2	1	1	1/4	1/4	1		-3	63	Eb4	4	469
32	32	156	1.0	0	0	3/2	2	1	1/4	1/4	1		-3	63	Eb4	4	474
32	32	157	1.0	1/4	1/4	3/2	3	1	1/4	1/4	1		-4	56	Ab3	3	480
32	32	157	1.0	1/4	1/4	3/2	1	1	1/4	1/4	1		2	62	D4	4	470
32	32	157	1.0	1/4	1/4	3/2	2	1	1/4	1/4	1		2	62	D4	4	475
32	32	158	4.0	1/2	1/2	3/2	3	2	1	1	1		1	43	G2	2	486
32	32	158	1.0	1/2	1/2	3/2	3	1	1/4	1/4	1		2	50	D3	3	481
32	32	158	2.0	1/2	1/2	3/2	1	1	1/2	1/2	1		1	55	G3	3	471
32	32	158	2.0	1/2	1/2	3/2	2	1	1/2	1/2	1		1	55	G3	3	476
32	32	159	1.0	3/4	3/4	3/2	3	1	1/4	1/4	1		-3	51	Eb3	3	482
32	32	160	1.0	1	1	3/2	3	1	1/4	1/4	1		-1	53	F3	3	483
32	32	160	1.0	1	1	3/2	1	1	1/4	1/4	1		3	57	A3	3	472
32	32	160	1.0	1	1	3/2	2	1	1/4	1/4	1		3	57	A3	3	477
32	32	161	1.0	5/4	5/4	3/2	3	1	1/4	1/4	1		2	50	D3	3	484
32	32	161	1.0	5/4	5/4	3/2	1	1	1/4	1/4	1		5	59	B3	3	473
32	32	161	1.0	5/4	5/4	3/2	2	1	1/4	1/4	1		5	59	B3	3	478
33	33	162	1.0	0	0	4/4	3	3	1/4	1/4	1		0	36	C2	2	497
33	33	162	4.0	0	0	4/4	3	2	1	1	1		1	43	G2	2	496
33	33	162	0.5	0	0	4/4	2	1	1/8	1/8	1		1	55	G3	3	488
33	33	162	4.0	0	0	4/4	3	2	1	1	1		1	55	G3	3	496
33	33	162	1.0	0	0	4/4	1	1	1/4	1/4	1		0	60	C4	4	487
33	33	325/2	0.5	1/8	1/8	4/4	2	1	1/8	1/8	1		0	60	C4	4	489
33	33	163	1.0	1/4	1/4	4/4	3	3	1/4	1/4	1		1	31	G1	1	498
33	33	163	0.5	1/4	1/4	4/4	2	1	1/8	1/8	1		0	60	C4	4	490
33	33	327/2	0.5	3/8	3/8	4/4	2	1	1/8	1/8	1		2	62	D4	4	491
33	33	164	2.0	1/2	1/2	4/4	2	1	1/2	1/2	1	1	2	62	D4	4	492
33	33	329/2	0.5	5/8	5/8	4/4	3	1	1/8	1/8	1		0	60	C4	4	493
33	33	165	1.0	3/4	3/4	4/4	3	3	1/4	1/4	1		1	31	G1	1	499
33	33	165	0.5	3/4	3/4	4/4	3	1	1/8	1/8	1		5	59	B3	3	494
33	33	331/2	0.5	7/8	7/8	4/4	3	1	1/8	1/8	1		3	57	A3	3	495
34	34	166	1.0	0	0	4/4	3	2	1/4	1/4	1		0	36	C2	2	509
34	34	166	2.0	0	0	4/4	3	1	1/2	1/2	1		5	59	B3	3	505
34	34	166	0.5	0	0	4/4	2	1	1/8	1/8	1	-1	2	62	D4	4	500
34	34	333/2	0.5	1/8	1/8	4/4	2	1	1/8	1/8	1		1	67	G4	4	501
34	34	167	1.0	1/4	1/4	4/4	3	2	1/4	1/4	1		1	31	G1	1	510
34	34	167	0.5	1/4	1/4	4/4	2	1	1/8	1/8	1		1	67	G4	4	502
34	34	335/2	0.5	3/8	3/8	4/4	2	1	1/8	1/8	1		2	62	D4	4	503
34	34	168	2.0	1/2	1/2	4/4	2	1	1/2	1/2	1	1	-3	63	Eb4	4	504
34	34	337/2	0.5	5/8	5/8	4/4	3	1	1/8	1/8	1		2	62	D4	4	506
34	34	169	1.0	3/4	3/4	4/4	3	2	1/4	1/4	1		1	31	G1	1	511
34	34	169	0.5	3/4	3/4	4/4	3	1	1/8	1/8	1		0	60	C4	4	507
34	34	339/2	0.5	7/8	7/8	4/4	3	1	1/8	1/8	1		5	59	B3	3	508
35	35	170	1.0	0	0	4/4	3	2	1/4	1/4	1		-3	39	Eb2	2	522
35	35	170	2.0	0	0	4/4	3	1	1/2	1/2	1	1	0	60	C4	4	520
35	35	170	0.5	0	0	4/4	2	1	1/8	1/8	1	-1	-3	63	Eb4	4	512
35	35	341/2	0.5	1/8	1/8	4/4	2	1	1/8	1/8	1		1	67	G4	4	513
35	35	171	1.0	1/4	1/4	4/4	3	2	1/4	1/4	1		0	36	C2	2	523
35	35	171	0.5	1/4	1/4	4/4	2	1	1/8	1/8	1		-4	68	Ab4	4	514
35	35	343/2	0.5	3/8	3/8	4/4	2	1	1/8	1/8	1		-2	70	Bb4	4	515
35	35	172	1.0	1/2	1/2	4/4	3	2	1/4	1/4	1		-1	41	F2	2	524
35	35	172	2.0	1/2	1/2	4/4	3	1	1/2	1/2	1	-1	0	60	C4	4	521
35	35	172	0.5	1/2	1/2	4/4	2	1	1/8	1/8	1		0	72	C5	5	516
35	35	345/2	0.5	5/8	5/8	4/4	2	1	1/8	1/8	1		-2	70	Bb4	4	517
35	35	173	1.0	3/4	3/4	4/4	3	2	1/4	1/4	1		0	36	C2	2	525
35	35	173	0.5	3/4	3/4	4/4	2	1	1/8	1/8	1		-4	68	Ab4	4	518
35	35	347/2	0.5	7/8	7/8	4/4	2	1	1/8	1/8	1		-1	65	F4	4	519
36	36	174	1.0	0	0	4/4	3	1	1/4	1/4	1		-3	51	Eb3	3	533
36	36	174	2.0	0	0	4/4	2	2	1/2	1/2	1		0	60	C4	4	531
36	36	174	2.0	0	0	4/4	2	1	1/2	1/2	1	1	1	67	G4	4	526
36	36	175	1.0	1/4	1/4	4/4	3	1	1/4	1/4	1		0	48	C3	3	534
36	36	176	1.0	1/2	1/2	4/4	3	1	1/4	1/4	1		2	50	D3	3	535
36	36	176	2.0	1/2	1/2	4/4	2	2	1/2	1/2	1		5	59	B3	3	532
36	36	176	0.5	1/2	1/2	4/4	2	1	1/8	1/8	1	-1	1	67	G4	4	527
36	36	353/2	0.5	5/8	5/8	4/4	2	1	1/8	1/8	1		-1	65	F4	4	528
36	36	177	1.0	3/4	3/4	4/4	3	1	1/4	1/4	1		1	43	G2	2	536
36	36	177	0.5	3/4	3/4	4/4	2	1	1/8	1/8	1		1	67	G4	4	529
36	36	355/2	0.5	7/8	7/8	4/4	2	1	1/8	1/8	1		-1	65	F4	4	530
37	37	178	1.0	0	0	4/4	3	1	1/4	1/4	1		0	48	C3	3	547
37	37	178	2.0	0	0	4/4	2	2	1/2	1/2	1		0	60	C4	4	545
37	37	178	0.5	0	0	4/4	2	1	1/8	1/8	1		-1	65	F4	4	537
37	37	357/2	0.5	1/8	1/8	4/4	2	1	1/8	1/8	1		-3	63	Eb4	4	538
37	37	179	1.0	1/4	1/4	4/4	3	1	1/4	1/4	1		1	43	G2	2	548
37	37	179	0.5	1/4	1/4	4/4	2	1	1/8	1/8	1		-1	65	F4	4	539
37	37	359/2	0.5	3/8	3/8	4/4	2	1	1/8	1/8	1		-3	63	Eb4	4	540
37	37	180	1.0	1/2	1/2	4/4	3	1	1/4	1/4	1		5	47	B2	2	549
37	37	180	2.0	1/2	1/2	4/4	2	2	1/2	1/2	1		1	55	G3	3	546
37	37	180	0.5	1/2	1/2	4/4	2	1	1/8	1/8	1		-3	63	Eb4	4	541
37	37	361/2	0.5	5/8	5/8	4/4	2	1	1/8	1/8	1		2	62	D4	4	542
37	37	181	1.0	3/4	3/4	4/4	3	1	1/4	1/4	1		1	43	G2	2	550
37	37	181	0.5	3/4	3/4	4/4	2	1	1/8	1/8	1		-3	63	Eb4	4	543
37	37	363/2	0.5	7/8	7/8	4/4	2	1	1/8	1/8	1		2	62	D4	4	544
38	38	182	2.0	0	0	4/4	3	1	1/2	1/2	1		-3	51	Eb3	3	564
38	38	182	0.5	0	0	4/4	2	2	1/8	1/8	1		2	62	D4	4	556
38	38	182	2.0	0	0	4/4	2	1	1/2	1/2	1	1	1	67	G4	4	551
38	38	365/2	0.5	1/8	1/8	4/4	2	2	1/8	1/8	1		-5	61	Db4	4	557
38	38	183	0.5	1/4	1/4	4/4	2	2	1/8	1/8	1		-3	63	Eb4	4	558
38	38	367/2	0.5	3/8	3/8	4/4	2	2	1/8	1/8	1		-5	61	Db4	4	559
38	38	184	2.0	1/2	1/2	4/4	3	1	1/2	1/2	1		-4	44	Ab2	2	565
38	38	184	0.5	1/2	1/2	4/4	2	2	1/8	1/8	1		-5	61	Db4	4	560
38	38	184	0.5	1/2	1/2	4/4	2	1	1/8	1/8	1	-1	1	67	G4	4	552
38	38	369/2	0.5	5/8	5/8	4/4	2	2	1/8	1/8	1		0	60	C4	4	561
38	38	369/2	0.5	5/8	5/8	4/4	2	1	1/8	1/8	1		-4	68	Ab4	4	553
38	38	185	0.5	3/4	3/4	4/4	2	2	1/8	1/8	1		-2	58	Bb3	3	562
38	38	185	0.5	3/4	3/4	4/4	2	1	1/8	1/8	1		-2	70	Bb4	4	554
38	38	371/2	0.5	7/8	7/8	4/4	2	2	1/8	1/8	1		-4	56	Ab3	3	563
38	38	371/2	0.5	7/8	7/8	4/4	2	1	1/8	1/8	1		0	72	C5	5	555
39	39	186	2.0	0	0	4/4	3	2	1/2	1/2	1		2	50	D3	3	581
39	39	186	0.5	0	0	4/4	3	1	1/8	1/8	1		1	55	G3	3	576
39	39	186	2.0	0	0	4/4	2	2	1/2	1/2	1	1	0	60	C4	4	571
39	39	186	2.0	0	0	4/4	2	1	1/2	1/2	1	1	2	74	D5	5	566
39	39	373/2	0.5	1/8	1/8	4/4	3	1	1/8	1/8	1		6	54	F#3	3	577
39	39	187	0.5	1/4	1/4	4/4	3	1	1/8	1/8	1		1	55	G3	3	578
39	39	375/2	0.5	3/8	3/8	4/4	3	1	1/8	1/8	1		3	57	A3	3	579
39	39	188	2.0	1/2	1/2	4/4	3	2	1/2	1/2	1		1	43	G2	2	582
39	39	188	2.0	1/2	1/2	4/4	3	1	1/2	1/2	1		1	55	G3	3	580
39	39	188	0.5	1/2	1/2	4/4	2	2	1/8	1/8	1	-1	0	60	C4	4	572
39	39	188	0.5	1/2	1/2	4/4	2	1	1/8	1/8	1	-1	2	74	D5	5	567
39	39	377/2	0.5	5/8	5/8	4/4	2	2	1/8	1/8	1		5	59	B3	3	573
39	39	377/2	0.5	5/8	5/8	4/4	2	1	1/8	1/8	1		-3	75	Eb5	5	568
39	39	189	0.5	3/4	3/4	4/4	2	2	1/8	1/8	1		3	57	A3	3	574
39	39	189	0.5	3/4	3/4	4/4	2	1	1/8	1/8	1		-1	77	F5	5	569
39	39	379/2	0.5	7/8	7/8	4/4	2	2	1/8	1/8	1		1	55	G3	3	575
39	39	379/2	0.5	7/8	7/8	4/4	2	1	1/8	1/8	1		1	79	G5	5	570
40	40	190	1.0	0	0	3/2	3	2	1/4	1/4	1		0	48	C3	3	599
40	40	190	1.0	0	0	3/2	1	1	1/4	1/4	1		1	55	G3	3	583
40	40	190	2.0	0	0	3/2	3	1	1/2	1/2	1		1	55	G3	3	597
40	40	190	0.5	0	0	3/2	2	1	1/8	1/8	1		-1	77	F5	5	588
40	40	381/2	0.5	1/8	1/8	3/2	2	1	1/8	1/8	1		-3	75	Eb5	5	589
40	40	191	1.0	1/4	1/4	3/2	3	2	1/4	1/4	1		1	43	G2	2	600
40	40	191	1.0	1/4	1/4	3/2	1	1	1/4	1/4	1		0	60	C4	4	584
40	40	191	0.5	1/4	1/4	3/2	2	1	1/8	1/8	1		-3	75	Eb5	5	590
40	40	383/2	0.5	3/8	3/8	3/2	2	1	1/8	1/8	1		2	74	D5	5	591
40	40	192	1.0	1/2	1/2	3/2	3	2	1/4	1/4	1		0	48	C3	3	601
40	40	192	4.0	1/2	1/2	3/2	3	1	1	1	1		1	55	G3	3	598
40	40	192	1.0	1/2	1/2	3/2	1	1	1/4	1/4	1		2	62	D4	4	585
40	40	192	2.0	1/2	1/2	3/2	2	1	1/2	1/2	1	1	2	74	D5	5	592
40	40	193	1.0	3/4	3/4	3/2	3	2	1/4	1/4	1		1	43	G2	2	602
40	40	193	1.0	3/4	3/4	3/2	1	1	1/4	1/4	1		1	67	G4	4	586
40	40	194	2.0	1	1	3/2	1	1	1/2	1/2	1		2	62	D4	4	587
40	40	194	0.5	1	1	3/2	2	1	1/8	1/8	1	-1	2	74	D5	5	593
40	40	389/2	0.5	9/8	9/8	3/2	2	1	1/8	1/8	1		-3	75	Eb5	5	594
40	40	195	1.0	5/4	5/4	3/2	3	2	1/4	1/4	1		1	43	G2	2	603
40	40	195	0.5	5/4	5/4	3/2	2	1	1/8	1/8	1		-1	77	F5	5	595
40	40	391/2	0.5	11/8	11/8	3/2	2	1	1/8	1/8	1		1	79	G5	5	596
41	41	196	1.0	0	0	3/2	3	2	1/4	1/4	1		0	48	C3	3	620
41	41	196	1.0	0	0	3/2	1	1	1/4	1/4	1		1	55	G3	3	604
41	41	196	2.0	0	0	3/2	3	1	1/2	1/2	1		1	55	G3	3	618
41	41	196	0.5	0	0	3/2	2	1	1/8	1/8	1		-1	77	F5	5	609
41	41	393/2	0.5	1/8	1/8	3/2	2	1	1/8	1/8	1		-3	75	Eb5	5	610
41	41	197	1.0	1/4	1/4	3/2	3	2	1/4	1/4	1		1	43	G2	2	621
41	41	197	1.0	1/4	1/4	3/2	1	1	1/4	1/4	1		0	60	C4	4	605
41	41	197	0.5	1/4	1/4	3/2	2	1	1/8	1/8	1		-3	75	Eb5	5	611
41	41	395/2	0.5	3/8	3/8	3/2	2	1	1/8	1/8	1		2	74	D5	5	612
41	41	198	1.0	1/2	1/2	3/2	3	2	1/4	1/4	1		0	48	C3	3	622
41	41	198	4.0	1/2	1/2	3/2	3	1	1	1	1		1	55	G3	3	619
41	41	198	1.0	1/2	1/2	3/2	1	1	1/4	1/4	1		2	62	D4	4	606
41	41	198	2.0	1/2	1/2	3/2	2	1	1/2	1/2	1	1	2	74	D5	5	613
41	41	199	1.0	3/4	3/4	3/2	3	2	1/4	1/4	1		1	43	G2	2	623
41	41	199	1.0	3/4	3/4	3/2	1	1	1/4	1/4	1		1	67	G4	4	607
41	41	200	2.0	1	1	3/2	1	1	1/2	1/2	1		2	62	D4	4	608
41	41	200	0.5	1	1	3/2	2	1	1/8	1/8	1	-1	2	74	D5	5	614
41	41	401/2	0.5	9/8	9/8	3/2	2	1	1/8	1/8	1		-3	75	Eb5	5	615
41	41	201	1.0	5/4	5/4	3/2	3	2	1/4	1/4	1		1	43	G2	2	624
41	41	201	0.5	5/4	5/4	3/2	2	1	1/8	1/8	1		-1	77	F5	5	616
41	41	403/2	0.5	11/8	11/8	3/2	2	1	1/8	1/8	1		1	79	G5	5	617
42	42	202	1.0	0	0	4/4	3	1	1/4	1/4	1		0	48	C3	3	634
42	42	202	0.5	0	0	4/4	2	1	1/8	1/8	1		-1	77	F5	5	625
42	42	405/2	0.5	1/8	1/8	4/4	2	1	1/8	1/8	1		-3	75	Eb5	5	626
42	42	203	1.0	1/4	1/4	4/4	3	1	1/4	1/4	1		-3	51	Eb3	3	635
42	42	203	0.5	1/4	1/4	4/4	2	1	1/8	1/8	1		-1	77	F5	5	627
42	42	407/2	0.5	3/8	3/8	4/4	2	1	1/8	1/8	1		1	79	G5	5	628
42	42	204	1.0	1/2	1/2	4/4	3	1	1/4	1/4	1		-4	56	Ab3	3	636
42	42	204	2.0	1/2	1/2	4/4	2	2	1/2	1/2	1	1	0	72	C5	5	633
42	42	204	0.5	1/2	1/2	4/4	2	1	1/8	1/8	1		0	84	C6	6	629
42	42	409/2	0.5	5/8	5/8	4/4	2	1	1/8	1/8	1		-2	82	Bb5	5	630
42	42	205	1.0	3/4	3/4	4/4	3	1	1/4	1/4	1		-1	53	F3	3	637
42	42	205	0.5	3/4	3/4	4/4	2	1	1/8	1/8	1		-4	80	Ab5	5	631
42	42	411/2	0.5	7/8	7/8	4/4	2	1	1/8	1/8	1		-1	77	F5	5	632
43	43	206	1.0	0	0	4/4	3	1	1/4	1/4	1		-3	51	Eb3	3	645
43	43	206	2.0	0	0	4/4	2	2	1/2	1/2	1	-1	0	72	C5	5	643
43	43	206	2.0	0	0	4/4	2	1	1/2	1/2	1	1	1	79	G5	5	638
43	43	207	1.0	1/4	1/4	4/4	3	1	1/4	1/4	1		0	48	C3	3	646
43	43	208	1.0	1/2	1/2	4/4	3	1	1/4	1/4	1		5	47	B2	2	647
43	43	208	2.0	1/2	1/2	4/4	2	2	1/2	1/2	1		1	67	G4	4	644
43	43	208	0.5	1/2	1/2	4/4	2	1	1/8	1/8	1	-1	1	79	G5	5	639
43	43	417/2	0.5	5/8	5/8	4/4	2	1	1/8	1/8	1		-1	77	F5	5	640
43	43	209	1.0	3/4	3/4	4/4	3	1	1/4	1/4	1		1	43	G2	2	648
43	43	209	0.5	3/4	3/4	4/4	2	1	1/8	1/8	1		-3	75	Eb5	5	641
43	43	419/2	0.5	7/8	7/8	4/4	2	1	1/8	1/8	1		2	74	D5	5	642
44	44	210	1.0	0	0	4/4	1	1	1/4	1/4	1		1	67	G4	4	649
44	44	210	1.0	0	0	4/4	3	1	1/4	1/4	1		1	67	G4	4	661
44	44	210	0.5	0	0	4/4	2	1	1/8	1/8	1		-1	77	F5	5	653
44	44	421/2	0.5	1/8	1/8	4/4	2	1	1/8	1/8	1		-3	75	Eb5	5	654
44	44	211	1.0	1/4	1/4	4/4	3	1	1/4	1/4	1		1	55	G3	3	662
44	44	211	1.0	1/4	1/4	4/4	1	1	1/4	1/4	1		1	67	G4	4	650
44	44	211	0.5	1/4	1/4	4/4	2	1	1/8	1/8	1		-1	77	F5	5	655
44	44	423/2	0.5	3/8	3/8	4/4	2	1	1/8	1/8	1		-3	75	Eb5	5	656
44	44	212	1.0	1/2	1/2	4/4	1	1	1/4	1/4	1		-1	65	F4	4	651
44	44	212	1.0	1/2	1/2	4/4	3	1	1/4	1/4	1		-1	65	F4	4	663
44	44	212	0.5	1/2	1/2	4/4	2	1	1/8	1/8	1		-3	75	Eb5	5	657
44	44	425/2	0.5	5/8	5/8	4/4	2	1	1/8	1/8	1		2	74	D5	5	658
44	44	213	1.0	3/4	3/4	4/4	3	1	1/4	1/4	1		1	55	G3	3	664
44	44	213	1.0	3/4	3/4	4/4	1	1	1/4	1/4	1		-1	65	F4	4	652
44	44	213	0.5	3/4	3/4	4/4	2	1	1/8	1/8	1		-3	75	Eb5	5	659
44	44	427/2	0.5	7/8	7/8	4/4	2	1	1/8	1/8	1		2	74	D5	5	660
45	45	214	1.0	0	0	4/4	3	1	1/4	1/4	1		-3	63	Eb4	4	673
45	45	214	2.0	0	0	4/4	1	1	1/2	1/2	1		-3	63	Eb4	4	665
45	45	214	4.0	0	0	4/4	2	2	1	1	1		1	67	G4	4	672
45	45	214	2.0	0	0	4/4	2	1	1/2	1/2	1	1	1	79	G5	5	667
45	45	215	1.0	1/4	1/4	4/4	3	1	1/4	1/4	1		1	55	G3	3	674
45	45	216	1.0	1/2	1/2	4/4	3	1	1/4	1/4	1		2	62	D4	4	675
45	45	216	2.0	1/2	1/2	4/4	1	1	1/2	1/2	1		2	62	D4	4	666
45	45	216	0.5	1/2	1/2	4/4	2	1	1/8	1/8	1	-1	1	79	G5	5	668
45	45	433/2	0.5	5/8	5/8	4/4	2	1	1/8	1/8	1		-4	80	Ab5	5	669
45	45	217	1.0	3/4	3/4	4/4	3	1	1/4	1/4	1		1	55	G3	3	676
45	45	217	0.5	3/4	3/4	4/4	2	1	1/8	1/8	1		-1	77	F5	5	670
45	45	435/2	0.5	7/8	7/8	4/4	2	1	1/8	1/8	1		2	74	D5	5	671
46	46	218	1.0	0	0	4/4	1	1	1/4	1/4	1		1	67	G4	4	677
46	46	218	1.0	0	0	4/4	3	1	1/4	1/4	1		1	67	G4	4	689
46	46	218	0.5	0	0	4/4	2	1	1/8	1/8	1		2	74	D5	5	681
46	46	437/2	0.5	1/8	1/8	4/4	2	1	1/8	1/8	1		-3	75	Eb5	5	682
46	46	219	1.0	1/4	1/4	4/4	3	1	1/4	1/4	1		1	55	G3	3	690
46	46	219	1.0	1/4	1/4	4/4	1	1	1/4	1/4	1		1	67	G4	4	678
46	46	219	0.5	1/4	1/4	4/4	2	1	1/8	1/8	1		-1	77	F5	5	683
46	46	439/2	0.5	3/8	3/8	4/4	2	1	1/8	1/8	1		1	79	G5	5	684
46	46	220	1.0	1/2	1/2	4/4	1	1	1/4	1/4	1		-1	65	F4	4	679
46	46	220	1.0	1/2	1/2	4/4	3	1	1/4	1/4	1		-1	65	F4	4	691
46	46	220	0.5	1/2	1/2	4/4	2	1	1/8	1/8	1		-2	82	Bb5	5	685
46	46	441/2	0.5	5/8	5/8	4/4	2	1	1/8	1/8	1		-4	80	Ab5	5	686
46	46	221	1.0	3/4	3/4	4/4	3	1	1/4	1/4	1		1	55	G3	3	692
46	46	221	1.0	3/4	3/4	4/4	1	1	1/4	1/4	1		-1	65	F4	4	680
46	46	221	0.5	3/4	3/4	4/4	2	1	1/8	1/8	1		-1	77	F5	5	687
46	46	443/2	0.5	7/8	7/8	4/4	2	1	1/8	1/8	1		-5	73	Db5	5	688
47	47	222	1.0	0	0	4/4	3	1	1/4	1/4	1		-3	63	Eb4	4	703
47	47	222	2.0	0	0	4/4	1	1	1/2	1/2	1		-3	63	Eb4	4	693
47	47	222	0.5	0	0	4/4	2	1	1/8	1/8	1		-5	73	Db5	5	695
47	47	445/2	0.5	1/8	1/8	4/4	2	1	1/8	1/8	1		0	72	C5	5	696
47	47	223	1.0	1/4	1/4	4/4	3	1	1/4	1/4	1		1	55	G3	3	704
47	47	223	0.5	1/4	1/4	4/4	2	1	1/8	1/8	1		-5	73	Db5	5	697
47	47	447/2	0.5	3/8	3/8	4/4	2	1	1/8	1/8	1		0	72	C5	5	698
47	47	224	1.0	1/2	1/2	4/4	3	1	1/4	1/4	1		2	62	D4	4	705
47	47	224	2.0	1/2	1/2	4/4	1	1	1/2	1/2	1		2	62	D4	4	694
47	47	224	0.5	1/2	1/2	4/4	2	1	1/8	1/8	1		0	72	C5	5	699
47	47	449/2	0.5	5/8	5/8	4/4	2	1	1/8	1/8	1		5	71	B4	4	700
47	47	225	1.0	3/4	3/4	4/4	3	1	1/4	1/4	1		1	55	G3	3	706
47	47	225	0.5	3/4	3/4	4/4	2	1	1/8	1/8	1		0	72	C5	5	701
47	47	451/2	0.5	7/8	7/8	4/4	2	1	1/8	1/8	1		5	71	B4	4	702
48	48	226	6.0	0	0	3/2	3	2	3/2	1	3/2		1	55	G3	3	732
48	48	226	1.0	0	0	3/2	1	1	1/4	1/4	1		2	62	D4	4	707
48	48	226	4.0	0	0	3/2	3	1	1	1	1	1	2	62	D4	4	727
48	48	226	2.0	0	0	3/2	2	2	1/2	1/2	1		-2	70	Bb4	4	724
48	48	226	0.5	0	0	3/2	2	1	1/8	1/8	1		2	74	D5	5	712
48	48	453/2	0.5	1/8	1/8	3/2	2	1	1/8	1/8	1		-3	75	Eb5	5	713
48	48	227	1.0	1/4	1/4	3/2	1	1	1/4	1/4	1		1	67	G4	4	708
48	48	227	0.5	1/4	1/4	3/2	2	1	1/8	1/8	1		-1	77	F5	5	714
48	48	455/2	0.5	3/8	3/8	3/2	2	1	1/8	1/8	1		1	79	G5	5	715
48	48	228	1.0	1/2	1/2	3/2	1	1	1/4	1/4	1		3	69	A4	4	709
48	48	228	2.0	1/2	1/2	3/2	2	2	1/2	1/2	1		3	69	A4	4	725
48	48	228	0.5	1/2	1/2	3/2	2	1	1/8	1/8	1		-1	77	F5	5	716
48	48	457/2	0.5	5/8	5/8	3/2	2	1	1/8	1/8	1		-3	75	Eb5	5	717
48	48	229	1.0	3/4	3/4	3/2	1	1	1/4	1/4	1		2	74	D5	5	710
48	48	229	0.5	3/4	3/4	3/2	2	1	1/8	1/8	1		-3	75	Eb5	5	718
48	48	459/2	0.5	7/8	7/8	3/2	2	1	1/8	1/8	1		2	74	D5	5	719
48	48	230	0.5	1	1	3/2	3	1	1/8	1/8	1	-1	2	62	D4	4	728
48	48	230	0.5	1	1	3/2	2	1	1/8	1/8	1		3	69	A4	4	720
48	48	230	2.0	1	1	3/2	1	1	1/2	1/2	1		3	69	A4	4	711
48	48	230	2.0	1	1	3/2	2	2	1/2	1/2	1		2	74	D5	5	726
48	48	461/2	0.5	9/8	9/8	3/2	3	1	1/8	1/8	1		3	69	A4	4	729
48	48	461/2	0.5	9/8	9/8	3/2	2	1	1/8	1/8	1		0	72	C5	5	721
48	48	231	0.5	5/4	5/4	3/2	3	1	1/8	1/8	1		3	69	A4	4	730
48	48	231	0.5	5/4	5/4	3/2	2	1	1/8	1/8	1		0	72	C5	5	722
48	48	463/2	0.5	11/8	11/8	3/2	3	1	1/8	1/8	1		-3	63	Eb4	4	731
48	48	463/2	0.5	11/8	11/8	3/2	2	1	1/8	1/8	1		3	69	A4	4	723
49	49	232	6.0	0	0	3/2	3	2	3/2	1	3/2		1	55	G3	3	758
49	49	232	1.0	0	0	3/2	1	1	1/4	1/4	1		2	62	D4	4	733
49	49	232	4.0	0	0	3/2	3	1	1	1	1	1	2	62	D4	4	753
49	49	232	2.0	0	0	3/2	2	2	1/2	1/2	1		-2	70	Bb4	4	750
49	49	232	0.5	0	0	3/2	2	1	1/8	1/8	1		2	74	D5	5	738
49	49	465/2	0.5	1/8	1/8	3/2	2	1	1/8	1/8	1		-3	75	Eb5	5	739
49	49	233	1.0	1/4	1/4	3/2	1	1	1/4	1/4	1		1	67	G4	4	734
49	49	233	0.5	1/4	1/4	3/2	2	1	1/8	1/8	1		-1	77	F5	5	740
49	49	467/2	0.5	3/8	3/8	3/2	2	1	1/8	1/8	1		1	79	G5	5	741
49	49	234	1.0	1/2	1/2	3/2	1	1	1/4	1/4	1		3	69	A4	4	735
49	49	234	2.0	1/2	1/2	3/2	2	2	1/2	1/2	1		3	69	A4	4	751
49	49	234	0.5	1/2	1/2	3/2	2	1	1/8	1/8	1		-1	77	F5	5	742
49	49	469/2	0.5	5/8	5/8	3/2	2	1	1/8	1/8	1		-3	75	Eb5	5	743
49	49	235	1.0	3/4	3/4	3/2	1	1	1/4	1/4	1		2	74	D5	5	736
49	49	235	0.5	3/4	3/4	3/2	2	1	1/8	1/8	1		-3	75	Eb5	5	744
49	49	471/2	0.5	7/8	7/8	3/2	2	1	1/8	1/8	1		2	74	D5	5	745
49	49	236	0.5	1	1	3/2	3	1	1/8	1/8	1	-1	2	62	D4	4	754
49	49	236	0.5	1	1	3/2	2	1	1/8	1/8	1		3	69	A4	4	746
49	49	236	2.0	1	1	3/2	1	1	1/2	1/2	1		3	69	A4	4	737
49	49	236	2.0	1	1	3/2	2	2	1/2	1/2	1		2	74	D5	5	752
49	49	473/2	0.5	9/8	9/8	3/2	3	1	1/8	1/8	1		3	69	A4	4	755
49	49	473/2	0.5	9/8	9/8	3/2	2	1	1/8	1/8	1		0	72	C5	5	747
49	49	237	0.5	5/4	5/4	3/2	3	1	1/8	1/8	1		3	69	A4	4	756
49	49	237	0.5	5/4	5/4	3/2	2	1	1/8	1/8	1		0	72	C5	5	748
49	49	475/2	0.5	11/8	11/8	3/2	3	1	1/8	1/8	1		-3	63	Eb4	4	757
49	49	475/2	0.5	11/8	11/8	3/2	2	1	1/8	1/8	1		3	69	A4	4	749
50	50	238	6.0	0	0	3/2	3	2	3/2	1	3/2		1	55	G3	3	782
50	50	238	1.0	0	0	3/2	1	1	1/4	1/4	1		2	62	D4	4	759
50	50	238	2.0	0	0	3/2	3	1	1/2	1/2	1		2	62	D4	4	779
50	50	238	2.0	0	0	3/2	2	2	1/2	1/2	1		-2	70	Bb4	4	777
50	50	238	0.5	0	0	3/2	2	1	1/8	1/8	1		2	74	D5	5	765
50	50	477/2	0.5	1/8	1/8	3/2	2	1	1/8	1/8	1		-3	75	Eb5	5	766
50	50	239	1.0	1/4	1/4	3/2	1	1	1/4	1/4	1		-1	65	F4	4	760
50	50	239	0.5	1/4	1/4	3/2	2	1	1/8	1/8	1		-1	77	F5	5	767
50	50	479/2	0.5	3/8	3/8	3/2	2	1	1/8	1/8	1		1	79	G5	5	768
50	50	240	1.0	1/2	1/2	3/2	1	1	1/4	1/4	1		1	67	G4	4	761
50	50	240	2.0	1/2	1/2	3/2	3	1	1/2	1/2	1		1	67	G4	4	780
50	50	240	2.0	1/2	1/2	3/2	2	2	1/2	1/2	1		5	71	B4	4	778
50	50	240	0.5	1/2	1/2	3/2	2	1	1/8	1/8	1		-3	75	Eb5	5	769
50	50	240	0.5	1/2	1/2	3/2	2	1	1/8	1/8	1		-4	80	Ab5	5	769
50	50	481/2	0.5	5/8	5/8	3/2	2	1	1/8	1/8	1		1	79	G5	5	770
50	50	241	1.0	3/4	3/4	3/2	1	1	1/4	1/4	1		-1	65	F4	4	762
50	50	241	0.5	3/4	3/4	3/2	2	1	1/8	1/8	1		1	79	G5	5	771
50	50	483/2	0.5	7/8	7/8	3/2	2	1	1/8	1/8	1		-1	77	F5	5	772
50	50	242	1.0	1	1	3/2	1	1	1/4	1/4	1		-3	63	Eb4	4	763
50	50	242	2.0	1	1	3/2	3	1	1/2	1/2	1		-1	65	F4	4	781
50	50	242	0.5	1	1	3/2	2	1	1/8	1/8	1		5	71	B4	4	773
50	50	242	0.5	1	1	3/2	2	1	1/8	1/8	1		-1	77	F5	5	773
50	50	485/2	0.5	9/8	9/8	3/2	2	1	1/8	1/8	1		-3	75	Eb5	5	774
50	50	243	1.0	5/4	5/4	3/2	1	1	1/4	1/4	1		2	62	D4	4	764
50	50	243	0.5	5/4	5/4	3/2	2	1	1/8	1/8	1		-3	75	Eb5	5	775
50	50	487/2	0.5	11/8	11/8	3/2	2	1	1/8	1/8	1		2	74	D5	5	776
51	51	244	4.0	0	0	3/2	3	2	1	1	1		-4	56	Ab3	3	791
51	51	244	2.0	0	0	3/2	1	1	1/2	1/2	1		2	62	D4	4	783
51	51	244	2.0	0	0	3/2	3	1	1/2	1/2	1		-1	65	F4	4	789
51	51	244	2.0	0	0	3/2	2	1	1/2	1/2	1		5	71	B4	4	785
51	51	244	2.0	0	0	3/2	2	1	1/2	1/2	1		2	74	D5	5	785
51	51	246	2.0	1/2	1/2	3/2	1	1	1/2	1/2	1		0	60	C4	4	784
51	51	246	2.0	1/2	1/2	3/2	3	1	1/2	1/2	1		-3	63	Eb4	4	790
51	51	246	2.0	1/2	1/2	3/2	2	1	1/2	1/2	1		0	72	C5	5	786
51	51	248	1.0	1	1	3/2	2	1	1/4	1/4	1		0	72	C5	5	787
51	51	249	1.0	5/4	5/4	3/2	2	1	1/4	1/4	1		-3	75	Eb5	5	788
52	52	250	6.0	0	0	3/2	3	2	3/2	1	3/2		-4	56	Ab3	3	802
52	52	250	2.0	0	0	3/2	3	1	1/2	1/2	1		4	64	E4	4	800
52	52	250	2.0	0	0	3/2	2	2	1/2	1/2	1		0	72	C5	5	798
52	52	250	1.0	0	0	3/2	2	1	1/4	1/4	1		-4	80	Ab5	5	792
52	52	251	1.0	1/4	1/4	3/2	2	1	1/4	1/4	1		1	79	G5	5	793
52	52	252	4.0	1/2	1/2	3/2	3	1	1	1	1		-1	65	F4	4	801
52	52	252	4.0	1/2	1/2	3/2	2	2	1	1	1		-5	73	Db5	5	799
52	52	252	1.0	1/2	1/2	3/2	2	1	1/4	1/4	1		-1	77	F5	5	794
52	52	253	1.0	3/4	3/4	3/2	2	1	1/4	1/4	1		-4	80	Ab5	5	795
52	52	254	1.0	1	1	3/2	2	1	1/4	1/4	1		-5	85	Db6	6	796
52	52	255	1.0	5/4	5/4	3/2	2	1	1/4	1/4	1		0	84	C6	6	797
53	53	256	6.0	0	0	3/2	3	2	3/2	1	3/2		-4	56	Ab3	3	811
53	53	256	4.0	0	0	3/2	3	1	1	1	1		1	67	G4	4	808
53	53	256	6.0	0	0	3/2	2	2	3/2	1	3/2		-5	73	Db5	5	807
53	53	256	6.0	0	0	3/2	2	2	3/2	1	3/2		-8	76	Fb5	5	807
53	53	256	2.0	0	0	3/2	2	1	1/2	1/2	1		0	84	C6	6	803
53	53	258	2.0	1/2	1/2	3/2	2	1	1/2	1/2	1		-2	82	Bb5	5	804
53	53	260	1.0	1	1	3/2	3	1	1/4	1/4	1		-4	68	Ab4	4	809
53	53	260	1.0	1	1	3/2	2	1	1/4	1/4	1		-1	77	F5	5	805
53	53	260	1.0	1	1	3/2	2	1	1/4	1/4	1		-4	80	Ab5	5	805
53	53	261	1.0	5/4	5/4	3/2	3	1	1/4	1/4	1		1	67	G4	4	810
53	53	261	1.0	5/4	5/4	3/2	2	1	1/4	1/4	1		-8	76	Fb5	5	806
53	53	261	1.0	5/4	5/4	3/2	2	1	1/4	1/4	1		-2	82	Bb5	5	806
54	54	262	4.0	0	0	3/2	3	2	1	1	1		-4	56	Ab3	3	823
54	54	262	2.0	0	0	3/2	3	1	1/2	1/2	1		-8	64	Fb4	4	821
54	54	262	2.0	0	0	3/2	2	3	1/2	1/2	1		2	74	D5	5	819
54	54	262	4.0	0	0	3/2	2	2	1	1	1		-4	80	Ab5	5	818
54	54	262	2.0	0	0	3/2	2	1	1/2	1/2	1		5	83	B5	5	814
54	54	264	2.0	1/2	1/2	3/2	3	1	1/2	1/2	1		-3	63	Eb4	4	822
54	54	264	2.0	1/2	1/2	3/2	2	3	1/2	1/2	1		-3	75	Eb5	5	820
54	54	264	2.0	1/2	1/2	3/2	2	1	1/2	1/2	1		0	84	C6	6	815
54	54	266	1.0	1	1	3/2	1	1	1/4	1/4	1		-4	68	Ab4	4	812
54	54	266	1.0	1	1	3/2	2	1	1/4	1/4	1		-4	80	Ab5	5	816
54	54	267	1.0	5/4	5/4	3/2	1	1	1/4	1/4	1		-2	70	Bb4	4	813
54	54	267	1.0	5/4	5/4	3/2	2	1	1/4	1/4	1		-2	82	Bb5	5	817
55	55	268	4.0	0	0	3/2	3	2	1	1	1		1	55	G3	3	834
55	55	268	4.0	0	0	3/2	3	2	1	1	1		-2	58	Bb3	3	834
55	55	268	2.0	0	0	3/2	3	1	1/2	1/2	1		-1	65	F4	4	831
55	55	268	4.0	0	0	3/2	2	2	1	1	1		-2	70	Bb4	4	830
55	55	268	2.0	0	0	3/2	1	1	1/2	1/2	1		5	71	B4	4	824
55	55	268	2.0	0	0	3/2	2	1	1/2	1/2	1		5	83	B5	5	828
55	55	270	2.0	1/2	1/2	3/2	3	1	1/2	1/2	1		4	64	E4	4	832
55	55	270	2.0	1/2	1/2	3/2	1	1	1/2	1/2	1		0	72	C5	5	825
55	55	270	2.0	1/2	1/2	3/2	2	1	1/2	1/2	1		0	84	C6	6	829
55	55	272	2.0	1	1	3/2	3	2	1/2	1/2	1		-6	54	Gb3	3	835
55	55	272	2.0	1	1	3/2	3	1	1/2	1/2	1		-3	63	Eb4	4	833
55	55	272	1.0	1	1	3/2	1	1	1/4	1/4	1		-5	73	Db5	5	826
55	55	273	1.0	5/4	5/4	3/2	1	1	1/4	1/4	1		-3	75	Eb5	5	827
56	56	274	4.0	0	0	3/2	3	1	1	1	1		-1	29	F1	1	846
56	56	274	4.0	0	0	3/2	3	1	1	1	1		-1	41	F2	2	846
56	56	274	4.0	0	0	3/2	2	2	1	1	1	1	3	57	A3	3	843
56	56	274	6.0	0	0	3/2	2	1	3/2	1	3/2		-3	63	Eb4	4	842
56	56	274	1.0	0	0	3/2	1	1	1/4	1/4	1		-1	77	F5	5	836
56	56	275	1.0	1/4	1/4	3/2	1	1	1/4	1/4	1		4	76	E5	5	837
56	56	276	1.0	1/2	1/2	3/2	1	1	1/4	1/4	1		-1	77	F5	5	838
56	56	277	1.0	3/4	3/4	3/2	1	1	1/4	1/4	1		-3	75	Eb5	5	839
56	56	278	2.0	1	1	3/2	3	1	1/2	1/2	1		-6	30	Gb1	1	847
56	56	278	2.0	1	1	3/2	3	1	1/2	1/2	1		-6	42	Gb2	2	847
56	56	278	1.0	1	1	3/2	2	2	1/4	1/4	1	-1	3	57	A3	3	844
56	56	278	1.0	1	1	3/2	1	1	1/4	1/4	1		-3	75	Eb5	5	840
56	56	279	1.0	5/4	5/4	3/2	2	2	1/4	1/4	1		-2	58	Bb3	3	845
56	56	279	1.0	5/4	5/4	3/2	1	1	1/4	1/4	1		-5	73	Db5	5	841
57	57	280	6.0	0	0	3/2	3	1	3/2	1	3/2		1	31	G1	1	857
57	57	280	6.0	0	0	3/2	3	1	3/2	1	3/2		1	43	G2	2	857
57	57	280	2.0	0	0	3/2	2	1	1/2	1/2	1		-2	58	Bb3	3	854
57	57	280	2.0	0	0	3/2	2	1	1/2	1/2	1		-3	63	Eb4	4	854
57	57	280	1.0	0	0	3/2	1	1	1/4	1/4	1		-5	73	Db5	5	848
57	57	281	1.0	1/4	1/4	3/2	1	1	1/4	1/4	1		0	72	C5	5	849
57	57	282	2.0	1/2	1/2	3/2	2	1	1/2	1/2	1		-5	61	Db4	4	855
57	57	282	2.0	1/2	1/2	3/2	2	1	1/2	1/2	1		4	64	E4	4	855
57	57	282	1.0	1/2	1/2	3/2	1	1	1/4	1/4	1		-5	73	Db5	5	850
57	57	283	1.0	3/4	3/4	3/2	1	1	1/4	1/4	1		0	72	C5	5	851
57	57	284	2.0	1	1	3/2	2	1	1/2	1/2	1		2	62	D4	4	856
57	57	284	2.0	1	1	3/2	2	1	1/2	1/2	1		-1	65	F4	4	856
57	57	284	1.0	1	1	3/2	1	1	1/4	1/4	1		0	72	C5	5	852
57	57	285	1.0	5/4	5/4	3/2	1	1	1/4	1/4	1		-2	70	Bb4	4	853
58	58	286	3.0	0	0	4/4	3	1	3/4	1/2	3/2		1	31	G1	1	863
58	58	286	3.0	0	0	4/4	3	1	3/4	1/2	3/2		1	43	G2	2	863
58	58	286	2.0	0	0	4/4	2	1	1/2	1/2	1		-3	63	Eb4	4	861
58	58	286	2.0	0	0	4/4	2	1	1/2	1/2	1		6	66	F#4	4	861
58	58	286	1.0	0	0	4/4	1	1	1/4	1/4	1		-2	70	Bb4	4	858
58	58	287	1.0	1/4	1/4	4/4	1	1	1/4	1/4	1		-4	68	Ab4	4	859
58	58	288	2.0	1/2	1/2	4/4	2	1	1/2	1/2	1	1	4	64	E4	4	862
58	58	288	2.0	1/2	1/2	4/4	1	1	1/2	1/2	1	1	1	67	G4	4	860
58	58	288	2.0	1/2	1/2	4/4	2	1	1/2	1/2	1	1	1	67	G4	4	862
58	58	289	1.0	3/4	3/4	4/4	3	1	1/4	1/4	1		6	30	F#1	1	864
58	58	289	1.0	3/4	3/4	4/4	3	1	1/4	1/4	1		6	42	F#2	2	864
59	59	290	4.0	0	0	4/4	3	1	1	1	1		1	31	G1	1	873
59	59	290	4.0	0	0	4/4	3	1	1	1	1		1	43	G2	2	873
59	59	290	1.0	0	0	4/4	2	1	1/4	1/4	1	-1	4	64	E4	4	869
59	59	290	1.0	0	0	4/4	1	1	1/4	1/4	1	-1	1	67	G4	4	865
59	59	290	1.0	0	0	4/4	2	1	1/4	1/4	1	-1	1	67	G4	4	869
59	59	291	1.0	1/4	1/4	4/4	2	1	1/4	1/4	1		7	61	C#4	4	870
59	59	291	1.0	1/4	1/4	4/4	2	1	1/4	1/4	1		4	64	E4	4	870
59	59	291	1.0	1/4	1/4	4/4	1	1	1/4	1/4	1		-4	68	Ab4	4	866
59	59	292	1.0	1/2	1/2	4/4	2	1	1/4	1/4	1		2	62	D4	4	871
59	59	292	1.0	1/2	1/2	4/4	1	1	1/4	1/4	1		-1	65	F4	4	867
59	59	292	1.0	1/2	1/2	4/4	2	1	1/4	1/4	1		-1	65	F4	4	871
59	59	293	1.0	3/4	3/4	4/4	2	1	1/4	1/4	1		5	59	B3	3	872
59	59	293	1.0	3/4	3/4	4/4	1	1	1/4	1/4	1		2	62	D4	4	868
59	59	293	1.0	3/4	3/4	4/4	2	1	1/4	1/4	1		2	62	D4	4	872
60	60	294	4.0	0	0	3/2	3	1	1	1	1		1	31	G1	1	884
60	60	294	4.0	0	0	3/2	3	1	1	1	1		1	43	G2	2	884
60	60	294	1.0	0	0	3/2	2	1	1/4	1/4	1		-3	63	Eb4	4	878
60	60	294	1.0	0	0	3/2	2	1	1/4	1/4	1		1	67	G4	4	878
60	60	294	3.0	0	0	3/2	1	1	3/4	1/2	3/2		1	67	G4	4	874
60	60	295	1.0	1/4	1/4	3/2	2	1	1/4	1/4	1		2	62	D4	4	879
60	60	295	1.0	1/4	1/4	3/2	2	1	1/4	1/4	1		6	66	F#4	4	879
60	60	296	1.0	1/2	1/2	3/2	2	1	1/4	1/4	1		-5	61	Db4	4	880
60	60	296	1.0	1/2	1/2	3/2	2	1	1/4	1/4	1		-1	65	F4	4	880
60	60	297	1.0	3/4	3/4	3/2	2	1	1/4	1/4	1		0	60	C4	4	881
60	60	297	1.0	3/4	3/4	3/2	2	1	1/4	1/4	1		4	64	E4	4	881
60	60	297	1.0	3/4	3/4	3/2	1	1	1/4	1/4	1		-4	68	Ab4	4	875
60	60	298	2.0	1	1	3/2	3	1	1/2	1/2	1		-1	29	F1	1	885
60	60	298	2.0	1	1	3/2	3	1	1/2	1/2	1		-1	41	F2	2	885
60	60	298	1.0	1	1	3/2	2	1	1/4	1/4	1		-7	59	Cb4	4	882
60	60	298	1.0	1	1	3/2	2	1	1/4	1/4	1		-3	63	Eb4	4	882
60	60	298	1.0	1	1	3/2	1	1	1/4	1/4	1		-1	65	F4	4	876
60	60	299	1.0	5/4	5/4	3/2	2	1	1/4	1/4	1		-4	56	Ab3	3	883
60	60	299	1.0	5/4	5/4	3/2	1	1	1/4	1/4	1		-5	61	Db4	4	877
60	60	299	1.0	5/4	5/4	3/2	2	1	1/4	1/4	1		-5	61	Db4	4	883
61	61	300	6.0	0	0	3/2	3	3	3/2	1	3/2		1	43	G2	2	897
61	61	300	4.0	0	0	3/2	3	2	1	1	1		-3	51	Eb3	3	895
61	61	300	4.0	0	0	3/2	3	1	1	1	1	1	1	55	G3	3	892
61	61	300	1.0	0	0	3/2	1	1	1/4	1/4	1		-5	61	Db4	4	886
61	61	301	1.0	1/4	1/4	3/2	1	1	1/4	1/4	1		0	60	C4	4	887
61	61	302	1.0	1/2	1/2	3/2	1	1	1/4	1/4	1		-5	61	Db4	4	888
61	61	303	1.0	3/4	3/4	3/2	1	1	1/4	1/4	1		0	60	C4	4	889
61	61	304	2.0	1	1	3/2	3	2	1/2	1/2	1		2	50	D3	3	896
61	61	304	1.0	1	1	3/2	3	1	1/4	1/4	1	-1	1	55	G3	3	893
61	61	304	1.0	1	1	3/2	1	1	1/4	1/4	1		0	60	C4	4	890
61	61	305	1.0	5/4	5/4	3/2	1	1	1/4	1/4	1		5	59	B3	3	891
61	61	305	1.0	5/4	5/4	3/2	3	1	1/4	1/4	1		5	59	B3	3	894
62	62	306	4.0	0	0	3/2	3	1	1	1	1		-3	51	Eb3	3	907
62	62	306	1.0	0	0	3/2	2	1	1/4	1/4	1		-3	63	Eb4	4	901
62	62	306	4.0	0	0	3/2	1	1	1	1	1	1	1	67	G4	4	898
62	62	307	1.0	1/4	1/4	3/2	2	1	1/4	1/4	1		2	62	D4	4	902
62	62	308	1.0	1/2	1/2	3/2	2	1	1/4	1/4	1		-5	61	Db4	4	903
62	62	309	1.0	3/4	3/4	3/2	2	1	1/4	1/4	1		0	60	C4	4	904
62	62	310	2.0	1	1	3/2	3	1	1/2	1/2	1		-4	44	Ab2	2	908
62	62	310	1.0	1	1	3/2	2	1	1/4	1/4	1		5	59	B3	3	905
62	62	310	1.0	1	1	3/2	1	1	1/4	1/4	1	-1	1	67	G4	4	899
62	62	311	1.0	5/4	5/4	3/2	2	1	1/4	1/4	1		0	60	C4	4	906
62	62	311	1.0	5/4	5/4	3/2	1	1	1/4	1/4	1		-1	65	F4	4	900
63	63	312	2.0	0	0	3/2	3	2	1/2	1/2	1		-1	41	F2	2	920
63	63	312	1.0	0	0	3/2	3	1	1/4	1/4	1		1	55	G3	3	914
63	63	312	1.0	0	0	3/2	1	1	1/4	1/4	1		-3	63	Eb4	4	909
63	63	313	1.0	1/4	1/4	3/2	3	1	1/4	1/4	1		-4	56	Ab3	3	915
63	63	313	1.0	1/4	1/4	3/2	1	1	1/4	1/4	1		2	62	D4	4	910
63	63	314	4.0	1/2	1/2	3/2	3	2	1	1	1		1	43	G2	2	921
63	63	314	1.0	1/2	1/2	3/2	3	1	1/4	1/4	1		2	50	D3	3	916
63	63	314	2.0	1/2	1/2	3/2	1	1	1/2	1/2	1		1	55	G3	3	911
63	63	315	1.0	3/4	3/4	3/2	3	1	1/4	1/4	1		-3	51	Eb3	3	917
63	63	316	1.0	1	1	3/2	3	1	1/4	1/4	1		-1	53	F3	3	918
63	63	316	1.0	1	1	3/2	1	1	1/4	1/4	1		3	57	A3	3	912
63	63	317	1.0	5/4	5/4	3/2	3	1	1/4	1/4	1		2	50	D3	3	919
63	63	317	1.0	5/4	5/4	3/2	1	1	1/4	1/4	1		5	59	B3	3	913
64	64	318	1.0	0	0	3/2	3	2	1/4	1/4	1		0	36	C2	2	938
64	64	318	1.0	0	0	3/2	3	2	1/4	1/4	1		0	48	C3	3	938
64	64	318	0.5	0	0	3/2	2	1	1/8	1/8	1		1	55	G3	3	923
64	64	318	2.0	0	0	3/2	3	1	1/2	1/2	1		1	55	G3	3	936
64	64	318	2.0	0	0	3/2	1	1	1/2	1/2	1		0	60	C4	4	922
64	64	637/2	0.5	1/8	1/8	3/2	2	1	1/8	1/8	1		0	60	C4	4	924
64	64	319	1.0	1/4	1/4	3/2	3	2	1/4	1/4	1		1	43	G2	2	939
64	64	319	0.5	1/4	1/4	3/2	2	1	1/8	1/8	1		0	60	C4	4	925
64	64	639/2	0.5	3/8	3/8	3/2	2	1	1/8	1/8	1		2	62	D4	4	926
64	64	320	1.0	1/2	1/2	3/2	3	2	1/4	1/4	1		0	36	C2	2	940
64	64	320	1.0	1/2	1/2	3/2	3	2	1/4	1/4	1		0	48	C3	3	940
64	64	320	4.0	1/2	1/2	3/2	3	1	1	1	1		1	55	G3	3	937
64	64	320	2.0	1/2	1/2	3/2	2	2	1/2	1/2	1	1	2	62	D4	4	934
64	64	641/2	0.5	5/8	5/8	3/2	2	1	1/8	1/8	1		0	60	C4	4	927
64	64	321	1.0	3/4	3/4	3/2	3	2	1/4	1/4	1		1	43	G2	2	941
64	64	321	0.5	3/4	3/4	3/2	2	1	1/8	1/8	1		5	59	B3	3	928
64	64	643/2	0.5	7/8	7/8	3/2	2	1	1/8	1/8	1		3	57	A3	3	929
64	64	322	1.0	1	1	3/2	3	2	1/4	1/4	1		0	36	C2	2	942
64	64	322	1.0	1	1	3/2	3	2	1/4	1/4	1		0	48	C3	3	942
64	64	322	2.0	1	1	3/2	2	2	1/2	1/2	1		5	59	B3	3	935
64	64	322	0.5	1	1	3/2	2	1	1/8	1/8	1	-1	2	62	D4	4	930
64	64	645/2	0.5	9/8	9/8	3/2	2	1	1/8	1/8	1		1	67	G4	4	931
64	64	323	1.0	5/4	5/4	3/2	3	2	1/4	1/4	1		1	43	G2	2	943
64	64	323	0.5	5/4	5/4	3/2	2	1	1/8	1/8	1		1	67	G4	4	932
64	64	647/2	0.5	11/8	11/8	3/2	2	1	1/8	1/8	1		2	62	D4	4	933
65	65	324	1.0	0	0	4/4	3	3	1/4	1/4	1		0	36	C2	2	955
65	65	324	1.0	0	0	4/4	3	3	1/4	1/4	1		0	48	C3	3	955
65	65	324	0.5	0	0	4/4	3	1	1/8	1/8	1		1	55	G3	3	946
65	65	324	2.0	0	0	4/4	3	2	1/2	1/2	1		1	55	G3	3	953
65	65	324	2.0	0	0	4/4	2	1	1/2	1/2	1		-3	63	Eb4	4	944
65	65	649/2	0.5	1/8	1/8	4/4	3	1	1/8	1/8	1		0	60	C4	4	947
65	65	325	1.0	1/4	1/4	4/4	3	3	1/4	1/4	1		1	43	G2	2	956
65	65	325	0.5	1/4	1/4	4/4	3	1	1/8	1/8	1		0	60	C4	4	948
65	65	651/2	0.5	3/8	3/8	4/4	3	1	1/8	1/8	1		2	62	D4	4	949
65	65	326	1.0	1/2	1/2	4/4	3	3	1/4	1/4	1		0	36	C2	2	957
65	65	326	1.0	1/2	1/2	4/4	3	3	1/4	1/4	1		0	48	C3	3	957
65	65	326	2.0	1/2	1/2	4/4	3	2	1/2	1/2	1		1	55	G3	3	954
65	65	326	2.0	1/2	1/2	4/4	2	1	1/2	1/2	1	1	2	62	D4	4	945
65	65	653/2	0.5	5/8	5/8	4/4	3	1	1/8	1/8	1		0	60	C4	4	950
65	65	327	1.0	3/4	3/4	4/4	3	3	1/4	1/4	1		1	43	G2	2	958
65	65	327	0.5	3/4	3/4	4/4	3	1	1/8	1/8	1		5	59	B3	3	951
65	65	655/2	0.5	7/8	7/8	4/4	3	1	1/8	1/8	1		3	57	A3	3	952
66	66	328	2.0	0	0	4/4	3	2	1/2	1/2	1		0	36	C2	2	964
66	66	328	2.0	0	0	4/4	3	2	1/2	1/2	1		0	48	C3	3	964
66	66	328	4.0	0	0	4/4	3	1	1	1	1		5	59	B3	3	963
66	66	328	1.0	0	0	4/4	2	1	1/4	1/4	1	-1	2	62	D4	4	959
66	66	329	1.0	1/4	1/4	4/4	2	1	1/4	1/4	1		1	67	G4	4	960
66	66	330	2.0	1/2	1/2	4/4	3	2	1/2	1/2	1	1	1	43	G2	2	965
66	66	330	1.0	1/2	1/2	4/4	2	1	1/4	1/4	1		1	67	G4	4	961
66	66	331	1.0	3/4	3/4	4/4	2	1	1/4	1/4	1		2	62	D4	4	962
67	67	332	0.5	0	0	4/4	3	3	1/8	1/8	1	-1	1	43	G2	2	971
67	67	332	1.0	0	0	4/4	3	1	1/4	1/4	1		1	55	G3	3	968
67	67	332	4.0	0	0	4/4	3	2	1	1	1		1	55	G3	3	970
67	67	332	3.0	0	0	4/4	2	1	3/4	1/2	3/2		-3	63	Eb4	4	966
67	67	665/2	0.5	1/8	1/8	4/4	3	3	1/8	1/8	1		0	48	C3	3	972
67	67	333	0.5	1/4	1/4	4/4	3	3	1/8	1/8	1		0	48	C3	3	973
67	67	333	3.0	1/4	1/4	4/4	3	1	3/4	1/2	3/2	1	0	60	C4	4	969
67	67	667/2	0.5	3/8	3/8	4/4	3	3	1/8	1/8	1		2	50	D3	3	974
67	67	334	0.5	1/2	1/2	4/4	3	3	1/8	1/8	1		2	50	D3	3	975
67	67	669/2	0.5	5/8	5/8	4/4	3	3	1/8	1/8	1		-3	51	Eb3	3	976
67	67	335	0.5	3/4	3/4	4/4	3	3	1/8	1/8	1		-3	51	Eb3	3	977
67	67	335	1.0	3/4	3/4	4/4	2	1	1/4	1/4	1		-4	68	Ab4	4	967
67	67	671/2	0.5	7/8	7/8	4/4	3	3	1/8	1/8	1		1	55	G3	3	978
68	68	336	4.0	0	0	4/4	3	2	1	1	1	1	1	55	G3	3	984
68	68	336	2.0	0	0	4/4	3	1	1/2	1/2	1	-1	0	60	C4	4	982
68	68	336	1.0	0	0	4/4	2	1	1/4	1/4	1		-4	68	Ab4	4	979
68	68	337	1.0	1/4	1/4	4/4	2	1	1/4	1/4	1		-3	63	Eb4	4	980
68	68	338	2.0	1/2	1/2	4/4	2	1	1/2	1/2	1	1	-3	63	Eb4	4	981
68	68	339	1.0	3/4	3/4	4/4	3	1	1/4	1/4	1		0	60	C4	4	983
69	69	340	1.0	0	0	4/4	3	2	1/4	1/4	1	-1	1	55	G3	3	990
69	69	340	1.0	0	0	4/4	3	1	1/4	1/4	1		5	59	B3	3	987
69	69	340	2.0	0	0	4/4	2	1	1/2	1/2	1	-1	-3	63	Eb4	4	985
69	69	341	1.0	1/4	1/4	4/4	3	1	1/4	1/4	1		3	57	A3	3	988
69	69	342	2.0	1/2	1/2	4/4	3	1	1/2	1/2	1	1	5	59	B3	3	989
69	69	342	2.0	1/2	1/2	4/4	2	1	1/2	1/2	1	1	2	62	D4	4	986
70	70	344	4.0	0	0	4/4	3	2	1	1	1		1	31	G1	1	993
70	70	344	4.0	0	0	4/4	3	1	1	1	1	-1	5	59	B3	3	992
70	70	344	4.0	0	0	4/4	2	1	1	1	1	-1	2	62	D4	4	991
