mc	mn	quarterbeats	duration_qb	mc_onset	mn_onset	timesig	staff	voice	duration	gracenote	nominal_duration	scalar	tied	tpc	midi	name	octave	chord_id
1	0	0	1.0	0	3/4	2/2	2	1	1/4		1/4	1		-2	58	Bb3	3	0
2	1	1	0.5	0	0	2/2	3	2	1/8		1/8	1		-3	39	Eb2	2	8
2	1	1	1.0	0	0	2/2	2	1	1/4		1/4	1		-2	58	Bb3	3	1
2	1	1	2.0	0	0	2/2	3	1	1/2		1/2	1		-2	58	Bb3	3	5
2	1	3/2	1.0	1/8	1/8	2/2	3	2	1/4		1/4	1		-2	46	Bb2	2	9
2	1	2	1.0	1/4	1/4	2/2	2	1	1/4		1/4	1		1	67	G4	4	2
2	1	5/2	0.5	3/8	3/8	2/2	3	2	1/8		1/8	1		-2	46	Bb2	2	10
2	1	3	0.5	1/2	1/2	2/2	3	2	1/8		1/8	1		-3	51	Eb3	3	11
2	1	3	1.0	1/2	1/2	2/2	3	1	1/4		1/4	1		3	57	A3	3	6
2	1	3	1.0	1/2	1/2	2/2	2	1	1/4		1/4	1		6	66	F#4	4	3
2	1	7/2	1.0	5/8	5/8	2/2	3	2	1/4		1/4	1		-2	46	Bb2	2	12
2	1	4	1.0	3/4	3/4	2/2	3	1	1/4		1/4	1		-2	58	Bb3	3	7
2	1	4	1.0	3/4	3/4	2/2	2	1	1/4		1/4	1		1	67	G4	4	4
2	1	9/2	0.5	7/8	7/8	2/2	3	2	1/8		1/8	1	1	-2	46	Bb2	2	13
3	2	5	0.5	0	0	2/2	3	2	1/8		1/8	1	-1	-2	46	Bb2	2	22
3	2	5	1.0	0	0	2/2	3	1	1/4		1/4	1		3	57	A3	3	19
3	2	5	1.0	0	0	2/2	2	1	1/4		1/4	1		6	66	F#4	4	14
3	2	11/2	0.5	1/8	1/8	2/2	3	2	1/8		1/8	1		-2	46	Bb2	2	23
3	2	6	0.5	1/4	1/4	2/2	3	2	1/8		1/8	1		-3	51	Eb3	3	24
3	2	6	1.0	1/4	1/4	2/2	3	1	1/4		1/4	1	1	-3	51	Eb3	3	20
3	2	6	1.0	1/4	1/4	2/2	3	3	1/4		1/4	1		-2	58	Bb3	3	27
3	2	6	1.0	1/4	1/4	2/2	2	1	1/4		1/4	1		1	67	G4	4	15
3	2	13/2	0.5	3/8	3/8	2/2	3	2	1/8		1/8	1		-2	46	Bb2	2	25
3	2	7	0.0	1/2	1/2	2/2	2	1	0	acciaccatura	1/8	1		-2	70	Bb4	4	16
3	2	7	2.0	1/2	1/2	2/2	3	2	1/2		1/2	1		-4	44	Ab2	2	26
3	2	7	2.0	1/2	1/2	2/2	3	1	1/2		1/2	1	-1	-3	51	Eb3	3	21
3	2	7	1.0	1/2	1/2	2/2	2	1	1/4		1/4	1		0	60	C4	4	17
3	2	7	1.0	1/2	1/2	2/2	2	1	1/4		1/4	1		-4	68	Ab4	4	17
3	2	8	1.0	3/4	3/4	2/2	2	1	1/4		1/4	1		-2	58	Bb3	3	18
3	2	8	1.0	3/4	3/4	2/2	2	1	1/4		1/4	1		1	67	G4	4	18
4	3	9	0.5	0	0	2/2	3	2	1/8		1/8	1		-2	34	Bb1	1	33
4	3	9	1.0	0	0	2/2	3	1	1/4		1/4	1		1	55	G3	3	31
4	3	9	1.0	0	0	2/2	2	1	1/4		1/4	1		4	64	E4	4	28
4	3	19/2	1.0	1/8	1/8	2/2	3	2	1/4		1/4	1		-2	46	Bb2	2	34
4	3	10	1.0	1/4	1/4	2/2	3	1	1/4		1/4	1		-4	56	Ab3	3	32
4	3	10	1.0	1/4	1/4	2/2	2	1	1/4		1/4	1		-1	65	F4	4	29
4	3	21/2	0.5	3/8	3/8	2/2	3	2	1/8		1/8	1		-2	46	Bb2	2	35
4	3	11	1.5	1/2	1/2	2/2	3	2	3/8		1/4	3/2		2	50	D3	3	36
4	3	11	2.0	1/2	1/2	2/2	2	1	1/2		1/2	1		-7	59	Cb4	4	30
4	3	11	2.0	1/2	1/2	2/2	2	1	1/2		1/2	1		-4	68	Ab4	4	30
4	3	25/2	0.5	7/8	7/8	2/2	3	2	1/8		1/8	1		-2	46	Bb2	2	37
5	4	13	0.5	0	0	2/2	3	2	1/8		1/8	1		-2	34	Bb1	1	43
5	4	13	1.0	0	0	2/2	3	1	1/4		1/4	1		1	55	G3	3	41
5	4	13	1.0	0	0	2/2	2	1	1/4		1/4	1		4	64	E4	4	38
5	4	27/2	1.0	1/8	1/8	2/2	3	2	1/4		1/4	1		-2	46	Bb2	2	44
5	4	14	1.0	1/4	1/4	2/2	3	1	1/4		1/4	1		-4	56	Ab3	3	42
5	4	14	1.0	1/4	1/4	2/2	2	1	1/4		1/4	1		-1	65	F4	4	39
5	4	29/2	0.5	3/8	3/8	2/2	3	2	1/8		1/8	1		-2	46	Bb2	2	45
5	4	15	1.5	1/2	1/2	2/2	3	2	3/8		1/4	3/2		2	50	D3	3	46
5	4	15	2.0	1/2	1/2	2/2	2	1	1/2		1/2	1	1	-7	59	Cb4	4	40
5	4	15	2.0	1/2	1/2	2/2	2	1	1/2		1/2	1	1	-4	68	Ab4	4	40
5	4	33/2	0.5	7/8	7/8	2/2	3	2	1/8		1/8	1		-2	46	Bb2	2	47
6	5	17	0.5	0	0	2/2	3	2	1/8		1/8	1		-2	46	Bb2	2	56
6	5	17	1.0	0	0	2/2	2	1	1/4		1/4	1	-1	-7	59	Cb4	4	49
6	5	17	1.0	0	0	2/2	2	1	1/4		1/4	1	-1	-4	68	Ab4	4	49
6	5	35/2	0.5	1/8	1/8	2/2	3	2	1/8		1/8	1		-2	46	Bb2	2	57
6	5	18	0.5	1/4	1/4	2/2	3	2	1/8		1/8	1		-2	58	Bb3	3	58
6	5	18	1.0	1/4	1/4	2/2	3	1	1/4		1/4	1		-2	58	Bb3	3	53
6	5	18	1.0	1/4	1/4	2/2	2	1	1/4		1/4	1		1	67	G4	4	50
6	5	37/2	0.5	3/8	3/8	2/2	3	2	1/8		1/8	1		-2	46	Bb2	2	59
6	5	19	0.5	1/2	1/2	2/2	3	2	1/8		1/8	1		3	57	A3	3	60
6	5	19	1.0	1/2	1/2	2/2	3	1	1/4		1/4	1		3	57	A3	3	54
6	5	19	1.0	1/2	1/2	2/2	2	1	1/4		1/4	1		6	66	F#4	4	51
6	5	39/2	0.5	5/8	5/8	2/2	3	2	1/8		1/8	1		-2	46	Bb2	2	61
6	5	20	0.5	3/4	3/4	2/2	3	2	1/8		1/8	1		-4	56	Ab3	3	62
6	5	20	1.0	3/4	3/4	2/2	3	1	1/4		1/4	1		-4	56	Ab3	3	55
6	5	20	1.0	3/4	3/4	2/2	1	1	1/4		1/4	1		-2	58	Bb3	3	48
6	5	20	1.0	3/4	3/4	2/2	2	1	1/4		1/4	1		-1	65	F4	4	52
6	5	41/2	0.5	7/8	7/8	2/2	3	2	1/8		1/8	1		-2	46	Bb2	2	63
7	6	21	0.5	0	0	2/2	3	2	1/8		1/8	1		-3	39	Eb2	2	72
7	6	21	1.0	0	0	2/2	3	1	1/4		1/4	1		-6	54	Gb3	3	69
7	6	21	1.0	0	0	2/2	2	1	1/4		1/4	1		-3	63	Eb4	4	66
7	6	21	2.0	0	0	2/2	1	1	1/2		1/2	1		-6	66	Gb4	4	64
7	6	43/2	1.0	1/8	1/8	2/2	3	2	1/4		1/4	1		-2	46	Bb2	2	73
7	6	22	1.0	1/4	1/4	2/2	3	1	1/4		1/4	1		-4	56	Ab3	3	70
7	6	22	1.0	1/4	1/4	2/2	2	1	1/4		1/4	1		-1	65	F4	4	67
7	6	45/2	0.5	3/8	3/8	2/2	3	2	1/8		1/8	1		-2	46	Bb2	2	74
7	6	23	0.5	1/2	1/2	2/2	3	2	1/8		1/8	1		-3	51	Eb3	3	75
7	6	23	2.0	1/2	1/2	2/2	3	1	1/2		1/2	1	1	-2	58	Bb3	3	71
7	6	23	2.0	1/2	1/2	2/2	1	1	1/2		1/2	1		-6	66	Gb4	4	65
7	6	23	2.0	1/2	1/2	2/2	2	1	1/2		1/2	1	1	-6	66	Gb4	4	68
7	6	47/2	1.0	5/8	5/8	2/2	3	2	1/4		1/4	1		-2	46	Bb2	2	76
7	6	49/2	0.5	7/8	7/8	2/2	3	2	1/8		1/8	1		-2	46	Bb2	2	77
8	7	25	0.5	0	0	2/2	3	2	1/8		1/8	1		-2	46	Bb2	2	87
8	7	25	1.0	0	0	2/2	3	1	1/4		1/4	1	-1	-2	58	Bb3	3	85
8	7	25	1.0	0	0	2/2	2	1	1/4		1/4	1	-1	-6	66	Gb4	4	81
8	7	51/2	0.5	1/8	1/8	2/2	3	2	1/8		1/8	1		-2	46	Bb2	2	88
8	7	26	0.5	1/4	1/4	2/2	3	2	1/8		1/8	1		-3	51	Eb3	3	89
8	7	26	1.0	1/4	1/4	2/2	2	1	1/4		1/4	1		-5	61	Db4	4	82
8	7	26	1.0	1/4	1/4	2/2	1	1	1/4		1/4	1		-6	66	Gb4	4	78
8	7	26	1.0	1/4	1/4	2/2	2	1	1/4		1/4	1		-2	70	Bb4	4	82
8	7	53/2	0.5	3/8	3/8	2/2	3	2	1/8		1/8	1	1	-2	46	Bb2	2	90
8	7	27	0.5	1/2	1/2	2/2	3	2	1/8		1/8	1	-1	-2	46	Bb2	2	91
8	7	27	1.0	1/2	1/2	2/2	2	1	1/4		1/4	1		-7	59	Cb4	4	83
8	7	27	1.0	1/2	1/2	2/2	1	1	1/4		1/4	1		-1	65	F4	4	79
8	7	27	1.0	1/2	1/2	2/2	2	1	1/4		1/4	1		-4	68	Ab4	4	83
8	7	55/2	0.5	5/8	5/8	2/2	3	2	1/8		1/8	1		-2	46	Bb2	2	92
8	7	28	0.5	3/4	3/4	2/2	3	2	1/8		1/8	1		-3	51	Eb3	3	93
8	7	28	1.0	3/4	3/4	2/2	3	1	1/4		1/4	1		-2	58	Bb3	3	86
8	7	28	1.0	3/4	3/4	2/2	1	1	1/4		1/4	1		-3	63	Eb4	4	80
8	7	28	1.0	3/4	3/4	2/2	2	1	1/4		1/4	1		-6	66	Gb4	4	84
8	7	57/2	0.5	7/8	7/8	2/2	3	2	1/8		1/8	1		-2	46	Bb2	2	94
9	8	29	0.5	0	0	3/2	3	2	1/8		1/8	1		-2	34	Bb1	1	107
9	8	29	1.0	0	0	3/2	3	1	1/4		1/4	1		-4	56	Ab3	3	103
9	8	29	1.0	0	0	3/2	1	1	1/4		1/4	1		2	62	D4	4	95
9	8	29	1.0	0	0	3/2	2	1	1/4		1/4	1		-1	65	F4	4	99
9	8	59/2	1.0	1/8	1/8	3/2	3	2	1/4		1/4	1		-2	46	Bb2	2	108
9	8	30	1.0	1/4	1/4	3/2	3	1	1/4		1/4	1		-6	54	Gb3	3	104
9	8	30	1.0	1/4	1/4	3/2	1	1	1/4		1/4	1		-3	63	Eb4	4	96
9	8	30	1.0	1/4	1/4	3/2	2	1	1/4		1/4	1		-3	63	Eb4	4	100
9	8	61/2	0.5	3/8	3/8	3/2	3	2	1/8		1/8	1	1	-2	46	Bb2	2	109
9	8	31	0.5	1/2	1/2	3/2	3	2	1/8		1/8	1	-1	-2	46	Bb2	2	110
9	8	31	3.0	1/2	1/2	3/2	3	1	3/4		1/2	3/2		-1	53	F3	3	105
9	8	31	3.0	1/2	1/2	3/2	2	1	3/4		1/2	3/2		2	62	D4	4	101
9	8	31	2.0	1/2	1/2	3/2	1	1	1/2		1/2	1		-1	65	F4	4	97
9	8	63/2	1.0	5/8	5/8	3/2	3	2	1/4		1/4	1		-2	46	Bb2	2	111
9	8	65/2	0.5	7/8	7/8	3/2	3	2	1/8		1/8	1	1	-2	46	Bb2	2	112
9	8	33	0.5	1	1	3/2	3	2	1/8		1/8	1	-1	-2	46	Bb2	2	113
9	8	33	1.0	1	1	3/2	1	1	1/4		1/4	1		-2	58	Bb3	3	98
9	8	67/2	0.5	9/8	9/8	3/2	3	2	1/8		1/8	1		-2	46	Bb2	2	114
9	8	34	0.5	5/4	5/4	3/2	3	2	1/8		1/8	1		-2	58	Bb3	3	115
9	8	34	1.0	5/4	5/4	3/2	3	1	1/4		1/4	1		-2	58	Bb3	3	106
9	8	34	1.0	5/4	5/4	3/2	2	1	1/4		1/4	1		-3	63	Eb4	4	102
9	8	34	1.0	5/4	5/4	3/2	2	1	1/4		1/4	1		-7	71	Cb5	5	102
9	8	69/2	0.5	11/8	11/8	3/2	3	2	1/8		1/8	1	1	-2	46	Bb2	2	116
10	9	35	0.5	0	0	2/2	3	1	1/8		1/8	1	-1	-2	46	Bb2	2	122
10	9	35	1.0	0	0	2/2	2	1	1/4		1/4	1		2	62	D4	4	118
10	9	35	1.0	0	0	2/2	2	1	1/4		1/4	1		-2	70	Bb4	4	118
10	9	71/2	0.5	1/8	1/8	2/2	3	1	1/8		1/8	1		-2	46	Bb2	2	123
10	9	36	0.5	1/4	1/4	2/2	3	1	1/8		1/8	1		-7	47	Cb3	3	124
10	9	36	1.0	1/4	1/4	2/2	2	1	1/4		1/4	1		-7	59	Cb4	4	119
10	9	36	1.0	1/4	1/4	2/2	2	1	1/4		1/4	1		-4	68	Ab4	4	119
10	9	73/2	0.5	3/8	3/8	2/2	3	1	1/8		1/8	1		-2	46	Bb2	2	125
10	9	37	0.5	1/2	1/2	2/2	3	1	1/8		1/8	1		0	48	C3	3	126
10	9	37	1.0	1/2	1/2	2/2	2	1	1/4		1/4	1		-2	58	Bb3	3	120
10	9	37	1.0	1/2	1/2	2/2	2	1	1/4		1/4	1		-6	66	Gb4	4	120
10	9	75/2	0.5	5/8	5/8	2/2	3	1	1/8		1/8	1		-2	46	Bb2	2	127
10	9	38	0.5	3/4	3/4	2/2	3	1	1/8		1/8	1		2	50	D3	3	128
10	9	38	1.0	3/4	3/4	2/2	2	1	1/4		1/4	1		-4	56	Ab3	3	121
10	9	38	1.0	3/4	3/4	2/2	1	1	1/4		1/4	1		-2	58	Bb3	3	117
10	9	38	1.0	3/4	3/4	2/2	2	1	1/4		1/4	1		-1	65	F4	4	121
10	9	77/2	0.5	7/8	7/8	2/2	3	1	1/8		1/8	1		-2	46	Bb2	2	129
11	10	39	0.5	0	0	2/2	3	1	1/8		1/8	1		-3	51	Eb3	3	137
11	10	39	1.0	0	0	2/2	2	1	1/4		1/4	1		-6	54	Gb3	3	133
11	10	39	1.0	0	0	2/2	2	1	1/4		1/4	1		-3	63	Eb4	4	133
11	10	39	2.0	0	0	2/2	1	1	1/2		1/2	1		-6	66	Gb4	4	130
11	10	79/2	0.5	1/8	1/8	2/2	3	1	1/8		1/8	1		-2	46	Bb2	2	138
11	10	40	0.5	1/4	1/4	2/2	3	1	1/8		1/8	1		3	45	A2	2	139
11	10	40	1.0	1/4	1/4	2/2	2	1	1/4		1/4	1		-4	56	Ab3	3	134
11	10	40	1.0	1/4	1/4	2/2	2	1	1/4		1/4	1		-1	65	F4	4	134
11	10	81/2	0.5	3/8	3/8	2/2	3	1	1/8		1/8	1		-2	46	Bb2	2	140
11	10	41	0.5	1/2	1/2	2/2	3	1	1/8		1/8	1		-3	39	Eb2	2	141
11	10	41	1.0	1/2	1/2	2/2	2	1	1/4		1/4	1		-2	58	Bb3	3	135
11	10	41	1.0	1/2	1/2	2/2	1	1	1/4		1/4	1		-6	66	Gb4	4	131
11	10	41	1.0	1/2	1/2	2/2	2	1	1/4		1/4	1		-6	66	Gb4	4	135
11	10	83/2	1.0	5/8	5/8	2/2	3	1	1/4		1/4	1		-2	46	Bb2	2	142
11	10	42	1.0	3/4	3/4	2/2	2	1	1/4		1/4	1		-5	61	Db4	4	136
11	10	42	1.0	3/4	3/4	2/2	1	1	1/4		1/4	1		-6	66	Gb4	4	132
11	10	42	1.0	3/4	3/4	2/2	2	1	1/4		1/4	1		-2	70	Bb4	4	136
11	10	85/2	0.5	7/8	7/8	2/2	3	1	1/8		1/8	1	1	-2	46	Bb2	2	143
12	11	43	0.5	0	0	2/2	3	1	1/8		1/8	1	-1	-2	46	Bb2	2	152
12	11	43	1.0	0	0	2/2	2	1	1/4		1/4	1		-7	59	Cb4	4	148
12	11	43	1.0	0	0	2/2	1	1	1/4		1/4	1		-1	65	F4	4	144
12	11	43	1.0	0	0	2/2	2	1	1/4		1/4	1		-4	68	Ab4	4	148
12	11	87/2	0.5	1/8	1/8	2/2	3	1	1/8		1/8	1		-2	46	Bb2	2	153
12	11	44	0.5	1/4	1/4	2/2	3	1	1/8		1/8	1		-3	51	Eb3	3	154
12	11	44	1.0	1/4	1/4	2/2	2	1	1/4		1/4	1		-2	58	Bb3	3	149
12	11	44	1.0	1/4	1/4	2/2	1	1	1/4		1/4	1		-3	63	Eb4	4	145
12	11	44	1.0	1/4	1/4	2/2	2	1	1/4		1/4	1		-6	66	Gb4	4	149
12	11	89/2	0.5	3/8	3/8	2/2	3	1	1/8		1/8	1		-2	46	Bb2	2	155
12	11	45	2.0	1/2	1/2	2/2	3	1	1/2		1/2	1		-4	44	Ab2	2	156
12	11	45	1.0	1/2	1/2	2/2	2	1	1/4		1/4	1		-4	56	Ab3	3	150
12	11	45	1.0	1/2	1/2	2/2	2	1	1/4		1/4	1		-1	65	F4	4	150
12	11	45	1.0	1/2	1/2	2/2	1	1	1/4		1/4	1		-5	73	Db5	5	146
12	11	46	1.0	3/4	3/4	2/2	2	1	1/4		1/4	1		-6	54	Gb3	3	151
12	11	46	1.0	3/4	3/4	2/2	2	1	1/4		1/4	1		-3	63	Eb4	4	151
12	11	46	1.0	3/4	3/4	2/2	1	1	1/4		1/4	1		-7	71	Cb5	5	147
13	12	47	4.0	0	0	2/2	3	2	1		1	1		-5	37	Db2	2	167
13	12	47	2.0	0	0	2/2	3	1	1/2		1/2	1		-1	53	F3	3	164
13	12	47	2.0	0	0	2/2	2	1	1/2		1/2	1		-5	61	Db4	4	161
13	12	47	4.0	0	0	2/2	2	2	1		1	1		-5	61	Db4	4	163
13	12	47	1.0	0	0	2/2	1	1	1/4		1/4	1		-2	70	Bb4	4	157
13	12	48	1.0	1/4	1/4	2/2	1	1	1/4		1/4	1		-4	68	Ab4	4	158
13	12	49	1.0	1/2	1/2	2/2	3	1	1/4		1/4	1		-3	51	Eb3	3	165
13	12	49	2.0	1/2	1/2	2/2	2	1	1/2		1/2	1		-7	59	Cb4	4	162
13	12	49	1.0	1/2	1/2	2/2	1	1	1/4		1/4	1		-6	66	Gb4	4	159
13	12	50	1.0	3/4	3/4	2/2	3	1	1/4		1/4	1		-1	53	F3	3	166
13	12	50	1.0	3/4	3/4	2/2	1	1	1/4		1/4	1		-4	68	Ab4	4	160
14	13	51	0.5	0	0	2/2	3	1	1/8		1/8	1		-6	42	Gb2	2	173
14	13	51	1.0	0	0	2/2	2	1	1/4		1/4	1		3	57	A3	3	170
14	13	51	1.0	0	0	2/2	2	1	1/4		1/4	1		-1	65	F4	4	170
14	13	51	2.0	0	0	2/2	1	1	1/2		1/2	1		-2	70	Bb4	4	168
14	13	103/2	1.0	1/8	1/8	2/2	3	1	1/4		1/4	1		-5	49	Db3	3	174
14	13	52	1.0	1/4	1/4	2/2	2	1	1/4		1/4	1		-2	58	Bb3	3	171
14	13	52	1.0	1/4	1/4	2/2	2	1	1/4		1/4	1		-6	66	Gb4	4	171
14	13	105/2	0.5	3/8	3/8	2/2	3	1	1/8		1/8	1		-5	49	Db3	3	175
14	13	53	0.5	1/2	1/2	2/2	3	1	1/8		1/8	1		-6	54	Gb3	3	176
14	13	53	2.0	1/2	1/2	2/2	2	1	1/2		1/2	1		-5	61	Db4	4	172
14	13	53	1.0	1/2	1/2	2/2	1	1	1/4		1/4	1		-2	70	Bb4	4	169
14	13	53	2.0	1/2	1/2	2/2	2	1	1/2		1/2	1		-2	70	Bb4	4	172
14	13	107/2	1.0	5/8	5/8	2/2	3	1	1/4		1/4	1		-5	49	Db3	3	177
14	13	109/2	0.5	7/8	7/8	2/2	3	1	1/8		1/8	1		-5	49	Db3	3	178
15	14	55	0.5	0	0	3/2	3	1	1/8		1/8	1		-6	42	Gb2	2	183
15	14	55	1.0	0	0	3/2	2	1	1/4		1/4	1		3	57	A3	3	180
15	14	55	1.0	0	0	3/2	2	1	1/4		1/4	1		-1	65	F4	4	180
15	14	111/2	1.0	1/8	1/8	3/2	3	1	1/4		1/4	1		-5	49	Db3	3	184
15	14	56	1.0	1/4	1/4	3/2	2	1	1/4		1/4	1		-2	58	Bb3	3	181
15	14	56	1.0	1/4	1/4	3/2	2	1	1/4		1/4	1		-6	66	Gb4	4	181
15	14	113/2	0.5	3/8	3/8	3/2	3	1	1/8		1/8	1		-5	49	Db3	3	185
15	14	57	1.0	1/2	1/2	3/2	3	1	1/4		1/4	1		-6	54	Gb3	3	186
15	14	57	4.0	1/2	1/2	3/2	2	1	1		1	1		-5	61	Db4	4	182
15	14	57	4.0	1/2	1/2	3/2	2	1	1		1	1		-2	70	Bb4	4	182
15	14	58	0.5	3/4	3/4	3/2	3	1	1/8		1/8	1		-6	42	Gb2	2	187
15	14	117/2	0.5	7/8	7/8	3/2	3	1	1/8		1/8	1		-5	49	Db3	3	188
15	14	59	0.5	1	1	3/2	3	1	1/8		1/8	1		-6	54	Gb3	3	189
15	14	119/2	0.5	9/8	9/8	3/2	3	1	1/8		1/8	1		2	62	D4	4	190
15	14	60	0.5	5/4	5/4	3/2	3	1	1/8		1/8	1		-6	66	Gb4	4	191
15	14	60	1.0	5/4	5/4	3/2	1	1	1/4		1/4	1		-2	70	Bb4	4	179
15	14	121/2	0.5	11/8	11/8	3/2	3	1	1/8		1/8	1		-2	70	Bb4	4	192
16	15	61	4.0	0	0	2/2	3	1	1		1	1	1	-2	58	Bb3	3	199
16	15	61	2.0	0	0	2/2	2	1	1/2		1/2	1		-4	68	Ab4	4	196
16	15	61	2.0	0	0	2/2	1	1	1/2		1/2	1		0	72	C5	5	193
16	15	61	2.0	0	0	2/2	2	1	1/2		1/2	1		0	72	C5	5	196
16	15	63	1.0	1/2	1/2	2/2	2	1	1/4		1/4	1		0	72	C5	5	197
16	15	63	1.0	1/2	1/2	2/2	1	1	1/4		1/4	1		-3	75	Eb5	5	194
16	15	63	1.0	1/2	1/2	2/2	2	1	1/4		1/4	1		-3	75	Eb5	5	197
16	15	64	1.0	3/4	3/4	2/2	2	1	1/4		1/4	1		-2	70	Bb4	4	198
16	15	64	1.0	3/4	3/4	2/2	1	1	1/4		1/4	1		2	74	D5	5	195
16	15	64	1.0	3/4	3/4	2/2	2	1	1/4		1/4	1		2	74	D5	5	198
17	16	65	4.0	0	0	2/2	3	1	1		1	1	-1	-2	58	Bb3	3	204
17	16	65	2.0	0	0	2/2	2	1	1/2		1/2	1		-4	68	Ab4	4	202
17	16	65	2.0	0	0	2/2	1	1	1/2		1/2	1		0	72	C5	5	200
17	16	65	2.0	0	0	2/2	2	1	1/2		1/2	1		0	72	C5	5	202
17	16	67	2.0	1/2	1/2	2/2	2	1	1/2		1/2	1		1	67	G4	4	203
17	16	67	2.0	1/2	1/2	2/2	1	1	1/2		1/2	1		-2	70	Bb4	4	201
17	16	67	2.0	1/2	1/2	2/2	2	1	1/2		1/2	1		-2	70	Bb4	4	203
18	17	69	4.0	0	0	2/2	3	1	1		1	1	1	-2	58	Bb3	3	213
18	17	69	2.0	0	0	2/2	2	2	1/2		1/2	1		-6	66	Gb4	4	210
18	17	69	1.0	0	0	2/2	1	1	1/4		1/4	1		3	69	A4	4	205
18	17	69	4.0	0	0	2/2	2	1	1		1	1		3	69	A4	4	209
18	17	70	1.0	1/4	1/4	2/2	1	1	1/4		1/4	1		0	72	C5	5	206
18	17	71	1.0	1/2	1/2	2/2	2	2	1/4		1/4	1		-1	65	F4	4	211
18	17	71	1.0	1/2	1/2	2/2	1	1	1/4		1/4	1		-3	75	Eb5	5	207
18	17	72	1.0	3/4	3/4	2/2	2	2	1/4		1/4	1		-3	63	Eb4	4	212
18	17	72	1.0	3/4	3/4	2/2	1	1	1/4		1/4	1		-6	78	Gb5	5	208
19	18	73	4.0	0	0	2/2	3	1	1		1	1	-1	-2	58	Bb3	3	222
19	18	73	2.0	0	0	2/2	2	2	1/2		1/2	1		2	62	D4	4	219
19	18	73	4.0	0	0	2/2	2	1	1		1	1		-4	68	Ab4	4	218
19	18	73	1.0	0	0	2/2	1	1	1/4		1/4	1		-1	77	F5	5	214
19	18	74	1.0	1/4	1/4	2/2	1	1	1/4		1/4	1		2	74	D5	5	215
19	18	75	1.0	1/2	1/2	2/2	2	2	1/4		1/4	1		-3	63	Eb4	4	220
19	18	75	1.0	1/2	1/2	2/2	1	1	1/4		1/4	1		0	72	C5	5	216
19	18	76	1.0	3/4	3/4	2/2	2	2	1/4		1/4	1		0	60	C4	4	221
19	18	76	1.0	3/4	3/4	2/2	1	1	1/4		1/4	1		-4	68	Ab4	4	217
20	19	77	0.5	0	0	2/2	3	1	1/8		1/8	1		-3	39	Eb2	2	229
20	19	77	2.0	0	0	2/2	2	1	1/2		1/2	1		-2	58	Bb3	3	226
20	19	77	2.0	0	0	2/2	1	1	1/2		1/2	1		1	67	G4	4	223
20	19	77	2.0	0	0	2/2	2	1	1/2		1/2	1		1	67	G4	4	226
20	19	155/2	1.0	1/8	1/8	2/2	3	1	1/4		1/4	1		-2	46	Bb2	2	230
20	19	157/2	0.5	3/8	3/8	2/2	3	1	1/8		1/8	1		-2	46	Bb2	2	231
20	19	79	0.5	1/2	1/2	2/2	3	1	1/8		1/8	1		-3	51	Eb3	3	232
20	19	79	1.0	1/2	1/2	2/2	2	1	1/4		1/4	1		3	57	A3	3	227
20	19	79	1.0	1/2	1/2	2/2	1	1	1/4		1/4	1		6	66	F#4	4	224
20	19	79	1.0	1/2	1/2	2/2	2	1	1/4		1/4	1		6	66	F#4	4	227
20	19	159/2	1.0	5/8	5/8	2/2	3	1	1/4		1/4	1		-2	46	Bb2	2	233
20	19	80	1.0	3/4	3/4	2/2	2	1	1/4		1/4	1		-2	58	Bb3	3	228
20	19	80	1.0	3/4	3/4	2/2	1	1	1/4		1/4	1		1	67	G4	4	225
20	19	80	1.0	3/4	3/4	2/2	2	1	1/4		1/4	1		1	67	G4	4	228
20	19	161/2	0.5	7/8	7/8	2/2	3	1	1/8		1/8	1	1	-2	46	Bb2	2	234
21	20	81	0.5	0	0	2/2	3	1	1/8		1/8	1	-1	-2	46	Bb2	2	243
21	20	81	1.0	0	0	2/2	2	1	1/4		1/4	1		3	57	A3	3	239
21	20	81	1.0	0	0	2/2	1	1	1/4		1/4	1		6	66	F#4	4	235
21	20	81	1.0	0	0	2/2	2	1	1/4		1/4	1		6	66	F#4	4	239
21	20	163/2	0.5	1/8	1/8	2/2	3	1	1/8		1/8	1		-2	46	Bb2	2	244
21	20	82	0.5	1/4	1/4	2/2	3	1	1/8		1/8	1		-3	51	Eb3	3	245
21	20	82	1.0	1/4	1/4	2/2	2	1	1/4		1/4	1		-2	58	Bb3	3	240
21	20	82	1.0	1/4	1/4	2/2	1	1	1/4		1/4	1		1	67	G4	4	236
21	20	82	1.0	1/4	1/4	2/2	2	1	1/4		1/4	1		1	67	G4	4	240
21	20	165/2	0.5	3/8	3/8	2/2	3	1	1/8		1/8	1		-2	46	Bb2	2	246
21	20	83	2.0	1/2	1/2	2/2	3	1	1/2		1/2	1		-4	44	Ab2	2	247
21	20	83	1.0	1/2	1/2	2/2	2	1	1/4		1/4	1		2	62	D4	4	241
21	20	83	1.0	1/2	1/2	2/2	2	1	1/4		1/4	1		-2	70	Bb4	4	241
21	20	83	1.0	1/2	1/2	2/2	1	1	1/4		1/4	1		2	74	D5	5	237
21	20	84	1.0	3/4	3/4	2/2	2	1	1/4		1/4	1		0	60	C4	4	242
21	20	84	1.0	3/4	3/4	2/2	2	1	1/4		1/4	1		-4	68	Ab4	4	242
21	20	84	1.0	3/4	3/4	2/2	1	1	1/4		1/4	1		0	72	C5	5	238
22	21	85	4.0	0	0	2/2	3	2	1		1	1		-2	46	Bb2	2	255
22	21	85	4.0	0	0	2/2	3	1	1		1	1	1	-4	56	Ab3	3	254
22	21	85	4.0	0	0	2/2	2	2	1		1	1		2	62	D4	4	253
22	21	85	3.0	0	0	2/2	2	1	3/4		1/2	3/2		4	64	E4	4	251
22	21	85	1.0	0	0	2/2	1	1	1/4		1/4	1		-2	70	Bb4	4	248
22	21	86	1.0	1/4	1/4	2/2	1	1	1/4		1/4	1		-4	68	Ab4	4	249
22	21	87	1.0	1/2	1/2	2/2	1	1	1/4		1/4	1		4	64	E4	4	250
22	21	88	1.0	3/4	3/4	2/2	2	1	1/4		1/4	1		-1	65	F4	4	252
23	22	89	4.0	0	0	2/2	3	2	1		1	1		-2	46	Bb2	2	264
23	22	89	2.0	0	0	2/2	3	1	1/2		1/2	1	-1	-4	56	Ab3	3	261
23	22	89	4.0	0	0	2/2	2	2	1		1	1		2	62	D4	4	260
23	22	89	1.0	0	0	2/2	2	1	1/4		1/4	1		0	72	C5	5	256
23	22	90	1.0	1/4	1/4	2/2	2	1	1/4		1/4	1		-2	70	Bb4	4	257
23	22	91	1.0	1/2	1/2	2/2	3	1	1/4		1/4	1		3	57	A3	3	262
23	22	91	1.0	1/2	1/2	2/2	2	1	1/4		1/4	1		6	66	F#4	4	258
23	22	92	1.0	3/4	3/4	2/2	3	1	1/4		1/4	1		-2	58	Bb3	3	263
23	22	92	1.0	3/4	3/4	2/2	2	1	1/4		1/4	1		1	67	G4	4	259
24	23	93	4.0	0	0	2/2	3	2	1		1	1		-2	46	Bb2	2	277
24	23	93	1.0	0	0	2/2	3	1	1/4		1/4	1		5	59	B3	3	273
24	23	93	2.0	0	0	2/2	2	2	1/2		1/2	1		-4	68	Ab4	4	270
24	23	93	1.0	0	0	2/2	2	1	1/4		1/4	1		2	74	D5	5	266
24	23	94	1.0	1/4	1/4	2/2	3	1	1/4		1/4	1		0	60	C4	4	274
24	23	94	1.0	1/4	1/4	2/2	2	1	1/4		1/4	1		0	72	C5	5	267
24	23	95	1.0	1/2	1/2	2/2	3	1	1/4		1/4	1		7	61	C#4	4	275
24	23	95	1.0	1/2	1/2	2/2	2	2	1/4		1/4	1		1	67	G4	4	271
24	23	95	1.0	1/2	1/2	2/2	2	1	1/4		1/4	1		-2	70	Bb4	4	268
24	23	96	1.0	3/4	3/4	2/2	1	1	1/4		1/4	1		-2	58	Bb3	3	265
24	23	96	1.0	3/4	3/4	2/2	3	1	1/4		1/4	1		2	62	D4	4	276
24	23	96	1.0	3/4	3/4	2/2	2	2	1/4		1/4	1		-1	65	F4	4	272
24	23	96	1.0	3/4	3/4	2/2	2	1	1/4		1/4	1		-4	68	Ab4	4	269
25	24	97	1.0	0	0	2/2	3	1	1/4		1/4	1		-3	39	Eb2	2	282
25	24	97	4.0	0	0	2/2	1	1	1		1	1		-6	66	Gb4	4	278
25	24	98	2.0	1/4	1/4	2/2	3	1	1/2		1/2	1		-2	46	Bb2	2	283
25	24	98	1.0	1/4	1/4	2/2	2	1	1/4		1/4	1		-2	70	Bb4	4	279
25	24	98	1.0	1/4	1/4	2/2	2	1	1/4		1/4	1		-6	78	Gb5	5	279
25	24	99	1.0	1/2	1/2	2/2	2	1	1/4		1/4	1		3	69	A4	4	280
25	24	99	1.0	1/2	1/2	2/2	2	1	1/4		1/4	1		-1	77	F5	5	280
25	24	100	1.0	3/4	3/4	2/2	3	1	1/4		1/4	1		-2	46	Bb2	2	284
25	24	100	1.0	3/4	3/4	2/2	2	1	1/4		1/4	1		-2	70	Bb4	4	281
25	24	100	1.0	3/4	3/4	2/2	2	1	1/4		1/4	1		-6	78	Gb5	5	281
26	25	101	1.0	0	0	2/2	3	1	1/4		1/4	1		-3	51	Eb3	3	293
26	25	101	1.0	0	0	2/2	2	1	1/4		1/4	1		3	69	A4	4	288
26	25	101	1.0	0	0	2/2	2	1	1/4		1/4	1		-1	77	F5	5	288
26	25	102	1.0	1/4	1/4	2/2	3	1	1/4		1/4	1		-2	46	Bb2	2	294
26	25	102	1.0	1/4	1/4	2/2	1	1	1/4		1/4	1		-6	66	Gb4	4	285
26	25	102	1.0	1/4	1/4	2/2	2	1	1/4		1/4	1		-2	70	Bb4	4	289
26	25	102	1.0	1/4	1/4	2/2	2	1	1/4		1/4	1		-6	78	Gb5	5	289
26	25	103	0.0	1/2	1/2	2/2	2	1	0	acciaccatura	1/8	1		-2	82	Bb5	5	290
26	25	103	2.0	1/2	1/2	2/2	3	1	1/2		1/2	1		-4	44	Ab2	2	295
26	25	103	1.0	1/2	1/2	2/2	1	1	1/4		1/4	1		-1	65	F4	4	286
26	25	103	1.0	1/2	1/2	2/2	2	1	1/4		1/4	1		-7	71	Cb5	5	291
26	25	103	1.0	1/2	1/2	2/2	2	1	1/4		1/4	1		-4	80	Ab5	5	291
26	25	104	1.0	3/4	3/4	2/2	1	1	1/4		1/4	1		-3	63	Eb4	4	287
26	25	104	1.0	3/4	3/4	2/2	2	1	1/4		1/4	1		-2	70	Bb4	4	292
26	25	104	1.0	3/4	3/4	2/2	2	1	1/4		1/4	1		-6	78	Gb5	5	292
27	26	105	6.0	0	0	3/2	3	1	3/2		1	3/2	1	-2	46	Bb2	2	304
27	26	105	1.0	0	0	3/2	1	1	1/4		1/4	1		2	62	D4	4	296
27	26	105	1.0	0	0	3/2	2	1	1/4		1/4	1		-4	68	Ab4	4	300
27	26	105	1.0	0	0	3/2	2	1	1/4		1/4	1		-1	77	F5	5	300
27	26	106	1.0	1/4	1/4	3/2	1	1	1/4		1/4	1		-3	63	Eb4	4	297
27	26	106	1.0	1/4	1/4	3/2	2	1	1/4		1/4	1		-6	66	Gb4	4	301
27	26	106	1.0	1/4	1/4	3/2	2	1	1/4		1/4	1		-3	75	Eb5	5	301
27	26	107	2.0	1/2	1/2	3/2	1	1	1/2		1/2	1		-1	65	F4	4	298
27	26	107	3.0	1/2	1/2	3/2	2	1	3/4		1/2	3/2		-1	65	F4	4	302
27	26	107	3.0	1/2	1/2	3/2	2	1	3/4		1/2	3/2		2	74	D5	5	302
27	26	109	1.0	1	1	3/2	1	1	1/4		1/4	1		-2	58	Bb3	3	299
27	26	110	1.0	5/4	5/4	3/2	2	1	1/4		1/4	1		-3	75	Eb5	5	303
27	26	110	1.0	5/4	5/4	3/2	2	1	1/4		1/4	1		-7	83	Cb6	6	303
28	27	111	2.0	0	0	2/2	3	1	1/2		1/2	1	-1	-2	46	Bb2	2	310
28	27	111	4.0	0	0	2/2	3	2	1		1	1		-2	46	Bb2	2	313
28	27	111	1.0	0	0	2/2	2	1	1/4		1/4	1		2	74	D5	5	306
28	27	111	1.0	0	0	2/2	2	1	1/4		1/4	1		-2	82	Bb5	5	306
28	27	112	1.0	1/4	1/4	2/2	2	1	1/4		1/4	1		-7	71	Cb5	5	307
28	27	112	1.0	1/4	1/4	2/2	2	1	1/4		1/4	1		-4	80	Ab5	5	307
28	27	113	1.0	1/2	1/2	2/2	3	1	1/4		1/4	1		0	48	C3	3	311
28	27	113	1.0	1/2	1/2	2/2	2	1	1/4		1/4	1		-2	70	Bb4	4	308
28	27	113	1.0	1/2	1/2	2/2	2	1	1/4		1/4	1		-6	78	Gb5	5	308
28	27	114	1.0	3/4	3/4	2/2	3	1	1/4		1/4	1		2	50	D3	3	312
28	27	114	1.0	3/4	3/4	2/2	1	1	1/4		1/4	1		-2	58	Bb3	3	305
28	27	114	1.0	3/4	3/4	2/2	2	1	1/4		1/4	1		-4	68	Ab4	4	309
28	27	114	1.0	3/4	3/4	2/2	2	1	1/4		1/4	1		-1	77	F5	5	309
29	28	115	1.0	0	0	2/2	3	1	1/4		1/4	1		-3	39	Eb2	2	319
29	28	115	1.0	0	0	2/2	3	1	1/4		1/4	1		-3	51	Eb3	3	319
29	28	115	2.0	0	0	2/2	1	1	1/2		1/2	1		-6	66	Gb4	4	314
29	28	115	2.0	0	0	2/2	2	1	1/2		1/2	1		-6	66	Gb4	4	316
29	28	115	2.0	0	0	2/2	2	1	1/2		1/2	1		-3	75	Eb5	5	316
29	28	116	2.0	1/4	1/4	2/2	3	1	1/2		1/2	1		-2	46	Bb2	2	320
29	28	117	2.0	1/2	1/2	2/2	1	1	1/2		1/2	1		-6	66	Gb4	4	315
29	28	117	1.0	1/2	1/2	2/2	2	1	1/4		1/4	1		-2	70	Bb4	4	317
29	28	117	1.0	1/2	1/2	2/2	2	1	1/4		1/4	1		2	74	D5	5	317
29	28	118	1.0	3/4	3/4	2/2	3	1	1/4		1/4	1		-2	46	Bb2	2	321
29	28	118	1.0	3/4	3/4	2/2	2	1	1/4		1/4	1		-6	66	Gb4	4	318
29	28	118	1.0	3/4	3/4	2/2	2	1	1/4		1/4	1		-3	75	Eb5	5	318
30	29	119	2.0	0	0	2/2	3	1	1/2		1/2	1		-3	51	Eb3	3	330
30	29	119	1.0	0	0	2/2	1	1	1/4		1/4	1		-1	65	F4	4	322
30	29	119	1.0	0	0	2/2	2	1	1/4		1/4	1		-1	65	F4	4	326
30	29	119	1.0	0	0	2/2	2	1	1/4		1/4	1		-5	73	Db5	5	326
30	29	120	1.0	1/4	1/4	2/2	1	1	1/4		1/4	1		-3	63	Eb4	4	323
30	29	120	1.0	1/4	1/4	2/2	2	1	1/4		1/4	1		-3	63	Eb4	4	327
30	29	120	1.0	1/4	1/4	2/2	2	1	1/4		1/4	1		-7	71	Cb5	5	327
30	29	121	2.0	1/2	1/2	2/2	3	1	1/2		1/2	1		-4	44	Ab2	2	331
30	29	121	1.0	1/2	1/2	2/2	2	1	1/4		1/4	1		-5	61	Db4	4	328
30	29	121	1.0	1/2	1/2	2/2	2	1	1/4		1/4	1		-2	70	Bb4	4	328
30	29	121	1.0	1/2	1/2	2/2	1	1	1/4		1/4	1		-5	73	Db5	5	324
30	29	122	1.0	3/4	3/4	2/2	2	1	1/4		1/4	1		-7	59	Cb4	4	329
30	29	122	1.0	3/4	3/4	2/2	2	1	1/4		1/4	1		-4	68	Ab4	4	329
30	29	122	1.0	3/4	3/4	2/2	1	1	1/4		1/4	1		-7	71	Cb5	5	325
31	30	123	4.0	0	0	2/2	3	1	1		1	1		-5	49	Db3	3	340
31	30	123	1.0	0	0	2/2	2	1	1/4		1/4	1		-2	58	Bb3	3	336
31	30	123	1.0	0	0	2/2	2	1	1/4		1/4	1		-6	66	Gb4	4	336
31	30	123	1.0	0	0	2/2	1	1	1/4		1/4	1		-2	70	Bb4	4	332
31	30	124	1.0	1/4	1/4	2/2	2	1	1/4		1/4	1		-4	56	Ab3	3	337
31	30	124	1.0	1/4	1/4	2/2	2	1	1/4		1/4	1		-1	65	F4	4	337
31	30	124	1.0	1/4	1/4	2/2	1	1	1/4		1/4	1		-4	68	Ab4	4	333
31	30	125	1.0	1/2	1/2	2/2	2	1	1/4		1/4	1		-6	54	Gb3	3	338
31	30	125	1.0	1/2	1/2	2/2	2	1	1/4		1/4	1		-3	63	Eb4	4	338
31	30	125	1.0	1/2	1/2	2/2	1	1	1/4		1/4	1		-6	66	Gb4	4	334
31	30	126	1.0	3/4	3/4	2/2	2	1	1/4		1/4	1		-4	56	Ab3	3	339
31	30	126	1.0	3/4	3/4	2/2	2	1	1/4		1/4	1		-1	65	F4	4	339
31	30	126	1.0	3/4	3/4	2/2	1	1	1/4		1/4	1		-4	68	Ab4	4	335
32	31	127	0.5	0	0	2/2	3	1	1/8		1/8	1		-6	42	Gb2	2	346
32	31	127	2.0	0	0	2/2	2	1	1/2		1/2	1		-2	58	Bb3	3	343
32	31	127	2.0	0	0	2/2	2	1	1/2		1/2	1		-5	61	Db4	4	343
32	31	127	2.0	0	0	2/2	1	1	1/2		1/2	1		-2	70	Bb4	4	341
32	31	255/2	1.0	1/8	1/8	2/2	3	1	1/4		1/4	1		-5	49	Db3	3	347
32	31	257/2	0.5	3/8	3/8	2/2	3	1	1/8		1/8	1		-5	49	Db3	3	348
32	31	129	0.5	1/2	1/2	2/2	3	1	1/8		1/8	1		-6	54	Gb3	3	349
32	31	129	1.0	1/2	1/2	2/2	2	1	1/4		1/4	1		3	57	A3	3	344
32	31	129	1.0	1/2	1/2	2/2	2	1	1/4		1/4	1		0	60	C4	4	344
32	31	129	1.0	1/2	1/2	2/2	1	1	1/4		1/4	1		-2	70	Bb4	4	342
32	31	259/2	1.0	5/8	5/8	2/2	3	1	1/4		1/4	1		-5	49	Db3	3	350
32	31	130	1.0	3/4	3/4	2/2	2	1	1/4		1/4	1		-2	58	Bb3	3	345
32	31	130	1.0	3/4	3/4	2/2	2	1	1/4		1/4	1		-5	61	Db4	4	345
32	31	261/2	0.5	7/8	7/8	2/2	3	1	1/8		1/8	1	1	-5	49	Db3	3	351
33	32	131	0.5	0	0	2/2	3	1	1/8		1/8	1	-1	-5	49	Db3	3	357
33	32	131	1.0	0	0	2/2	2	1	1/4		1/4	1		3	57	A3	3	352
33	32	131	1.0	0	0	2/2	2	1	1/4		1/4	1		0	60	C4	4	352
33	32	263/2	0.5	1/8	1/8	2/2	3	1	1/8		1/8	1		-5	49	Db3	3	358
33	32	132	0.5	1/4	1/4	2/2	3	1	1/8		1/8	1		-6	54	Gb3	3	359
33	32	132	1.0	1/4	1/4	2/2	2	1	1/4		1/4	1		-2	58	Bb3	3	353
33	32	132	1.0	1/4	1/4	2/2	2	1	1/4		1/4	1		-5	61	Db4	4	353
33	32	265/2	0.5	3/8	3/8	2/2	3	1	1/8		1/8	1		-5	49	Db3	3	360
33	32	133	0.0	1/2	1/2	2/2	2	1	0	acciaccatura	1/8	1		-8	64	Fb4	4	354
33	32	133	2.0	1/2	1/2	2/2	3	1	1/2		1/2	1		-7	47	Cb3	3	361
33	32	133	1.0	1/2	1/2	2/2	2	1	1/4		1/4	1		-7	59	Cb4	4	355
33	32	133	1.0	1/2	1/2	2/2	2	1	1/4		1/4	1		-10	62	Ebb4	4	355
33	32	134	1.0	3/4	3/4	2/2	2	1	1/4		1/4	1		-2	58	Bb3	3	356
33	32	134	1.0	3/4	3/4	2/2	2	1	1/4		1/4	1		-5	61	Db4	4	356
34	33	135	0.5	0	0	2/2	3	2	1/8		1/8	1		-5	37	Db2	2	367
34	33	135	1.0	0	0	2/2	2	1	1/4		1/4	1		1	55	G3	3	362
34	33	135	1.0	0	0	2/2	3	1	1/4		1/4	1		-2	58	Bb3	3	365
34	33	271/2	1.0	1/8	1/8	2/2	3	2	1/4		1/4	1		-5	49	Db3	3	368
34	33	136	1.0	1/4	1/4	2/2	2	1	1/4		1/4	1		-4	56	Ab3	3	363
34	33	136	1.0	1/4	1/4	2/2	3	1	1/4		1/4	1		-7	59	Cb4	4	366
34	33	273/2	0.5	3/8	3/8	2/2	3	2	1/8		1/8	1		-5	49	Db3	3	369
34	33	137	1.5	1/2	1/2	2/2	3	2	3/8		1/4	3/2		-1	53	F3	3	370
34	33	137	2.0	1/2	1/2	2/2	2	1	1/2		1/2	1		-7	59	Cb4	4	364
34	33	137	2.0	1/2	1/2	2/2	2	1	1/2		1/2	1		-10	62	Ebb4	4	364
34	33	277/2	0.5	7/8	7/8	2/2	3	2	1/8		1/8	1		-5	49	Db3	3	371
35	34	139	0.5	0	0	2/2	3	2	1/8		1/8	1		-5	37	Db2	2	377
35	34	139	1.0	0	0	2/2	2	1	1/4		1/4	1		1	55	G3	3	372
35	34	139	1.0	0	0	2/2	3	1	1/4		1/4	1		-2	58	Bb3	3	375
35	34	279/2	1.0	1/8	1/8	2/2	3	2	1/4		1/4	1		-5	49	Db3	3	378
35	34	140	1.0	1/4	1/4	2/2	2	1	1/4		1/4	1		-4	56	Ab3	3	373
35	34	140	1.0	1/4	1/4	2/2	3	1	1/4		1/4	1		-7	59	Cb4	4	376
35	34	281/2	0.5	3/8	3/8	2/2	3	2	1/8		1/8	1		-5	49	Db3	3	379
35	34	141	1.5	1/2	1/2	2/2	3	2	3/8		1/4	3/2		-1	53	F3	3	380
35	34	141	2.0	1/2	1/2	2/2	2	1	1/2		1/2	1		-7	59	Cb4	4	374
35	34	141	2.0	1/2	1/2	2/2	2	1	1/2		1/2	1		-10	62	Ebb4	4	374
35	34	285/2	0.5	7/8	7/8	2/2	3	2	1/8		1/8	1		-5	49	Db3	3	381
36	35	143	0.5	0	0	3/2	3	1	1/8		1/8	1		-8	40	Fb2	2	386
36	35	143	6.0	0	0	3/2	2	2	3/2		1	3/2		-10	62	Ebb4	4	385
36	35	143	1.0	0	0	3/2	2	1	1/4		1/4	1		1	67	G4	4	382
36	35	143	1.0	0	0	3/2	2	1	1/4		1/4	1		-2	70	Bb4	4	382
36	35	287/2	0.5	1/8	1/8	3/2	3	1	1/8		1/8	1		-7	47	Cb3	3	387
36	35	144	0.5	1/4	1/4	3/2	3	1	1/8		1/8	1		-10	50	Ebb3	3	388
36	35	144	1.0	1/4	1/4	3/2	2	1	1/4		1/4	1		-4	68	Ab4	4	383
36	35	144	1.0	1/4	1/4	3/2	2	1	1/4		1/4	1		-7	71	Cb5	5	383
36	35	289/2	0.5	3/8	3/8	3/2	3	1	1/8		1/8	1		-4	56	Ab3	3	389
36	35	145	1.0	1/2	1/2	3/2	3	1	1/4		1/4	1		-7	59	Cb4	4	390
36	35	145	4.0	1/2	1/2	3/2	2	1	1		1	1		-7	71	Cb5	5	384
36	35	145	4.0	1/2	1/2	3/2	2	1	1		1	1		-10	74	Ebb5	5	384
36	35	146	0.5	3/4	3/4	3/2	3	1	1/8		1/8	1		-7	47	Cb3	3	391
36	35	293/2	0.5	7/8	7/8	3/2	3	1	1/8		1/8	1		-8	52	Fb3	3	392
36	35	147	0.5	1	1	3/2	3	1	1/8		1/8	1		-4	56	Ab3	3	393
36	35	295/2	0.5	9/8	9/8	3/2	3	1	1/8		1/8	1		-7	59	Cb4	4	394
36	35	148	1.0	5/4	5/4	3/2	3	1	1/4		1/4	1		-3	63	Eb4	4	395
37	36	149	4.0	0	0	2/2	3	1	1		1	1	1	-2	58	Bb3	3	402
37	36	149	4.0	0	0	2/2	3	1	1		1	1	1	-3	63	Eb4	4	402
37	36	149	4.0	0	0	2/2	2	2	1		1	1		-4	68	Ab4	4	401
37	36	149	2.0	0	0	2/2	1	1	1/2		1/2	1		0	72	C5	5	396
37	36	149	3.0	0	0	2/2	2	1	3/4		1/2	3/2		0	72	C5	5	399
37	36	149	3.0	0	0	2/2	2	1	3/4		1/2	3/2		-3	75	Eb5	5	399
37	36	151	1.0	1/2	1/2	2/2	1	1	1/4		1/4	1		-3	75	Eb5	5	397
37	36	152	1.0	3/4	3/4	2/2	2	1	1/4		1/4	1		-2	70	Bb4	4	400
37	36	152	1.0	3/4	3/4	2/2	1	1	1/4		1/4	1		2	74	D5	5	398
37	36	152	1.0	3/4	3/4	2/2	2	1	1/4		1/4	1		2	74	D5	5	400
38	37	153	4.0	0	0	2/2	3	1	1		1	1	0	-2	58	Bb3	3	409
38	37	153	4.0	0	0	2/2	3	1	1		1	1	0	-3	63	Eb4	4	409
38	37	153	2.0	0	0	2/2	2	1	1/2		1/2	1		-4	68	Ab4	4	406
38	37	153	2.0	0	0	2/2	1	1	1/2		1/2	1		0	72	C5	5	403
38	37	153	2.0	0	0	2/2	2	1	1/2		1/2	1		0	72	C5	5	406
38	37	155	1.0	1/2	1/2	2/2	2	1	1/4		1/4	1		1	67	G4	4	407
38	37	155	1.0	1/2	1/2	2/2	1	1	1/4		1/4	1		-2	70	Bb4	4	404
38	37	155	1.0	1/2	1/2	2/2	2	1	1/4		1/4	1		-2	70	Bb4	4	407
38	37	156	1.0	3/4	3/4	2/2	1	1	1/4		1/4	1		-2	70	Bb4	4	405
38	37	156	1.0	3/4	3/4	2/2	2	1	1/4		1/4	1		1	79	G5	5	408
39	38	157	4.0	0	0	2/2	3	1	1		1	1	0	-2	58	Bb3	3	418
39	38	157	4.0	0	0	2/2	3	1	1		1	1	0	-3	63	Eb4	4	418
39	38	157	1.0	0	0	2/2	1	1	1/4		1/4	1		3	69	A4	4	410
39	38	157	1.0	0	0	2/2	2	1	1/4		1/4	1		-6	78	Gb5	5	414
39	38	158	1.0	1/4	1/4	2/2	1	1	1/4		1/4	1		0	72	C5	5	411
39	38	158	1.0	1/4	1/4	2/2	2	1	1/4		1/4	1		-3	75	Eb5	5	415
39	38	159	1.0	1/2	1/2	2/2	2	1	1/4		1/4	1		0	72	C5	5	416
39	38	159	1.0	1/2	1/2	2/2	1	1	1/4		1/4	1		-3	75	Eb5	5	412
39	38	160	1.0	3/4	3/4	2/2	2	1	1/4		1/4	1		3	69	A4	4	417
39	38	160	1.0	3/4	3/4	2/2	1	1	1/4		1/4	1		-6	78	Gb5	5	413
40	39	161	4.0	0	0	2/2	3	1	1		1	1	-1	-2	58	Bb3	3	427
40	39	161	4.0	0	0	2/2	3	1	1		1	1	-1	-3	63	Eb4	4	427
40	39	161	1.0	0	0	2/2	2	1	1/4		1/4	1		-4	68	Ab4	4	423
40	39	161	1.0	0	0	2/2	1	1	1/4		1/4	1		-1	77	F5	5	419
40	39	162	1.0	1/4	1/4	2/2	2	1	1/4		1/4	1		0	72	C5	5	424
40	39	162	1.0	1/4	1/4	2/2	1	1	1/4		1/4	1		2	74	D5	5	420
40	39	163	1.0	1/2	1/2	2/2	1	1	1/4		1/4	1		0	72	C5	5	421
40	39	163	1.0	1/2	1/2	2/2	2	1	1/4		1/4	1		2	74	D5	5	425
40	39	164	1.0	3/4	3/4	2/2	1	1	1/4		1/4	1		-4	68	Ab4	4	422
40	39	164	1.0	3/4	3/4	2/2	2	1	1/4		1/4	1		-1	77	F5	5	426
41	40	165	1.0	0	0	2/2	3	1	1/4		1/4	1		-3	39	Eb2	2	434
41	40	165	2.0	0	0	2/2	1	1	1/2		1/2	1		1	67	G4	4	428
41	40	165	2.0	0	0	2/2	2	1	1/2		1/2	1		1	67	G4	4	431
41	40	165	2.0	0	0	2/2	2	1	1/2		1/2	1		-3	75	Eb5	5	431
41	40	166	1.0	1/4	1/4	2/2	3	1	1/4		1/4	1		-2	46	Bb2	2	435
41	40	167	1.0	1/2	1/2	2/2	3	1	1/4		1/4	1		-3	51	Eb3	3	436
41	40	167	1.0	1/2	1/2	2/2	1	1	1/4		1/4	1		6	66	F#4	4	429
41	40	167	1.0	1/2	1/2	2/2	2	1	1/4		1/4	1		6	66	F#4	4	432
41	40	167	1.0	1/2	1/2	2/2	2	1	1/4		1/4	1		2	74	D5	5	432
41	40	168	1.0	3/4	3/4	2/2	3	1	1/4		1/4	1		-2	46	Bb2	2	437
41	40	168	1.0	3/4	3/4	2/2	1	1	1/4		1/4	1		1	67	G4	4	430
41	40	168	1.0	3/4	3/4	2/2	2	1	1/4		1/4	1		1	67	G4	4	433
41	40	168	1.0	3/4	3/4	2/2	2	1	1/4		1/4	1		-3	75	Eb5	5	433
42	41	169	1.0	0	0	2/2	3	1	1/4		1/4	1		-3	51	Eb3	3	446
42	41	169	1.0	0	0	2/2	1	1	1/4		1/4	1		6	66	F#4	4	438
42	41	169	1.0	0	0	2/2	2	1	1/4		1/4	1		6	66	F#4	4	442
42	41	169	1.0	0	0	2/2	2	1	1/4		1/4	1		2	74	D5	5	442
42	41	170	1.0	1/4	1/4	2/2	3	1	1/4		1/4	1		-2	46	Bb2	2	447
42	41	170	1.0	1/4	1/4	2/2	1	1	1/4		1/4	1		1	67	G4	4	439
42	41	170	1.0	1/4	1/4	2/2	2	1	1/4		1/4	1		1	67	G4	4	443
42	41	170	1.0	1/4	1/4	2/2	2	1	1/4		1/4	1		-3	75	Eb5	5	443
42	41	171	2.0	1/2	1/2	2/2	3	1	1/2		1/2	1		-4	44	Ab2	2	448
42	41	171	1.0	1/2	1/2	2/2	1	1	1/4		1/4	1		2	74	D5	5	440
42	41	171	1.0	1/2	1/2	2/2	2	1	1/4		1/4	1		2	74	D5	5	444
42	41	171	1.0	1/2	1/2	2/2	2	1	1/4		1/4	1		-2	82	Bb5	5	444
42	41	172	1.0	3/4	3/4	2/2	1	1	1/4		1/4	1		0	72	C5	5	441
42	41	172	1.0	3/4	3/4	2/2	2	1	1/4		1/4	1		0	72	C5	5	445
42	41	172	1.0	3/4	3/4	2/2	2	1	1/4		1/4	1		-4	80	Ab5	5	445
43	42	173	4.0	0	0	2/2	3	1	1		1	1		-2	58	Bb3	3	456
43	42	173	4.0	0	0	2/2	3	1	1		1	1	1	-4	68	Ab4	4	456
43	42	173	1.0	0	0	2/2	1	1	1/4		1/4	1		-2	70	Bb4	4	449
43	42	173	4.0	0	0	2/2	2	2	1		1	1		2	74	D5	5	455
43	42	173	3.0	0	0	2/2	2	1	3/4		1/2	3/2		4	76	E5	5	453
43	42	174	1.0	1/4	1/4	2/2	1	1	1/4		1/4	1		-4	68	Ab4	4	450
43	42	175	1.0	1/2	1/2	2/2	1	1	1/4		1/4	1		4	64	E4	4	451
43	42	176	1.0	3/4	3/4	2/2	1	1	1/4		1/4	1		-1	65	F4	4	452
43	42	176	1.0	3/4	3/4	2/2	2	1	1/4		1/4	1		-1	77	F5	5	454
44	43	177	4.0	0	0	2/2	3	2	1		1	1		-2	58	Bb3	3	465
44	43	177	2.0	0	0	2/2	3	1	1/2		1/2	1	-1	-4	68	Ab4	4	463
44	43	177	1.0	0	0	2/2	1	1	1/4		1/4	1		0	72	C5	5	457
44	43	177	4.0	0	0	2/2	2	2	1		1	1		2	74	D5	5	462
44	43	177	3.0	0	0	2/2	2	1	3/4		1/2	3/2		6	78	F#5	5	460
44	43	178	1.0	1/4	1/4	2/2	1	1	1/4		1/4	1		-2	70	Bb4	4	458
44	43	179	1.0	1/2	1/2	2/2	1	1	1/4		1/4	1		6	66	F#4	4	459
44	43	179	2.0	1/2	1/2	2/2	3	1	1/2		1/2	1	1	-2	70	Bb4	4	464
44	43	180	1.0	3/4	3/4	2/2	2	1	1/4		1/4	1		1	79	G5	5	461
45	44	181	4.0	0	0	2/2	3	2	1		1	1		-2	58	Bb3	3	475
45	44	181	2.0	0	0	2/2	3	1	1/2		1/2	1	-1	-2	70	Bb4	4	472
45	44	181	2.0	0	0	2/2	2	2	1/2		1/2	1		-3	75	Eb5	5	470
45	44	181	2.0	0	0	2/2	2	2	1/2		1/2	1		1	79	G5	5	470
45	44	181	1.0	0	0	2/2	2	1	1/4		1/4	1		2	86	D6	6	466
45	44	182	1.0	1/4	1/4	2/2	2	1	1/4		1/4	1		0	84	C6	6	467
45	44	183	1.0	1/2	1/2	2/2	3	1	1/4		1/4	1		5	71	B4	4	473
45	44	183	2.0	1/2	1/2	2/2	2	2	1/2		1/2	1		-3	75	Eb5	5	471
45	44	183	1.0	1/2	1/2	2/2	2	1	1/4		1/4	1		-2	82	Bb5	5	468
45	44	184	1.0	3/4	3/4	2/2	3	1	1/4		1/4	1		0	72	C5	5	474
45	44	184	1.0	3/4	3/4	2/2	2	1	1/4		1/4	1		-4	80	Ab5	5	469
46	45	185	4.0	0	0	2/2	3	2	1		1	1		-2	58	Bb3	3	484
46	45	185	3.0	0	0	2/2	3	1	3/4		1/2	3/2		-4	68	Ab4	4	482
46	45	185	2.0	0	0	2/2	2	2	1/2		1/2	1		0	72	C5	5	480
46	45	185	1.0	0	0	2/2	2	1	1/4		1/4	1		1	79	G5	5	476
46	45	186	1.0	1/4	1/4	2/2	2	1	1/4		1/4	1		-1	77	F5	5	477
46	45	187	2.0	1/2	1/2	2/2	2	2	1/2		1/2	1		-7	71	Cb5	5	481
46	45	187	1.0	1/2	1/2	2/2	2	1	1/4		1/4	1		-3	75	Eb5	5	478
46	45	188	1.0	3/4	3/4	2/2	3	1	1/4		1/4	1		2	62	D4	4	483
46	45	188	1.0	3/4	3/4	2/2	2	1	1/4		1/4	1		-1	77	F5	5	479
47	46	189	0.5	0	0	2/2	3	1	1/8		1/8	1		-3	39	Eb2	2	492
47	46	189	1.0	0	0	2/2	2	1	1/4		1/4	1		-2	70	Bb4	4	486
47	46	189	1.0	0	0	2/2	2	1	1/4		1/4	1		-6	78	Gb5	5	486
47	46	379/2	0.5	1/8	1/8	2/2	3	1	1/8		1/8	1		-2	46	Bb2	2	493
47	46	190	0.5	1/4	1/4	2/2	3	1	1/8		1/8	1		-3	51	Eb3	3	494
47	46	190	0.5	1/4	1/4	2/2	2	1	1/8		1/8	1		-6	78	Gb5	5	487
47	46	190	0.5	1/4	1/4	2/2	2	1	1/8		1/8	1		-2	82	Bb5	5	487
47	46	381/2	0.5	3/8	3/8	2/2	3	1	1/8		1/8	1		-2	46	Bb2	2	495
47	46	381/2	0.5	3/8	3/8	2/2	2	1	1/8		1/8	1		-1	77	F5	5	488
47	46	381/2	0.5	3/8	3/8	2/2	2	1	1/8		1/8	1		3	81	A5	5	488
47	46	191	0.5	1/2	1/2	2/2	3	1	1/8		1/8	1		-3	51	Eb3	3	496
47	46	191	1.0	1/2	1/2	2/2	2	1	1/4		1/4	1		-6	78	Gb5	5	489
47	46	191	1.0	1/2	1/2	2/2	2	1	1/4		1/4	1		-2	82	Bb5	5	489
47	46	383/2	0.5	5/8	5/8	2/2	3	1	1/8		1/8	1		-2	46	Bb2	2	497
47	46	192	0.5	3/4	3/4	2/2	3	1	1/8		1/8	1		-3	39	Eb2	2	498
47	46	192	1.0	3/4	3/4	2/2	1	1	1/4		1/4	1		-6	66	Gb4	4	485
47	46	192	0.5	3/4	3/4	2/2	2	1	1/8		1/8	1		-2	70	Bb4	4	490
47	46	192	0.5	3/4	3/4	2/2	2	1	1/8		1/8	1		-6	78	Gb5	5	490
47	46	385/2	0.5	7/8	7/8	2/2	3	1	1/8		1/8	1		-2	46	Bb2	2	499
47	46	385/2	0.5	7/8	7/8	2/2	2	1	1/8		1/8	1		3	69	A4	4	491
47	46	385/2	0.5	7/8	7/8	2/2	2	1	1/8		1/8	1		-1	77	F5	5	491
48	47	193	0.5	0	0	2/2	3	1	1/8		1/8	1		-3	51	Eb3	3	510
48	47	193	1.0	0	0	2/2	1	1	1/4		1/4	1		-6	66	Gb4	4	500
48	47	193	1.0	0	0	2/2	2	1	1/4		1/4	1		-2	70	Bb4	4	504
48	47	193	1.0	0	0	2/2	2	1	1/4		1/4	1		-6	78	Gb5	5	504
48	47	387/2	0.5	1/8	1/8	2/2	3	1	1/8		1/8	1		-2	46	Bb2	2	511
48	47	194	0.5	1/4	1/4	2/2	3	1	1/8		1/8	1		-3	39	Eb2	2	512
48	47	194	0.5	1/4	1/4	2/2	2	1	1/8		1/8	1		-6	66	Gb4	4	505
48	47	194	1.0	1/4	1/4	2/2	1	1	1/4		1/4	1		-6	66	Gb4	4	501
48	47	194	0.5	1/4	1/4	2/2	2	1	1/8		1/8	1		-3	75	Eb5	5	505
48	47	389/2	0.5	3/8	3/8	2/2	3	1	1/8		1/8	1		-2	46	Bb2	2	513
48	47	389/2	0.5	3/8	3/8	2/2	2	1	1/8		1/8	1		-1	65	F4	4	506
48	47	389/2	0.5	3/8	3/8	2/2	2	1	1/8		1/8	1		2	74	D5	5	506
48	47	195	0.5	1/2	1/2	2/2	3	1	1/8		1/8	1		-3	39	Eb2	2	514
48	47	195	1.0	1/2	1/2	2/2	1	1	1/4		1/4	1		-1	65	F4	4	502
48	47	195	1.0	1/2	1/2	2/2	2	1	1/4		1/4	1		-6	66	Gb4	4	507
48	47	195	1.0	1/2	1/2	2/2	2	1	1/4		1/4	1		-3	75	Eb5	5	507
48	47	391/2	0.5	5/8	5/8	2/2	3	1	1/8		1/8	1		-2	46	Bb2	2	515
48	47	196	0.5	3/4	3/4	2/2	3	1	1/8		1/8	1		-3	51	Eb3	3	516
48	47	196	1.0	3/4	3/4	2/2	1	1	1/4		1/4	1		-3	63	Eb4	4	503
48	47	196	0.5	3/4	3/4	2/2	2	1	1/8		1/8	1		-4	68	Ab4	4	508
48	47	196	0.5	3/4	3/4	2/2	2	1	1/8		1/8	1		-7	71	Cb5	5	508
48	47	393/2	0.5	7/8	7/8	2/2	3	1	1/8		1/8	1		-2	46	Bb2	2	517
48	47	393/2	0.5	7/8	7/8	2/2	2	1	1/8		1/8	1		1	67	G4	4	509
48	47	393/2	0.5	7/8	7/8	2/2	2	1	1/8		1/8	1		-2	70	Bb4	4	509
49	48	197	0.5	0	0	2/2	3	1	1/8		1/8	1		-3	39	Eb2	2	524
49	48	197	1.0	0	0	2/2	1	1	1/4		1/4	1		2	62	D4	4	518
49	48	197	1.0	0	0	2/2	2	1	1/4		1/4	1		-4	68	Ab4	4	521
49	48	197	1.0	0	0	2/2	2	1	1/4		1/4	1		-7	71	Cb5	5	521
49	48	395/2	1.0	1/8	1/8	2/2	3	1	1/4		1/4	1		-2	46	Bb2	2	525
49	48	198	1.0	1/4	1/4	2/2	1	1	1/4		1/4	1		-3	63	Eb4	4	519
49	48	198	1.0	1/4	1/4	2/2	2	1	1/4		1/4	1		1	67	G4	4	522
49	48	198	1.0	1/4	1/4	2/2	2	1	1/4		1/4	1		-2	70	Bb4	4	522
49	48	397/2	0.5	3/8	3/8	2/2	3	1	1/8		1/8	1		-2	46	Bb2	2	526
49	48	199	1.5	1/2	1/2	2/2	3	1	3/8		1/4	3/2		2	50	D3	3	527
49	48	199	2.0	1/2	1/2	2/2	1	1	1/2		1/2	1	1	-1	65	F4	4	520
49	48	199	2.0	1/2	1/2	2/2	2	1	1/2		1/2	1	1	-4	68	Ab4	4	523
49	48	199	2.0	1/2	1/2	2/2	2	1	1/2		1/2	1	1	-7	71	Cb5	5	523
49	48	401/2	0.5	7/8	7/8	2/2	3	1	1/8		1/8	1	1	-2	46	Bb2	2	528
50	49	201	0.5	0	0	2/2	3	1	1/8		1/8	1	-1	-2	46	Bb2	2	534
50	49	201	2.0	0	0	2/2	1	1	1/2		1/2	1	-1	-1	65	F4	4	529
50	49	201	1.0	0	0	2/2	2	1	1/4		1/4	1	-1	-4	68	Ab4	4	531
50	49	201	1.0	0	0	2/2	2	1	1/4		1/4	1	-1	-7	71	Cb5	5	531
50	49	403/2	1.0	1/8	1/8	2/2	3	1	1/4		1/4	1		-2	46	Bb2	2	535
50	49	202	1.0	1/4	1/4	2/2	2	1	1/4		1/4	1		1	67	G4	4	532
50	49	202	1.0	1/4	1/4	2/2	2	1	1/4		1/4	1		-2	70	Bb4	4	532
50	49	405/2	0.5	3/8	3/8	2/2	3	1	1/8		1/8	1		-2	46	Bb2	2	536
50	49	203	1.5	1/2	1/2	2/2	3	1	3/8		1/4	3/2		2	50	D3	3	537
50	49	203	1.0	1/2	1/2	2/2	1	1	1/4		1/4	1		-2	58	Bb3	3	530
50	49	203	2.0	1/2	1/2	2/2	2	1	1/2		1/2	1	1	-4	68	Ab4	4	533
50	49	203	2.0	1/2	1/2	2/2	2	1	1/2		1/2	1	1	-7	71	Cb5	5	533
50	49	409/2	0.5	7/8	7/8	2/2	3	1	1/8		1/8	1	1	-2	46	Bb2	2	538
51	50	205	0.5	0	0	2/2	3	1	1/8		1/8	1	-1	-2	46	Bb2	2	546
51	50	205	1.0	0	0	2/2	2	1	1/4		1/4	1	-1	-4	68	Ab4	4	540
51	50	205	1.0	0	0	2/2	2	1	1/4		1/4	1	-1	-7	71	Cb5	5	540
51	50	411/2	0.5	1/8	1/8	2/2	3	1	1/8		1/8	1		-2	46	Bb2	2	547
51	50	206	0.5	1/4	1/4	2/2	3	1	1/8		1/8	1		-7	59	Cb4	4	548
51	50	206	0.5	1/4	1/4	2/2	2	1	1/8		1/8	1		-1	65	F4	4	541
51	50	413/2	0.5	3/8	3/8	2/2	3	1	1/8		1/8	1		-2	58	Bb3	3	549
51	50	413/2	0.5	3/8	3/8	2/2	2	1	1/8		1/8	1		4	64	E4	4	542
51	50	207	0.5	1/2	1/2	2/2	3	1	1/8		1/8	1		-7	59	Cb4	4	550
51	50	207	1.0	1/2	1/2	2/2	2	1	1/4		1/4	1		-1	65	F4	4	543
51	50	415/2	0.5	5/8	5/8	2/2	3	1	1/8		1/8	1		-2	46	Bb2	2	551
51	50	208	0.5	3/4	3/4	2/2	3	1	1/8		1/8	1		-2	58	Bb3	3	552
51	50	208	1.0	3/4	3/4	2/2	1	1	1/4		1/4	1		-2	58	Bb3	3	539
51	50	208	0.5	3/4	3/4	2/2	2	1	1/8		1/8	1		-6	66	Gb4	4	544
51	50	417/2	0.5	7/8	7/8	2/2	3	1	1/8		1/8	1		3	57	A3	3	553
51	50	417/2	0.5	7/8	7/8	2/2	2	1	1/8		1/8	1		-1	65	F4	4	545
52	51	209	0.5	0	0	2/2	3	1	1/8		1/8	1		-2	58	Bb3	3	563
52	51	209	1.0	0	0	2/2	2	1	1/4		1/4	1		-6	66	Gb4	4	557
52	51	209	2.0	0	0	2/2	1	1	1/2		1/2	1		-6	66	Gb4	4	554
52	51	419/2	0.5	1/8	1/8	2/2	3	1	1/8		1/8	1		-2	46	Bb2	2	564
52	51	210	0.5	1/4	1/4	2/2	3	1	1/8		1/8	1		-3	39	Eb2	2	565
52	51	210	0.5	1/4	1/4	2/2	2	1	1/8		1/8	1		-6	78	Gb5	5	558
52	51	210	0.5	1/4	1/4	2/2	2	1	1/8		1/8	1		-2	82	Bb5	5	558
52	51	421/2	0.5	3/8	3/8	2/2	3	1	1/8		1/8	1		-2	46	Bb2	2	566
52	51	421/2	0.5	3/8	3/8	2/2	2	1	1/8		1/8	1		-1	77	F5	5	559
52	51	421/2	0.5	3/8	3/8	2/2	2	1	1/8		1/8	1		3	81	A5	5	559
52	51	211	0.5	1/2	1/2	2/2	3	1	1/8		1/8	1		-3	39	Eb2	2	567
52	51	211	1.0	1/2	1/2	2/2	1	1	1/4		1/4	1		-6	66	Gb4	4	555
52	51	211	1.0	1/2	1/2	2/2	2	1	1/4		1/4	1		-6	78	Gb5	5	560
52	51	211	1.0	1/2	1/2	2/2	2	1	1/4		1/4	1		-2	82	Bb5	5	560
52	51	423/2	0.5	5/8	5/8	2/2	3	1	1/8		1/8	1		-2	46	Bb2	2	568
52	51	212	0.5	3/4	3/4	2/2	3	1	1/8		1/8	1		-3	51	Eb3	3	569
52	51	212	1.0	3/4	3/4	2/2	1	1	1/4		1/4	1		-6	66	Gb4	4	556
52	51	212	0.5	3/4	3/4	2/2	2	1	1/8		1/8	1		-2	70	Bb4	4	561
52	51	212	0.5	3/4	3/4	2/2	2	1	1/8		1/8	1		-6	78	Gb5	5	561
52	51	425/2	0.5	7/8	7/8	2/2	3	1	1/8		1/8	1		-2	46	Bb2	2	570
52	51	425/2	0.5	7/8	7/8	2/2	2	1	1/8		1/8	1		3	69	A4	4	562
52	51	425/2	0.5	7/8	7/8	2/2	2	1	1/8		1/8	1		-1	77	F5	5	562
53	52	213	0.5	0	0	2/2	3	1	1/8		1/8	1		-3	39	Eb2	2	581
53	52	213	1.0	0	0	2/2	1	1	1/4		1/4	1		-1	65	F4	4	571
53	52	213	1.0	0	0	2/2	2	1	1/4		1/4	1		-2	70	Bb4	4	575
53	52	213	1.0	0	0	2/2	2	1	1/4		1/4	1		-6	78	Gb5	5	575
53	52	427/2	0.5	1/8	1/8	2/2	3	1	1/8		1/8	1		-2	46	Bb2	2	582
53	52	214	0.5	1/4	1/4	2/2	3	1	1/8		1/8	1		-3	51	Eb3	3	583
53	52	214	1.0	1/4	1/4	2/2	1	1	1/4		1/4	1		-3	63	Eb4	4	572
53	52	214	0.5	1/4	1/4	2/2	2	1	1/8		1/8	1		-4	68	Ab4	4	576
53	52	214	0.5	1/4	1/4	2/2	2	1	1/8		1/8	1		-1	77	F5	5	576
53	52	429/2	0.5	3/8	3/8	2/2	3	1	1/8		1/8	1		-2	46	Bb2	2	584
53	52	429/2	0.5	3/8	3/8	2/2	2	1	1/8		1/8	1		1	67	G4	4	577
53	52	429/2	0.5	3/8	3/8	2/2	2	1	1/8		1/8	1		4	76	E5	5	577
53	52	215	2.0	1/2	1/2	2/2	3	1	1/2		1/2	1		-4	44	Ab2	2	585
53	52	215	1.0	1/2	1/2	2/2	2	1	1/4		1/4	1		-4	68	Ab4	4	578
53	52	215	1.0	1/2	1/2	2/2	1	1	1/4		1/4	1		-5	73	Db5	5	573
53	52	215	1.0	1/2	1/2	2/2	2	1	1/4		1/4	1		-1	77	F5	5	578
53	52	216	0.5	3/4	3/4	2/2	2	1	1/8		1/8	1		-6	66	Gb4	4	579
53	52	216	1.0	3/4	3/4	2/2	1	1	1/4		1/4	1		-7	71	Cb5	5	574
53	52	216	0.5	3/4	3/4	2/2	2	1	1/8		1/8	1		-3	75	Eb5	5	579
53	52	433/2	0.5	7/8	7/8	2/2	2	1	1/8		1/8	1		-1	65	F4	4	580
53	52	433/2	0.5	7/8	7/8	2/2	2	1	1/8		1/8	1		2	74	D5	5	580
54	53	217	0.5	0	0	3/2	3	1	1/8		1/8	1		-5	49	Db3	3	601
54	53	217	1.0	0	0	3/2	2	2	1/4		1/4	1		-6	66	Gb4	4	597
54	53	217	1.0	0	0	3/2	1	1	1/4		1/4	1		-2	70	Bb4	4	586
54	53	217	1.0	0	0	3/2	2	1	1/4		1/4	1		-3	75	Eb5	5	590
54	53	435/2	0.5	1/8	1/8	3/2	3	1	1/8		1/8	1		-4	44	Ab2	2	602
54	53	218	0.5	1/4	1/4	3/2	3	1	1/8		1/8	1		-5	37	Db2	2	603
54	53	218	1.0	1/4	1/4	3/2	2	2	1/4		1/4	1		-1	65	F4	4	598
54	53	218	1.0	1/4	1/4	3/2	1	1	1/4		1/4	1		-4	68	Ab4	4	587
54	53	218	1.0	1/4	1/4	3/2	2	1	1/4		1/4	1		-5	73	Db5	5	591
54	53	437/2	0.5	3/8	3/8	3/2	3	1	1/8		1/8	1		-4	44	Ab2	2	604
54	53	219	0.5	1/2	1/2	3/2	3	1	1/8		1/8	1		-5	49	Db3	3	605
54	53	219	3.0	1/2	1/2	3/2	2	2	3/4		1/2	3/2		-3	63	Eb4	4	599
54	53	219	3.0	1/2	1/2	3/2	1	1	3/4		1/2	3/2		-6	66	Gb4	4	588
54	53	219	2.0	1/2	1/2	3/2	2	1	1/2		1/2	1	1	-7	71	Cb5	5	592
54	53	439/2	0.5	5/8	5/8	3/2	3	1	1/8		1/8	1		-4	44	Ab2	2	606
54	53	220	0.5	3/4	3/4	3/2	3	1	1/8		1/8	1		-5	37	Db2	2	607
54	53	441/2	0.5	7/8	7/8	3/2	3	1	1/8		1/8	1		-4	44	Ab2	2	608
54	53	221	1.0	1	1	3/2	3	1	1/4		1/4	1		-5	49	Db3	3	609
54	53	221	0.5	1	1	3/2	2	1	1/8		1/8	1	-1	-7	71	Cb5	5	593
54	53	443/2	0.5	9/8	9/8	3/2	2	1	1/8		1/8	1		-4	68	Ab4	4	594
54	53	222	1.0	5/4	5/4	3/2	3	1	1/4		1/4	1		-5	37	Db2	2	610
54	53	222	1.0	5/4	5/4	3/2	2	2	1/4		1/4	1		-7	59	Cb4	4	600
54	53	222	0.5	5/4	5/4	3/2	2	1	1/8		1/8	1		-1	65	F4	4	595
54	53	222	1.0	5/4	5/4	3/2	1	1	1/4		1/4	1		-4	68	Ab4	4	589
54	53	445/2	0.5	11/8	11/8	3/2	2	1	1/8		1/8	1		-3	63	Eb4	4	596
55	54	223	0.5	0	0	2/2	3	1	1/8		1/8	1		-6	42	Gb2	2	617
55	54	223	1.0	0	0	2/2	2	1	1/4		1/4	1		-2	58	Bb3	3	613
55	54	223	1.0	0	0	2/2	2	1	1/4		1/4	1		-5	61	Db4	4	613
55	54	223	2.0	0	0	2/2	1	1	1/2		1/2	1		-2	70	Bb4	4	611
55	54	447/2	1.0	1/8	1/8	2/2	3	1	1/4		1/4	1		-5	49	Db3	3	618
55	54	224	1.0	1/4	1/4	2/2	2	1	1/4		1/4	1		-5	61	Db4	4	614
55	54	224	1.0	1/4	1/4	2/2	2	1	1/4		1/4	1		-2	70	Bb4	4	614
55	54	449/2	0.5	3/8	3/8	2/2	3	1	1/8		1/8	1		-5	49	Db3	3	619
55	54	225	0.5	1/2	1/2	2/2	3	1	1/8		1/8	1		-6	54	Gb3	3	620
55	54	225	1.0	1/2	1/2	2/2	2	1	1/4		1/4	1		0	60	C4	4	615
55	54	225	1.0	1/2	1/2	2/2	2	1	1/4		1/4	1		3	69	A4	4	615
55	54	225	1.0	1/2	1/2	2/2	1	1	1/4		1/4	1		-2	70	Bb4	4	612
55	54	451/2	1.0	5/8	5/8	2/2	3	1	1/4		1/4	1		-5	49	Db3	3	621
55	54	226	1.0	3/4	3/4	2/2	2	1	1/4		1/4	1		-5	61	Db4	4	616
55	54	226	1.0	3/4	3/4	2/2	2	1	1/4		1/4	1		-2	70	Bb4	4	616
55	54	453/2	0.5	7/8	7/8	2/2	3	1	1/8		1/8	1		-5	49	Db3	3	622
56	55	227	0.5	0	0	2/2	3	1	1/8		1/8	1		-6	54	Gb3	3	628
56	55	227	1.0	0	0	2/2	2	1	1/4		1/4	1		0	60	C4	4	623
56	55	227	1.0	0	0	2/2	2	1	1/4		1/4	1		3	69	A4	4	623
56	55	455/2	1.0	1/8	1/8	2/2	3	1	1/4		1/4	1		-5	49	Db3	3	629
56	55	228	1.0	1/4	1/4	2/2	2	1	1/4		1/4	1		-5	61	Db4	4	624
56	55	228	1.0	1/4	1/4	2/2	2	1	1/4		1/4	1		-2	70	Bb4	4	624
56	55	457/2	0.5	3/8	3/8	2/2	3	1	1/8		1/8	1		-5	49	Db3	3	630
56	55	229	0.0	1/2	1/2	2/2	2	1	0	acciaccatura	1/8	1		-5	73	Db5	5	625
56	55	229	2.0	1/2	1/2	2/2	3	1	1/2		1/2	1		-7	47	Cb3	3	631
56	55	229	1.0	1/2	1/2	2/2	2	1	1/4		1/4	1		-10	62	Ebb4	4	626
56	55	229	1.0	1/2	1/2	2/2	2	1	1/4		1/4	1		-7	71	Cb5	5	626
56	55	230	1.0	3/4	3/4	2/2	2	1	1/4		1/4	1		-5	61	Db4	4	627
56	55	230	1.0	3/4	3/4	2/2	2	1	1/4		1/4	1		-2	70	Bb4	4	627
57	56	231	0.5	0	0	2/2	3	1	1/8		1/8	1		-5	37	Db2	2	635
57	56	231	1.0	0	0	2/2	2	1	1/4		1/4	1		-2	58	Bb3	3	632
57	56	231	1.0	0	0	2/2	2	1	1/4		1/4	1		1	67	G4	4	632
57	56	463/2	1.0	1/8	1/8	2/2	3	1	1/4		1/4	1		-5	49	Db3	3	636
57	56	232	1.0	1/4	1/4	2/2	2	1	1/4		1/4	1		-7	59	Cb4	4	633
57	56	232	1.0	1/4	1/4	2/2	2	1	1/4		1/4	1		-4	68	Ab4	4	633
57	56	465/2	0.5	3/8	3/8	2/2	3	1	1/8		1/8	1		-5	49	Db3	3	637
57	56	233	1.5	1/2	1/2	2/2	3	1	3/8		1/4	3/2		-1	53	F3	3	638
57	56	233	2.0	1/2	1/2	2/2	2	1	1/2		1/2	1		-10	62	Ebb4	4	634
57	56	233	2.0	1/2	1/2	2/2	2	1	1/2		1/2	1		-7	71	Cb5	5	634
57	56	469/2	0.5	7/8	7/8	2/2	3	1	1/8		1/8	1		-5	49	Db3	3	639
58	57	235	0.5	0	0	2/2	3	1	1/8		1/8	1		-5	37	Db2	2	643
58	57	235	1.0	0	0	2/2	2	1	1/4		1/4	1		-2	58	Bb3	3	640
58	57	235	1.0	0	0	2/2	2	1	1/4		1/4	1		1	67	G4	4	640
58	57	471/2	1.0	1/8	1/8	2/2	3	1	1/4		1/4	1		-5	49	Db3	3	644
58	57	236	1.0	1/4	1/4	2/2	2	1	1/4		1/4	1		-7	59	Cb4	4	641
58	57	236	1.0	1/4	1/4	2/2	2	1	1/4		1/4	1		-4	68	Ab4	4	641
58	57	473/2	0.5	3/8	3/8	2/2	3	1	1/8		1/8	1		-5	49	Db3	3	645
58	57	237	1.5	1/2	1/2	2/2	3	1	3/8		1/4	3/2		-1	53	F3	3	646
58	57	237	2.0	1/2	1/2	2/2	2	1	1/2		1/2	1		-10	62	Ebb4	4	642
58	57	237	2.0	1/2	1/2	2/2	2	1	1/2		1/2	1		-7	71	Cb5	5	642
58	57	477/2	0.5	7/8	7/8	2/2	3	1	1/8		1/8	1		-5	49	Db3	3	647
59	58	239	0.5	0	0	3/2	3	1	1/8		1/8	1		-8	40	Fb2	2	653
59	58	239	1.0	0	0	3/2	2	1	1/4		1/4	1		-2	58	Bb3	3	649
59	58	239	1.0	0	0	3/2	2	1	1/4		1/4	1		1	67	G4	4	649
59	58	479/2	0.5	1/8	1/8	3/2	3	1	1/8		1/8	1		-7	47	Cb3	3	654
59	58	240	0.5	1/4	1/4	3/2	3	1	1/8		1/8	1		-10	50	Ebb3	3	655
59	58	240	1.0	1/4	1/4	3/2	2	1	1/4		1/4	1		-7	59	Cb4	4	650
59	58	240	1.0	1/4	1/4	3/2	2	1	1/4		1/4	1		-4	68	Ab4	4	650
59	58	481/2	0.5	3/8	3/8	3/2	3	1	1/8		1/8	1		-4	56	Ab3	3	656
59	58	241	2.0	1/2	1/2	3/2	2	2	1/2		1/2	1		-10	62	Ebb4	4	652
59	58	241	4.0	1/2	1/2	3/2	2	1	1		1	1		-7	71	Cb5	5	651
59	58	483/2	0.5	5/8	5/8	3/2	3	1	1/8		1/8	1		-7	47	Cb3	3	657
59	58	242	0.5	3/4	3/4	3/2	3	1	1/8		1/8	1		-8	52	Fb3	3	658
59	58	485/2	0.5	7/8	7/8	3/2	3	1	1/8		1/8	1		-4	56	Ab3	3	659
59	58	243	0.5	1	1	3/2	3	1	1/8		1/8	1		0	60	C4	4	660
59	58	487/2	0.5	9/8	9/8	3/2	3	1	1/8		1/8	1		-10	62	Ebb4	4	661
59	58	244	1.0	5/4	5/4	3/2	1	1	1/4		1/4	1		-4	68	Ab4	4	648
59	58	244	1.0	5/4	5/4	3/2	3	1	1/4		1/4	1		-4	68	Ab4	4	662
60	59	245	4.0	0	0	2/2	3	1	1		1	1	1	-2	58	Bb3	3	669
60	59	245	4.0	0	0	2/2	3	1	1		1	1	1	-3	63	Eb4	4	669
60	59	245	2.0	0	0	2/2	1	1	1/2		1/2	1		0	72	C5	5	663
60	59	245	2.0	0	0	2/2	2	1	1/2		1/2	1		0	72	C5	5	666
60	59	245	2.0	0	0	2/2	2	1	1/2		1/2	1		-4	80	Ab5	5	666
60	59	247	1.0	1/2	1/2	2/2	1	1	1/4		1/4	1		-3	75	Eb5	5	664
60	59	247	1.0	1/2	1/2	2/2	2	1	1/4		1/4	1		-3	75	Eb5	5	667
60	59	247	1.0	1/2	1/2	2/2	2	1	1/4		1/4	1		0	84	C6	6	667
60	59	248	1.0	3/4	3/4	2/2	1	1	1/4		1/4	1		2	74	D5	5	665
60	59	248	1.0	3/4	3/4	2/2	2	1	1/4		1/4	1		2	74	D5	5	668
60	59	248	1.0	3/4	3/4	2/2	2	1	1/4		1/4	1		-2	82	Bb5	5	668
61	60	249	4.0	0	0	2/2	3	1	1		1	1	-1	-2	58	Bb3	3	674
61	60	249	4.0	0	0	2/2	3	1	1		1	1	-1	-3	63	Eb4	4	674
61	60	249	2.0	0	0	2/2	1	1	1/2		1/2	1		0	72	C5	5	670
61	60	249	2.0	0	0	2/2	2	1	1/2		1/2	1		0	72	C5	5	672
61	60	249	2.0	0	0	2/2	2	1	1/2		1/2	1		-4	80	Ab5	5	672
61	60	251	2.0	1/2	1/2	2/2	1	1	1/2		1/2	1		-2	70	Bb4	4	671
61	60	251	2.0	1/2	1/2	2/2	2	1	1/2		1/2	1		-2	70	Bb4	4	673
61	60	251	2.0	1/2	1/2	2/2	2	1	1/2		1/2	1		1	79	G5	5	673
62	61	253	4.0	0	0	2/2	3	1	1		1	1	1	-2	58	Bb3	3	683
62	61	253	4.0	0	0	2/2	3	1	1		1	1		-3	63	Eb4	4	683
62	61	253	1.0	0	0	2/2	1	1	1/4		1/4	1		3	69	A4	4	675
62	61	253	1.0	0	0	2/2	2	1	1/4		1/4	1		-6	78	Gb5	5	679
62	61	254	1.0	1/4	1/4	2/2	1	1	1/4		1/4	1		0	72	C5	5	676
62	61	254	1.0	1/4	1/4	2/2	2	1	1/4		1/4	1		-3	75	Eb5	5	680
62	61	255	1.0	1/2	1/2	2/2	2	1	1/4		1/4	1		0	72	C5	5	681
62	61	255	1.0	1/2	1/2	2/2	1	1	1/4		1/4	1		-3	75	Eb5	5	677
62	61	256	1.0	3/4	3/4	2/2	2	1	1/4		1/4	1		3	69	A4	4	682
62	61	256	1.0	3/4	3/4	2/2	1	1	1/4		1/4	1		-6	78	Gb5	5	678
63	62	257	4.0	0	0	2/2	3	2	1		1	1	-1	-2	58	Bb3	3	694
63	62	257	2.0	0	0	2/2	3	1	1/2		1/2	1		2	62	D4	4	692
63	62	257	1.0	0	0	2/2	2	1	1/4		1/4	1		-4	68	Ab4	4	688
63	62	257	1.0	0	0	2/2	1	1	1/4		1/4	1		-1	77	F5	5	684
63	62	258	1.0	1/4	1/4	2/2	2	1	1/4		1/4	1		0	72	C5	5	689
63	62	258	1.0	1/4	1/4	2/2	1	1	1/4		1/4	1		2	74	D5	5	685
63	62	259	2.0	1/2	1/2	2/2	3	1	1/2		1/2	1		-4	68	Ab4	4	693
63	62	259	1.0	1/2	1/2	2/2	1	1	1/4		1/4	1		0	72	C5	5	686
63	62	259	1.0	1/2	1/2	2/2	2	1	1/4		1/4	1		2	74	D5	5	690
63	62	260	1.0	3/4	3/4	2/2	1	1	1/4		1/4	1		-4	68	Ab4	4	687
63	62	260	1.0	3/4	3/4	2/2	2	1	1/4		1/4	1		-1	77	F5	5	691
64	63	261	1.0	0	0	2/2	3	1	1/4		1/4	1		-3	51	Eb3	3	701
64	63	261	2.0	0	0	2/2	1	1	1/2		1/2	1		1	67	G4	4	695
64	63	261	2.0	0	0	2/2	2	1	1/2		1/2	1		1	67	G4	4	698
64	63	261	2.0	0	0	2/2	2	1	1/2		1/2	1		-3	75	Eb5	5	698
64	63	262	1.0	1/4	1/4	2/2	3	1	1/4		1/4	1		-2	58	Bb3	3	702
64	63	263	1.0	1/2	1/2	2/2	3	1	1/4		1/4	1		-3	63	Eb4	4	703
64	63	263	1.0	1/2	1/2	2/2	1	1	1/4		1/4	1		6	66	F#4	4	696
64	63	263	1.0	1/2	1/2	2/2	2	1	1/4		1/4	1		6	66	F#4	4	699
64	63	263	1.0	1/2	1/2	2/2	2	1	1/4		1/4	1		2	74	D5	5	699
64	63	264	1.0	3/4	3/4	2/2	3	1	1/4		1/4	1		-2	58	Bb3	3	704
64	63	264	1.0	3/4	3/4	2/2	1	1	1/4		1/4	1		1	67	G4	4	697
64	63	264	1.0	3/4	3/4	2/2	2	1	1/4		1/4	1		1	67	G4	4	700
64	63	264	1.0	3/4	3/4	2/2	2	1	1/4		1/4	1		-3	75	Eb5	5	700
65	64	265	1.0	0	0	2/2	3	1	1/4		1/4	1		-3	63	Eb4	4	713
65	64	265	1.0	0	0	2/2	1	1	1/4		1/4	1		6	66	F#4	4	705
65	64	265	1.0	0	0	2/2	2	1	1/4		1/4	1		6	66	F#4	4	709
65	64	265	1.0	0	0	2/2	2	1	1/4		1/4	1		2	74	D5	5	709
65	64	266	1.0	1/4	1/4	2/2	3	1	1/4		1/4	1		-2	58	Bb3	3	714
65	64	266	1.0	1/4	1/4	2/2	1	1	1/4		1/4	1		1	67	G4	4	706
65	64	266	1.0	1/4	1/4	2/2	2	1	1/4		1/4	1		1	67	G4	4	710
65	64	266	1.0	1/4	1/4	2/2	2	1	1/4		1/4	1		-3	75	Eb5	5	710
65	64	267	2.0	1/2	1/2	2/2	3	1	1/2		1/2	1		-4	56	Ab3	3	715
65	64	267	1.0	1/2	1/2	2/2	1	1	1/4		1/4	1		2	74	D5	5	707
65	64	267	1.0	1/2	1/2	2/2	2	1	1/4		1/4	1		2	74	D5	5	711
65	64	267	1.0	1/2	1/2	2/2	2	1	1/4		1/4	1		-2	82	Bb5	5	711
65	64	268	1.0	3/4	3/4	2/2	1	1	1/4		1/4	1		0	72	C5	5	708
65	64	268	1.0	3/4	3/4	2/2	2	1	1/4		1/4	1		0	72	C5	5	712
65	64	268	1.0	3/4	3/4	2/2	2	1	1/4		1/4	1		-4	80	Ab5	5	712
66	65	269	4.0	0	0	2/2	3	2	1		1	1	1	-2	58	Bb3	3	726
66	65	269	4.0	0	0	2/2	3	1	1		1	1	1	-4	68	Ab4	4	725
66	65	269	1.0	0	0	2/2	1	1	1/4		1/4	1		-2	70	Bb4	4	716
66	65	269	4.0	0	0	2/2	2	2	1		1	1		2	74	D5	5	724
66	65	269	1.0	0	0	2/2	2	1	1/4		1/4	1		4	76	E5	5	720
66	65	270	1.0	1/4	1/4	2/2	1	1	1/4		1/4	1		-4	68	Ab4	4	717
66	65	270	1.0	1/4	1/4	2/2	2	1	1/4		1/4	1		-1	77	F5	5	721
66	65	271	1.0	1/2	1/2	2/2	1	1	1/4		1/4	1		4	64	E4	4	718
66	65	271	1.0	1/2	1/2	2/2	2	1	1/4		1/4	1		0	84	C6	6	722
66	65	272	1.0	3/4	3/4	2/2	1	1	1/4		1/4	1		-1	65	F4	4	719
66	65	272	1.0	3/4	3/4	2/2	2	1	1/4		1/4	1		-2	82	Bb5	5	723
67	66	273	4.0	0	0	2/2	3	2	1		1	1	-1	-2	58	Bb3	3	738
67	66	273	2.0	0	0	2/2	3	1	1/2		1/2	1	-1	-4	68	Ab4	4	736
67	66	273	1.0	0	0	2/2	1	1	1/4		1/4	1		-7	71	Cb5	5	727
67	66	273	4.0	0	0	2/2	2	2	1		1	1		2	74	D5	5	735
67	66	273	1.0	0	0	2/2	2	1	1/4		1/4	1		4	76	E5	5	731
67	66	274	1.0	1/4	1/4	2/2	1	1	1/4		1/4	1		-2	70	Bb4	4	728
67	66	274	1.0	1/4	1/4	2/2	2	1	1/4		1/4	1		-1	77	F5	5	732
67	66	275	1.0	1/2	1/2	2/2	1	1	1/4		1/4	1		6	66	F#4	4	729
67	66	275	2.0	1/2	1/2	2/2	3	1	1/2		1/2	1		3	69	A4	4	737
67	66	275	1.0	1/2	1/2	2/2	2	1	1/4		1/4	1		-7	83	Cb6	6	733
67	66	276	1.0	3/4	3/4	2/2	1	1	1/4		1/4	1		1	67	G4	4	730
67	66	276	1.0	3/4	3/4	2/2	2	1	1/4		1/4	1		-2	82	Bb5	5	734
68	67	277	4.0	0	0	2/2	3	2	1		1	1	1	-2	58	Bb3	3	751
68	67	277	2.0	0	0	2/2	3	1	1/2		1/2	1		-2	70	Bb4	4	748
68	67	277	1.0	0	0	2/2	1	1	1/4		1/4	1		2	74	D5	5	739
68	67	277	4.0	0	0	2/2	2	2	1		1	1		-3	75	Eb5	5	747
68	67	277	1.0	0	0	2/2	2	1	1/4		1/4	1		6	78	F#5	5	743
68	67	278	1.0	1/4	1/4	2/2	1	1	1/4		1/4	1		0	72	C5	5	740
68	67	278	1.0	1/4	1/4	2/2	2	1	1/4		1/4	1		1	79	G5	5	744
68	67	279	1.0	1/2	1/2	2/2	1	1	1/4		1/4	1		1	67	G4	4	741
68	67	279	1.0	1/2	1/2	2/2	3	1	1/4		1/4	1		5	71	B4	4	749
68	67	279	1.0	1/2	1/2	2/2	2	1	1/4		1/4	1		2	86	D6	6	745
68	67	280	1.0	3/4	3/4	2/2	1	1	1/4		1/4	1		-4	68	Ab4	4	742
68	67	280	1.0	3/4	3/4	2/2	3	1	1/4		1/4	1		0	72	C5	5	750
68	67	280	1.0	3/4	3/4	2/2	2	1	1/4		1/4	1		0	84	C6	6	746
69	68	281	4.0	0	0	2/2	3	2	1		1	1	-1	-2	58	Bb3	3	765
69	68	281	4.0	0	0	2/2	2	2	1		1	1		-4	68	Ab4	4	760
69	68	281	1.0	0	0	2/2	2	1	1/4		1/4	1		5	71	B4	4	756
69	68	281	1.0	0	0	2/2	3	1	1/4		1/4	1		2	74	D5	5	761
69	68	281	1.0	0	0	2/2	1	1	1/4		1/4	1		-1	77	F5	5	752
69	68	282	1.0	1/4	1/4	2/2	2	1	1/4		1/4	1		0	72	C5	5	757
69	68	282	1.0	1/4	1/4	2/2	1	1	1/4		1/4	1		-3	75	Eb5	5	753
69	68	282	1.0	1/4	1/4	2/2	3	1	1/4		1/4	1		-3	75	Eb5	5	762
69	68	283	1.0	1/2	1/2	2/2	1	1	1/4		1/4	1		2	74	D5	5	754
69	68	283	1.0	1/2	1/2	2/2	3	1	1/4		1/4	1		4	76	E5	5	763
69	68	283	1.0	1/2	1/2	2/2	2	1	1/4		1/4	1		-2	82	Bb5	5	758
69	68	284	1.0	3/4	3/4	2/2	1	1	1/4		1/4	1		0	72	C5	5	755
69	68	284	1.0	3/4	3/4	2/2	3	1	1/4		1/4	1		-1	77	F5	5	764
69	68	284	1.0	3/4	3/4	2/2	2	1	1/4		1/4	1		-4	80	Ab5	5	759
70	69	285	0.5	0	0	2/2	3	1	1/8		1/8	1		-3	39	Eb2	2	770
70	69	285	2.0	0	0	2/2	2	1	1/2		1/2	1		-2	58	Bb3	3	767
70	69	285	2.0	0	0	2/2	2	1	1/2		1/2	1		1	67	G4	4	767
70	69	285	4.0	0	0	2/2	1	1	1		1	1		-2	70	Bb4	4	766
70	69	571/2	1.0	1/8	1/8	2/2	3	1	1/4		1/4	1		-2	46	Bb2	2	771
70	69	573/2	0.5	3/8	3/8	2/2	3	1	1/8		1/8	1		-2	46	Bb2	2	772
70	69	287	0.5	1/2	1/2	2/2	3	1	1/8		1/8	1		-3	51	Eb3	3	773
70	69	287	1.0	1/2	1/2	2/2	2	1	1/4		1/4	1		3	57	A3	3	768
70	69	287	1.0	1/2	1/2	2/2	2	1	1/4		1/4	1		6	66	F#4	4	768
70	69	575/2	1.0	5/8	5/8	2/2	3	1	1/4		1/4	1		-2	46	Bb2	2	774
70	69	288	1.0	3/4	3/4	2/2	2	1	1/4		1/4	1		-2	58	Bb3	3	769
70	69	288	1.0	3/4	3/4	2/2	2	1	1/4		1/4	1		1	67	G4	4	769
70	69	577/2	0.5	7/8	7/8	2/2	3	1	1/8		1/8	1		-2	46	Bb2	2	775
71	70	289	0.5	0	0	2/2	3	1	1/8		1/8	1		-3	51	Eb3	3	779
71	70	289	1.0	0	0	2/2	2	1	1/4		1/4	1		3	57	A3	3	776
71	70	289	1.0	0	0	2/2	2	1	1/4		1/4	1		6	66	F#4	4	776
71	70	579/2	1.0	1/8	1/8	2/2	3	1	1/4		1/4	1		-2	46	Bb2	2	780
71	70	290	1.0	1/4	1/4	2/2	2	1	1/4		1/4	1		-2	58	Bb3	3	777
71	70	290	1.0	1/4	1/4	2/2	2	1	1/4		1/4	1		1	67	G4	4	777
71	70	581/2	0.5	3/8	3/8	2/2	3	1	1/8		1/8	1		-2	46	Bb2	2	781
71	70	291	2.0	1/2	1/2	2/2	3	1	1/2		1/2	1	1	-3	51	Eb3	3	782
71	70	291	2.0	1/2	1/2	2/2	2	1	1/2		1/2	1	1	0	60	C4	4	778
71	70	291	2.0	1/2	1/2	2/2	2	1	1/2		1/2	1	1	-4	68	Ab4	4	778
72	71	293	1.0	0	0	2/2	3	1	1/4		1/4	1	-1	-3	51	Eb3	3	785
72	71	293	2.0	0	0	2/2	2	1	1/2		1/2	1	-1	0	60	C4	4	783
72	71	293	2.0	0	0	2/2	2	1	1/2		1/2	1	-1	-4	68	Ab4	4	783
72	71	294	1.0	1/4	1/4	2/2	3	1	1/4		1/4	1		-2	46	Bb2	2	786
72	71	295	2.0	1/2	1/2	2/2	3	1	1/2		1/2	1		-3	39	Eb2	2	787
72	71	295	2.0	1/2	1/2	2/2	2	1	1/2		1/2	1		-2	58	Bb3	3	784
72	71	295	2.0	1/2	1/2	2/2	2	1	1/2		1/2	1		1	67	G4	4	784
